method,dataset,seed,epoch,global_epoch,elapsed_time,soft_acc,discrete_acc,soft_loss,discrete_loss,native_acc,native_loss,selection_confidence,tau,block,block_elapsed_time
dlgn,parity8,0,1,1,0.13527890318073332,0.59375,0.5,4.590538024902344,214.09500122070312,0.59375,4.590538024902344,0.2504616975784302,1.0,,
dlgn,parity8,0,2,2,0.15928209316916764,0.40625,0.515625,4.02931022644043,165.65748596191406,0.40625,4.02931022644043,0.25038403272628784,1.0,,
dlgn,parity8,0,3,3,0.18323625018820167,0.59375,0.5,1.937193512916565,214.09500122070312,0.59375,1.937193512916565,0.2503155767917633,1.0,,
dlgn,parity8,0,4,4,0.20883427211083472,0.515625,0.46875,0.8294122219085693,217.20916748046875,0.515625,0.8294122219085693,0.25025999546051025,1.0,,
dlgn,parity8,0,5,5,0.23192170914262533,0.40625,0.4375,2.2469136714935303,212.54331970214844,0.40625,2.2469136714935303,0.25022464990615845,1.0,,
dlgn,parity8,0,6,6,0.2548934849910438,0.59375,0.4375,1.2367911338806152,212.54331970214844,0.59375,1.2367911338806152,0.2502070367336273,1.0,,
dlgn,parity8,0,7,7,0.2790571430232376,0.40625,0.4375,1.90436851978302,206.28250122070312,0.40625,1.90436851978302,0.2501956522464752,1.0,,
dlgn,parity8,0,8,8,0.30254510417580605,0.59375,0.4375,0.7824609875679016,206.28250122070312,0.59375,0.7824609875679016,0.25018420815467834,1.0,,
dlgn,parity8,0,9,9,0.32722519617527723,0.46875,0.4375,0.8710046410560608,206.28250122070312,0.46875,0.8710046410560608,0.25017911195755005,1.0,,
dlgn,parity8,0,10,10,0.3534114230424166,0.40625,0.4375,0.9874836206436157,206.28250122070312,0.40625,0.9874836206436157,0.2501731514930725,1.0,,
dlgn,parity8,0,11,11,0.37638485711067915,0.578125,0.4375,0.7967744469642639,206.28250122070312,0.578125,0.7967744469642639,0.2501727342605591,1.0,,
dlgn,parity8,0,12,12,0.40265343012288213,0.40625,0.453125,1.5555808544158936,203.15750122070312,0.40625,1.5555808544158936,0.25018298625946045,1.0,,
dlgn,parity8,0,13,13,0.42654697806574404,0.59375,0.453125,0.9183752536773682,203.15750122070312,0.59375,0.9183752536773682,0.2501875162124634,1.0,,
dlgn,parity8,0,14,14,0.44998428714461625,0.40625,0.453125,1.2754740715026855,198.47000122070312,0.40625,1.2754740715026855,0.25020158290863037,1.0,,
dlgn,parity8,0,15,15,0.47369676316156983,0.5625,0.484375,0.744287371635437,182.8558349609375,0.5625,0.744287371635437,0.25022298097610474,1.0,,
dlgn,parity8,0,16,16,0.4978559410665184,0.40625,0.484375,1.1041078567504883,182.8558349609375,0.40625,1.1041078567504883,0.25025659799575806,1.0,,
dlgn,parity8,0,17,17,0.5206720000132918,0.578125,0.484375,0.7332010865211487,182.8558349609375,0.578125,0.7332010865211487,0.2502897381782532,1.0,,
dlgn,parity8,0,18,18,0.5451245519798249,0.40625,0.484375,1.248835563659668,182.8558349609375,0.40625,1.248835563659668,0.25032806396484375,1.0,,
dlgn,parity8,0,19,19,0.5688097141683102,0.59375,0.515625,0.7998268604278564,192.26333618164062,0.59375,0.7998268604278564,0.25036102533340454,1.0,,
dlgn,parity8,0,20,20,0.5928313741460443,0.40625,0.515625,1.327012300491333,192.26333618164062,0.40625,1.327012300491333,0.2504083514213562,1.0,,
dlgn,parity8,0,21,21,0.6156200931873173,0.578125,0.515625,0.7628470659255981,192.26333618164062,0.578125,0.7628470659255981,0.2504444122314453,1.0,,
dlgn,parity8,0,22,22,0.6386285750195384,0.40625,0.515625,1.0877801179885864,195.39915466308594,0.40625,1.0877801179885864,0.2504870295524597,1.0,,
dlgn,parity8,0,23,23,0.6631043571978807,0.390625,0.515625,0.7729870676994324,192.24166870117188,0.390625,0.7729870676994324,0.25052911043167114,1.0,,
dlgn,parity8,0,24,24,0.6870958521030843,0.390625,0.515625,0.9003347158432007,192.24166870117188,0.390625,0.9003347158432007,0.250573992729187,1.0,,
dlgn,parity8,0,25,25,0.7118207020685077,0.578125,0.515625,0.7747864723205566,192.24166870117188,0.578125,0.7747864723205566,0.2506127655506134,1.0,,
dlgn,parity8,0,26,26,0.7372014601714909,0.40625,0.5,1.115687608718872,182.83416748046875,0.40625,1.115687608718872,0.250657856464386,1.0,,
dlgn,parity8,0,27,27,0.7612919821403921,0.5,0.5,0.7787301540374756,182.83416748046875,0.5,0.7787301540374756,0.2506885230541229,1.0,,
dlgn,parity8,0,28,28,0.7863252661190927,0.40625,0.5,1.1726304292678833,178.15748596191406,0.40625,1.1726304292678833,0.25073468685150146,1.0,,
dlgn,parity8,0,29,29,0.8103635921142995,0.578125,0.5,0.8093718886375427,182.83416748046875,0.578125,0.8093718886375427,0.25076723098754883,1.0,,
dlgn,parity8,0,30,30,0.8337624270934612,0.40625,0.5,1.4741815328598022,178.15748596191406,0.40625,1.4741815328598022,0.250806987285614,1.0,,
dlgn,parity8,0,31,31,0.8570408700034022,0.578125,0.5,0.86534184217453,182.83416748046875,0.578125,0.86534184217453,0.2508286237716675,1.0,,
dlgn,parity8,0,32,32,0.8815553411841393,0.40625,0.5,1.4147018194198608,178.15748596191406,0.40625,1.4147018194198608,0.2508642375469208,1.0,,
dlgn,parity8,0,33,33,0.9051654171198606,0.59375,0.484375,0.9134378433227539,181.29331970214844,0.59375,0.9134378433227539,0.25088512897491455,1.0,,
dlgn,parity8,0,34,34,0.9304216511081904,0.40625,0.5,1.2578119039535522,178.15748596191406,0.40625,1.2578119039535522,0.250917911529541,1.0,,
dlgn,parity8,0,35,35,0.9540820561815053,0.578125,0.484375,0.8744967579841614,181.29331970214844,0.578125,0.8744967579841614,0.2509309947490692,1.0,,
dlgn,parity8,0,36,36,0.9778580621350557,0.40625,0.484375,1.1348212957382202,176.60581970214844,0.40625,1.1348212957382202,0.25095444917678833,1.0,,
dlgn,parity8,0,37,37,1.0029827980324626,0.546875,0.5,0.8320868015289307,195.3558349609375,0.546875,0.8320868015289307,0.2509703040122986,1.0,,
dlgn,parity8,0,38,38,1.0269086891785264,0.40625,0.53125,1.1591616868972778,189.1058349609375,0.40625,1.1591616868972778,0.2509921193122864,1.0,,
dlgn,parity8,0,39,39,1.0499752461910248,0.421875,0.515625,0.8155993819236755,192.24166870117188,0.421875,0.8155993819236755,0.2510049343109131,1.0,,
dlgn,parity8,0,40,40,1.0734179050195962,0.265625,0.515625,0.8800580501556396,192.24166870117188,0.265625,0.8800580501556396,0.2510218620300293,1.0,,
dlgn,parity8,0,41,41,1.0982203290332109,0.375,0.515625,0.8220999836921692,192.24166870117188,0.375,0.8220999836921692,0.25103792548179626,1.0,,
dlgn,parity8,0,42,42,1.1295230111572891,0.28125,0.515625,0.9068180918693542,176.6274871826172,0.28125,0.9068180918693542,0.25105661153793335,1.0,,
dlgn,parity8,0,43,43,1.1538105031941086,0.28125,0.5,0.8630003929138184,182.85581970214844,0.28125,0.8630003929138184,0.2510836124420166,1.0,,
dlgn,parity8,0,44,44,1.1778844161890447,0.296875,0.5,0.8990592956542969,178.1791534423828,0.296875,0.8990592956542969,0.25111445784568787,1.0,,
dlgn,parity8,0,45,45,1.201873378129676,0.515625,0.5,0.8329076170921326,178.1791534423828,0.515625,0.8329076170921326,0.2511458992958069,1.0,,
dlgn,parity8,0,46,46,1.2266631841193885,0.28125,0.5,0.8878564238548279,178.1791534423828,0.28125,0.8878564238548279,0.25117945671081543,1.0,,
dlgn,parity8,0,47,47,1.2515546381473541,0.484375,0.5,0.8175468444824219,178.1791534423828,0.484375,0.8175468444824219,0.2512141466140747,1.0,,
dlgn,parity8,0,48,48,1.2752964030951262,0.28125,0.5,0.8841835260391235,171.90750122070312,0.28125,0.8841835260391235,0.2512422204017639,1.0,,
dlgn,parity8,0,49,49,1.3005684851668775,0.375,0.515625,0.9986483454704285,173.4808349609375,0.375,0.9986483454704285,0.2512788772583008,1.0,,
dlgn,parity8,0,50,50,1.3246691660024226,0.59375,0.46875,0.9832974672317505,179.74166870117188,0.59375,0.9832974672317505,0.2513161301612854,1.0,,
dlgn,parity8,0,51,51,1.3479467211291194,0.40625,0.515625,1.3417177200317383,173.4808349609375,0.40625,1.3417177200317383,0.2513708770275116,1.0,,
dlgn,parity8,0,52,52,1.3707826861646026,0.296875,0.546875,0.8629972338676453,173.47000122070312,0.296875,0.8629972338676453,0.2514161467552185,1.0,,
dlgn,parity8,0,53,53,1.3950504180975258,0.390625,0.53125,0.8308967351913452,176.58416748046875,0.390625,0.8308967351913452,0.251473069190979,1.0,,
dlgn,parity8,0,54,54,1.4197055590339005,0.296875,0.53125,0.8891646265983582,176.58416748046875,0.296875,0.8891646265983582,0.25153449177742004,1.0,,
dlgn,parity8,0,55,55,1.4443402839824557,0.40625,0.53125,1.0753061771392822,176.58416748046875,0.40625,1.0753061771392822,0.251593679189682,1.0,,
dlgn,parity8,0,56,56,1.4681635450106114,0.28125,0.515625,0.8840969800949097,178.14666748046875,0.28125,0.8840969800949097,0.25165194272994995,1.0,,
dlgn,parity8,0,57,57,1.4905568300746381,0.5,0.515625,0.8336338996887207,178.14666748046875,0.5,0.8336338996887207,0.25170695781707764,1.0,,
dlgn,parity8,0,58,58,1.5130641770083457,0.40625,0.5,1.3865350484848022,178.14666748046875,0.40625,1.3865350484848022,0.2517697811126709,1.0,,
dlgn,parity8,0,59,59,1.5356798490975052,0.59375,0.46875,0.9974309206008911,184.38583374023438,0.59375,0.9974309206008911,0.2518205940723419,1.0,,
dlgn,parity8,0,60,60,1.55986618809402,0.40625,0.515625,1.155764102935791,176.58416748046875,0.40625,1.155764102935791,0.2518807053565979,1.0,,
dlgn,parity8,0,61,61,1.5841432600282133,0.28125,0.515625,0.8543292284011841,176.58416748046875,0.28125,0.8543292284011841,0.2519236207008362,1.0,,
dlgn,parity8,0,62,62,1.6088079169858247,0.296875,0.515625,0.9920225143432617,176.58416748046875,0.296875,0.9920225143432617,0.2519714832305908,1.0,,
dlgn,parity8,0,63,63,1.6344446041621268,0.5,0.515625,0.8545704483985901,176.58416748046875,0.5,0.8545704483985901,0.25201311707496643,1.0,,
dlgn,parity8,0,64,64,1.6582272490486503,0.28125,0.515625,0.9607605338096619,176.58416748046875,0.28125,0.9607605338096619,0.2520647346973419,1.0,,
dlgn,parity8,0,65,65,1.6821664599701762,0.3125,0.515625,0.897612452507019,176.58416748046875,0.3125,0.897612452507019,0.25212007761001587,1.0,,
dlgn,parity8,0,66,66,1.7056925960350782,0.40625,0.515625,1.1454659700393677,176.58416748046875,0.40625,1.1454659700393677,0.25217217206954956,1.0,,
dlgn,parity8,0,67,67,1.7296034470200539,0.40625,0.515625,1.275602102279663,176.58416748046875,0.40625,1.275602102279663,0.2522290050983429,1.0,,
dlgn,parity8,0,68,68,1.7534755021333694,0.40625,0.53125,0.8556612133979797,170.34498596191406,0.40625,0.8556612133979797,0.2522837817668915,1.0,,
dlgn,parity8,0,69,69,1.7780872860457748,0.40625,0.53125,1.158644199371338,170.34498596191406,0.40625,1.158644199371338,0.2523432970046997,1.0,,
dlgn,parity8,0,70,70,1.801311891991645,0.265625,0.53125,1.0053297281265259,170.34498596191406,0.265625,1.0053297281265259,0.25239306688308716,1.0,,
dlgn,parity8,0,71,71,1.826533637009561,0.265625,0.515625,0.9262964725494385,165.68997192382812,0.265625,0.9262964725494385,0.2524372339248657,1.0,,
dlgn,parity8,0,72,72,1.8502294800709933,0.296875,0.515625,0.8967881202697754,165.68997192382812,0.296875,0.8967881202697754,0.25248926877975464,1.0,,
dlgn,parity8,0,73,73,1.87496192404069,0.34375,0.515625,0.8728471994400024,168.77166748046875,0.34375,0.8728471994400024,0.25253504514694214,1.0,,
dlgn,parity8,0,74,74,1.899379258044064,0.234375,0.515625,0.9330801367759705,168.77166748046875,0.234375,0.9330801367759705,0.2525864243507385,1.0,,
dlgn,parity8,0,75,75,1.923530955100432,0.53125,0.515625,0.8884261250495911,168.77166748046875,0.53125,0.8884261250495911,0.2526460289955139,1.0,,
dlgn,parity8,0,76,76,1.9491271320730448,0.515625,0.515625,0.8880089521408081,168.77166748046875,0.515625,0.8880089521408081,0.2527061700820923,1.0,,
dlgn,parity8,0,77,77,1.972339227097109,0.40625,0.515625,1.1276822090148926,168.77166748046875,0.40625,1.1276822090148926,0.252761572599411,1.0,,
dlgn,parity8,0,78,78,1.9963989821262658,0.390625,0.515625,1.085118293762207,168.77166748046875,0.390625,1.085118293762207,0.2528144419193268,1.0,,
dlgn,parity8,0,79,79,2.01924726809375,0.28125,0.5,1.0498695373535156,171.90750122070312,0.28125,1.0498695373535156,0.2528671622276306,1.0,,
dlgn,parity8,0,80,80,2.0442613791674376,0.234375,0.5,0.9507142305374146,171.90750122070312,0.234375,0.9507142305374146,0.25291961431503296,1.0,,
dlgn,parity8,0,81,81,2.0681486511603,0.421875,0.5,0.8824860453605652,171.90750122070312,0.421875,0.8824860453605652,0.2529696822166443,1.0,,
dlgn,parity8,0,82,82,2.0916814950760454,0.265625,0.5,0.9326399564743042,171.90750122070312,0.265625,0.9326399564743042,0.25303009152412415,1.0,,
dlgn,parity8,0,83,83,2.116650019073859,0.40625,0.5,1.1085373163223267,171.90750122070312,0.40625,1.1085373163223267,0.25309228897094727,1.0,,
dlgn,parity8,0,84,84,2.142069023102522,0.5625,0.5,0.9621476531028748,171.90750122070312,0.5625,0.9621476531028748,0.25315696001052856,1.0,,
dlgn,parity8,0,85,85,2.165615231031552,0.40625,0.5,1.2077654600143433,171.90750122070312,0.40625,1.2077654600143433,0.25322970747947693,1.0,,
dlgn,parity8,0,86,86,2.1885523260571063,0.28125,0.5,0.9335553646087646,171.90750122070312,0.28125,0.9335553646087646,0.2533018887042999,1.0,,
dlgn,parity8,0,87,87,2.2115854520816356,0.328125,0.5,0.9137073755264282,171.90750122070312,0.328125,0.9137073755264282,0.25336331129074097,1.0,,
dlgn,parity8,0,88,88,2.2354340741876513,0.40625,0.5,1.8099162578582764,171.90750122070312,0.40625,1.8099162578582764,0.253429651260376,1.0,,
dlgn,parity8,0,89,89,2.2591187830548733,0.59375,0.46875,1.3668558597564697,185.94833374023438,0.59375,1.3668558597564697,0.25349095463752747,1.0,,
dlgn,parity8,0,90,90,2.2824893060605973,0.40625,0.5,2.841384172439575,171.90750122070312,0.40625,2.841384172439575,0.25357380509376526,1.0,,
dlgn,parity8,0,91,91,2.305494086118415,0.59375,0.484375,1.3084123134613037,176.58416748046875,0.59375,1.3084123134613037,0.25365403294563293,1.0,,
dlgn,parity8,0,92,92,2.329143851995468,0.40625,0.5,2.0380702018737793,171.90750122070312,0.40625,2.0380702018737793,0.25376278162002563,1.0,,
dlgn,parity8,0,93,93,2.353531792992726,0.59375,0.46875,1.1484034061431885,178.125,0.59375,1.1484034061431885,0.2538812458515167,1.0,,
dlgn,parity8,0,94,94,2.377685443032533,0.40625,0.46875,1.7609272003173828,178.125,0.40625,1.7609272003173828,0.25401103496551514,1.0,,
dlgn,parity8,0,95,95,2.401603750186041,0.59375,0.5,1.3530409336090088,192.20916748046875,0.59375,1.3530409336090088,0.2541436553001404,1.0,,
dlgn,parity8,0,96,96,2.424847671063617,0.40625,0.484375,2.4103031158447266,153.2008056640625,0.40625,2.4103031158447266,0.2542816400527954,1.0,,
dlgn,parity8,0,97,97,2.4478222571779042,0.5625,0.5,1.110927939414978,192.22000122070312,0.5625,1.110927939414978,0.25442084670066833,1.0,,
dlgn,parity8,0,98,98,2.4734486951492727,0.40625,0.5,1.5462604761123657,179.73081970214844,0.40625,1.5462604761123657,0.2545524537563324,1.0,,
dlgn,parity8,0,99,99,2.4981030381750315,0.5625,0.546875,1.1472761631011963,167.22000122070312,0.5625,1.1472761631011963,0.2546600103378296,1.0,,
dlgn,parity8,0,100,100,2.523120956029743,0.40625,0.53125,1.8404842615127563,176.6166534423828,0.40625,1.8404842615127563,0.2547570466995239,1.0,,
dlgn,parity8,0,101,101,2.547652579145506,0.546875,0.546875,1.099005103111267,162.53250122070312,0.546875,1.099005103111267,0.2548273503780365,1.0,,
dlgn,parity8,0,102,102,2.5711231550667435,0.40625,0.53125,1.7141064405441284,176.6166534423828,0.40625,1.7141064405441284,0.2548833191394806,1.0,,
dlgn,parity8,0,103,103,2.594204641180113,0.4375,0.484375,1.0583155155181885,164.14913940429688,0.4375,1.0583155155181885,0.2549167275428772,1.0,,
dlgn,parity8,0,104,104,2.618389666080475,0.21875,0.484375,1.19115149974823,164.14913940429688,0.21875,1.19115149974823,0.2549334764480591,1.0,,
dlgn,parity8,0,105,105,2.6439255659934133,0.328125,0.484375,1.0407651662826538,164.14913940429688,0.328125,1.0407651662826538,0.25494617223739624,1.0,,
dlgn,parity8,0,106,106,2.6693859989754856,0.21875,0.5,1.1368149518966675,168.8258056640625,0.21875,1.1368149518966675,0.25495457649230957,1.0,,
dlgn,parity8,0,107,107,2.6925708311609924,0.21875,0.5,1.1392488479614258,168.8258056640625,0.21875,1.1392488479614258,0.2549561858177185,1.0,,
dlgn,parity8,0,108,108,2.7173759071156383,0.28125,0.5,1.0740127563476562,168.8258056640625,0.28125,1.0740127563476562,0.25493937730789185,1.0,,
dlgn,parity8,0,109,109,2.741259747184813,0.3125,0.5,1.0292855501174927,168.8258056640625,0.3125,1.0292855501174927,0.2549207806587219,1.0,,
dlgn,parity8,0,110,110,2.765329709975049,0.359375,0.5,1.0085269212722778,168.8258056640625,0.359375,1.0085269212722778,0.25489968061447144,1.0,,
dlgn,parity8,0,111,111,2.7884708791971207,0.171875,0.5,1.1511448621749878,168.8258056640625,0.171875,1.1511448621749878,0.25486844778060913,1.0,,
dlgn,parity8,0,112,112,2.811477128183469,0.34375,0.46875,1.013630747795105,187.54331970214844,0.34375,1.013630747795105,0.2548394799232483,1.0,,
dlgn,parity8,0,113,113,2.8359024131204933,0.3125,0.484375,1.0266270637512207,184.41831970214844,0.3125,1.0266270637512207,0.25482457876205444,1.0,,
dlgn,parity8,0,114,114,2.859502403996885,0.40625,0.5,1.6601312160491943,207.8558349609375,0.40625,1.6601312160491943,0.2548079192638397,1.0,,
dlgn,parity8,0,115,115,2.8833742460701615,0.5625,0.484375,1.1362202167510986,185.98081970214844,0.5625,1.1362202167510986,0.2548011243343353,1.0,,
dlgn,parity8,0,116,116,2.90751887508668,0.34375,0.46875,1.2650792598724365,187.58665466308594,0.34375,1.2650792598724365,0.25482505559921265,1.0,,
dlgn,parity8,0,117,117,2.9307956660632044,0.203125,0.453125,1.0993589162826538,172.0157928466797,0.203125,1.0993589162826538,0.2548544406890869,1.0,,
dlgn,parity8,0,118,118,2.9534047301858664,0.421875,0.453125,1.0011935234069824,172.0157928466797,0.421875,1.0011935234069824,0.25489237904548645,1.0,,
dlgn,parity8,0,119,119,2.977102020988241,0.40625,0.453125,2.233372688293457,198.52413940429688,0.40625,2.233372688293457,0.2549368739128113,1.0,,
dlgn,parity8,0,120,120,3.0014176280237734,0.59375,0.453125,1.3755781650543213,175.15162658691406,0.59375,1.3755781650543213,0.254977822303772,1.0,,
dlgn_anneal,parity8,0,1,1,0.024935069028288126,0.59375,0.484375,3.3227977752685547,190.69000244140625,0.59375,3.3227977752685547,0.25045421719551086,2.0,,
dlgn_anneal,parity8,0,2,2,0.04882790497504175,0.40625,0.515625,4.254865646362305,150.02166748046875,0.40625,4.254865646362305,0.25051766633987427,1.961673089081334,,
dlgn_anneal,parity8,0,3,3,0.07295619393698871,0.40625,0.5,4.7187066078186035,156.27166748046875,0.40625,4.7187066078186035,0.2504933476448059,1.9240806542129518,,
dlgn_anneal,parity8,0,4,4,0.09712544083595276,0.59375,0.5,0.9367079138755798,168.8041534423828,0.59375,0.9367079138755798,0.25041264295578003,1.8872086202957776,,
dlgn_anneal,parity8,0,5,5,0.1211944839451462,0.59375,0.5,1.804390788078308,161.00247192382812,0.59375,1.804390788078308,0.2503936290740967,1.8510431819582702,,
dlgn_anneal,parity8,0,6,6,0.1451764719095081,0.40625,0.515625,1.7766504287719727,154.70916748046875,0.40625,1.7766504287719727,0.25045061111450195,1.815570798387511,,
dlgn_anneal,parity8,0,7,7,0.16956120682880282,0.40625,0.515625,2.381169557571411,153.16831970214844,0.40625,2.381169557571411,0.25046098232269287,1.7807781882593463,,
dlgn_anneal,parity8,0,8,8,0.19395446497946978,0.59375,0.5,1.0933635234832764,190.64666748046875,0.59375,1.0933635234832764,0.2504251003265381,1.7466523247656867,,
dlgn_anneal,parity8,0,9,9,0.21795284701511264,0.59375,0.546875,1.0383152961730957,171.9183349609375,0.59375,1.0383152961730957,0.2504296898841858,1.713180430737099,,
dlgn_anneal,parity8,0,10,10,0.24474505591206253,0.40625,0.5625,1.9596288204193115,123.49165344238281,0.40625,1.9596288204193115,0.2504688501358032,1.6803499738588679,,
dlgn_anneal,parity8,0,11,11,0.2702291919849813,0.40625,0.59375,0.9144197702407837,129.75247192382812,0.40625,0.9144197702407837,0.2504594027996063,1.648148661978732,,
dlgn_anneal,parity8,0,12,12,0.2946566119790077,0.59375,0.546875,1.2537375688552856,184.38583374023438,0.59375,1.2537375688552856,0.2504234313964844,1.6165644385045432,,
dlgn_anneal,parity8,0,13,13,0.3185979309491813,0.40625,0.578125,1.309394121170044,126.60581970214844,0.40625,1.309394121170044,0.25042083859443665,1.58558547789012,,
dlgn_anneal,parity8,0,14,14,0.34257224295288324,0.40625,0.578125,1.093332052230835,126.60581970214844,0.40625,1.093332052230835,0.2504018545150757,1.5552001812076075,,
dlgn_anneal,parity8,0,15,15,0.3667447918560356,0.59375,0.546875,1.0026131868362427,173.4808349609375,0.59375,1.0026131868362427,0.25038039684295654,1.5253971718046888,,
dlgn_anneal,parity8,0,16,16,0.39090118696913123,0.40625,0.5625,1.309997797012329,142.28497314453125,0.40625,1.309997797012329,0.2504011392593384,1.4961652910450172,,
dlgn_anneal,parity8,0,17,17,0.41474964702501893,0.40625,0.59375,0.7502123117446899,171.89666748046875,0.40625,0.7502123117446899,0.25040343403816223,1.467493594130276,,
dlgn_anneal,parity8,0,18,18,0.43845427595078945,0.59375,0.59375,0.7875703573226929,171.89666748046875,0.59375,0.7875703573226929,0.25040072202682495,1.439371346002304,,
dlgn_anneal,parity8,0,19,19,0.462337814969942,0.40625,0.59375,1.2844246625900269,171.89666748046875,0.40625,1.2844246625900269,0.2504100501537323,1.4117880173237487,,
dlgn_anneal,parity8,0,20,20,0.48629530891776085,0.59375,0.59375,0.7845274806022644,171.89666748046875,0.59375,0.7845274806022644,0.2503933310508728,1.384733280535745,,
dlgn_anneal,parity8,0,21,21,0.5104607148095965,0.40625,0.59375,0.985063374042511,171.89666748046875,0.40625,0.985063374042511,0.25039035081863403,1.3581970059911423,,
dlgn_anneal,parity8,0,22,22,0.5345270719844848,0.578125,0.59375,0.7059879302978516,175.02166748046875,0.578125,0.7059879302978516,0.250365287065506,1.3321692581618316,,
dlgn_anneal,parity8,0,23,23,0.5582840768620372,0.40625,0.5625,0.9180729389190674,190.66831970214844,0.40625,0.9180729389190674,0.2503480613231659,1.3066402919187547,,
dlgn_anneal,parity8,0,24,24,0.5825000039767474,0.578125,0.5,0.7215389013290405,200.05416870117188,0.578125,0.7215389013290405,0.25033456087112427,1.2816005488831999,,
dlgn_anneal,parity8,0,25,25,0.6067696989048272,0.40625,0.484375,0.7383026480674744,207.84500122070312,0.40625,0.7383026480674744,0.2503319978713989,1.2570406538480199,,
dlgn_anneal,parity8,0,26,26,0.6306027749087662,0.390625,0.484375,0.8491571545600891,207.84500122070312,0.390625,0.8491571545600891,0.2503455877304077,1.2329514112674327,,
dlgn_anneal,parity8,0,27,27,0.654316124971956,0.359375,0.484375,0.7592307925224304,207.84500122070312,0.359375,0.7592307925224304,0.2503431439399719,1.2093238018140875,,
dlgn_anneal,parity8,0,28,28,0.6781937859486789,0.375,0.484375,0.8812783360481262,207.84500122070312,0.375,0.8812783360481262,0.2503538131713867,1.186148979002112,,
dlgn_anneal,parity8,0,29,29,0.7017942778766155,0.28125,0.484375,0.8238832950592041,207.84500122070312,0.28125,0.8238832950592041,0.25034958124160767,1.1634182658748717,,
dlgn_anneal,parity8,0,30,30,0.725536422803998,0.40625,0.5,1.0689454078674316,198.50250244140625,0.40625,1.0689454078674316,0.25034546852111816,1.1411231517562042,,
dlgn_anneal,parity8,0,31,31,0.7492646379396319,0.34375,0.5,0.9262511730194092,210.9808349609375,0.34375,0.9262511730194092,0.250348299741745,1.1192552890639105,,
dlgn_anneal,parity8,0,32,32,0.7730625970289111,0.34375,0.5,0.8162900805473328,210.9808349609375,0.34375,0.8162900805473328,0.2503634989261627,1.0978064901843114,,
dlgn_anneal,parity8,0,33,33,0.7970315900165588,0.3125,0.5,0.8844881653785706,198.50250244140625,0.3125,0.8844881653785706,0.25036466121673584,1.0767687244066977,,
dlgn_anneal,parity8,0,34,34,0.8209523719269782,0.296875,0.578125,0.8705767393112183,170.3558349609375,0.296875,0.8705767393112183,0.25035423040390015,1.056134114916527,,
dlgn_anneal,parity8,0,35,35,0.8449245898518711,0.296875,0.484375,0.9299403429031372,192.19833374023438,0.296875,0.9299403429031372,0.2503587603569031,1.0358949358462424,,
dlgn_anneal,parity8,0,36,36,0.8691593420226127,0.3125,0.484375,1.017637014389038,192.19833374023438,0.3125,1.017637014389038,0.25036701560020447,1.0160436093826042,,
dlgn_anneal,parity8,0,37,37,0.8936347609851509,0.40625,0.46875,1.5073795318603516,189.08416748046875,0.40625,1.5073795318603516,0.2503882646560669,0.9965727029294608,,
dlgn_anneal,parity8,0,38,38,0.9180481308139861,0.40625,0.46875,1.4461854696273804,189.08416748046875,0.40625,1.4461854696273804,0.25042569637298584,0.977474926324885,,
dlgn_anneal,parity8,0,39,39,0.9425371969118714,0.40625,0.5,1.334158182144165,195.32333374023438,0.40625,1.334158182144165,0.2504485845565796,0.9587431291116433,,
dlgn_anneal,parity8,0,40,40,0.9669152779970318,0.40625,0.5,1.3585084676742554,195.32333374023438,0.40625,1.3585084676742554,0.25045520067214966,0.9403702978599707,,
dlgn_anneal,parity8,0,41,41,0.9914042879827321,0.265625,0.5,0.9561999440193176,195.32333374023438,0.265625,0.9561999440193176,0.250464528799057,0.9223495535416515,,
dlgn_anneal,parity8,0,42,42,1.0153356760274619,0.5,0.5,0.9614747762680054,195.32333374023438,0.5,0.9614747762680054,0.25045937299728394,0.9046741489544204,,
dlgn_anneal,parity8,0,43,43,1.0393772828392684,0.5625,0.515625,1.1150904893875122,179.77415466308594,0.5625,1.1150904893875122,0.25047770142555237,0.8873374661957224,,
dlgn_anneal,parity8,0,44,44,1.0629424238577485,0.5,0.546875,0.9948736429214478,173.52413940429688,0.5,0.9948736429214478,0.25049328804016113,0.8703330141848833,,
dlgn_anneal,parity8,0,45,45,1.0867138309404254,0.5625,0.546875,1.261214256286621,173.52413940429688,0.5625,1.261214256286621,0.25051620602607727,0.8536544262327642,,
dlgn_anneal,parity8,0,46,46,1.1103082390036434,0.375,0.53125,1.050875186920166,168.8041534423828,0.375,1.050875186920166,0.2505316734313965,0.8372954576579903,,
dlgn_anneal,parity8,0,47,47,1.1344376758206636,0.40625,0.53125,2.330221652984619,168.8041534423828,0.40625,2.330221652984619,0.2505629360675812,0.8212499834488596,,
dlgn_anneal,parity8,0,48,48,1.1580221739131957,0.34375,0.484375,1.1415541172027588,170.3774871826172,0.34375,1.1415541172027588,0.2506066858768463,0.8055119959700594,,
dlgn_anneal,parity8,0,49,49,1.1821294089313596,0.5,0.515625,1.2960381507873535,173.4808349609375,0.5,1.2960381507873535,0.2506486177444458,0.7900756027133288,,
dlgn_anneal,parity8,0,50,50,1.2061690199188888,0.546875,0.484375,1.4502906799316406,156.28250122070312,0.546875,1.4502906799316406,0.2507018446922302,0.7749350240912263,,
dlgn_anneal,parity8,0,51,51,1.2299846659880131,0.359375,0.421875,1.2916107177734375,156.31497192382812,0.359375,1.2916107177734375,0.25077253580093384,0.7600845912731768,,
dlgn_anneal,parity8,0,52,52,1.253754274919629,0.40625,0.421875,3.2205352783203125,156.31497192382812,0.40625,3.2205352783203125,0.250811904668808,0.7455187440629881,,
dlgn_anneal,parity8,0,53,53,1.2777133299969137,0.28125,0.4375,1.5682032108306885,157.8666534423828,0.28125,1.5682032108306885,0.25081413984298706,0.7312320288170391,,
dlgn_anneal,parity8,0,54,54,1.3016855840105563,0.328125,0.4375,1.4396775960922241,157.8666534423828,0.328125,1.4396775960922241,0.2507786750793457,0.717219096402366,,
dlgn_anneal,parity8,0,55,55,1.326023070840165,0.28125,0.4375,1.6022841930389404,157.8666534423828,0.28125,1.6022841930389404,0.2507053315639496,0.7034747001938764,,
dlgn_anneal,parity8,0,56,56,1.3497731138486415,0.40625,0.421875,4.546441555023193,173.48081970214844,0.40625,4.546441555023193,0.2506368160247803,0.6899936941099433,,
dlgn_anneal,parity8,0,57,57,1.3732660508248955,0.59375,0.421875,4.969832897186279,173.48081970214844,0.59375,4.969832897186279,0.250640869140625,0.6767710306856468,,
dlgn_anneal,parity8,0,58,58,1.3971634740009904,0.40625,0.421875,4.0669074058532715,178.15748596191406,0.40625,4.0669074058532715,0.25064244866371155,0.6638017591829355,,
dlgn_anneal,parity8,0,59,59,1.4211054828483611,0.375,0.453125,1.9206697940826416,173.5024871826172,0.375,1.9206697940826416,0.2506757974624634,0.6510810237370065,,
dlgn_anneal,parity8,0,60,60,1.4457524849567562,0.375,0.453125,4.234277725219727,173.5024871826172,0.375,4.234277725219727,0.2506534457206726,0.6386040615382055,,
dlgn_anneal,parity8,0,61,61,1.4697136669419706,0.59375,0.484375,4.002024173736572,178.15750122070312,0.59375,4.002024173736572,0.2506759464740753,0.626366201048769,,
dlgn_anneal,parity8,0,62,62,1.493192570982501,0.40625,0.453125,8.561565399169922,175.0649871826172,0.40625,8.561565399169922,0.2506372332572937,0.6143628602537393,,
dlgn_anneal,parity8,0,63,63,1.5173560599796474,0.34375,0.484375,5.118261814117432,182.83416748046875,0.34375,5.118261814117432,0.25067123770713806,0.6025895449453983,,
dlgn_anneal,parity8,0,64,64,1.54123696195893,0.59375,0.5,8.990453720092773,171.92916870117188,0.59375,8.990453720092773,0.25075018405914307,0.5910418470405774,,
dlgn_anneal,parity8,0,65,65,1.5654608809854835,0.390625,0.484375,8.219161987304688,182.83416748046875,0.390625,8.219161987304688,0.2507476508617401,0.5797154429302135,,
dlgn_anneal,parity8,0,66,66,1.589131471933797,0.390625,0.484375,9.402097702026367,181.29331970214844,0.390625,9.402097702026367,0.2508080005645752,0.5686060918605329,,
dlgn_anneal,parity8,0,67,67,1.6132317879237235,0.46875,0.46875,4.929536819458008,182.84500122070312,0.46875,4.929536819458008,0.25091832876205444,0.5577096343452581,,
dlgn_anneal,parity8,0,68,68,1.6371592909563333,0.328125,0.46875,8.163107872009277,182.84500122070312,0.328125,8.163107872009277,0.2509026825428009,0.5470219906082419,,
dlgn_anneal,parity8,0,69,69,1.6605500800069422,0.390625,0.484375,5.083590507507324,189.09500122070312,0.390625,5.083590507507324,0.25091874599456787,0.5365391590559452,,
dlgn_anneal,parity8,0,70,70,1.6841636968310922,0.21875,0.453125,6.668287754058838,170.39913940429688,0.21875,6.668287754058838,0.2508556544780731,0.5262572147791885,,
dlgn_anneal,parity8,0,71,71,1.7079176909755915,0.28125,0.421875,5.373010158538818,159.4399871826172,0.28125,5.373010158538818,0.2508414685726166,0.5161723080836149,,
dlgn_anneal,parity8,0,72,72,1.7316451240330935,0.28125,0.421875,5.557015895843506,153.2008056640625,0.28125,5.557015895843506,0.25082048773765564,0.5062806630483135,,
dlgn_anneal,parity8,0,73,73,1.7586662350222468,0.3125,0.46875,5.050264835357666,154.7416534423828,0.3125,5.050264835357666,0.25081512331962585,0.49657857611206563,,
dlgn_anneal,parity8,0,74,74,1.783641505986452,0.234375,0.484375,6.386044025421143,159.43997192382812,0.234375,6.386044025421143,0.25073397159576416,0.487062414686683,,
dlgn_anneal,parity8,0,75,75,1.8078441638499498,0.421875,0.5,5.456120014190674,185.99166870117188,0.421875,5.456120014190674,0.2506973147392273,0.4777286157969196,,
dlgn_anneal,parity8,0,76,76,1.8318349348846823,0.25,0.5,5.108834743499756,192.23081970214844,0.25,5.108834743499756,0.2505759000778198,0.4685736847464466,,
dlgn_anneal,parity8,0,77,77,1.8558674068190157,0.25,0.5,5.194820880889893,192.2416534423828,0.25,5.194820880889893,0.25041863322257996,0.45959419380939254,,
dlgn_anneal,parity8,0,78,78,1.8801824590191245,0.3125,0.5,7.062399864196777,192.2416534423828,0.3125,7.062399864196777,0.2501721978187561,0.4507867809469581,,
dlgn_anneal,parity8,0,79,79,1.9040834098123014,0.234375,0.515625,5.465338706970215,204.72000122070312,0.234375,5.465338706970215,0.24998898804187775,0.44214814854862505,,
dlgn_anneal,parity8,0,80,80,1.9279204139020294,0.234375,0.53125,5.8662309646606445,185.9916534423828,0.234375,5.8662309646606445,0.24982453882694244,0.43367506219748697,,
dlgn_anneal,parity8,0,81,81,1.951487704878673,0.25,0.46875,5.554653167724609,198.49166870117188,0.25,5.554653167724609,0.24972453713417053,0.4253643494592419,,
dlgn_anneal,parity8,0,82,82,1.97551050898619,0.421875,0.453125,4.948622703552246,209.40750122070312,0.421875,4.948622703552246,0.24962539970874786,0.4172128986943916,,
dlgn_anneal,parity8,0,83,83,1.9998871919233352,0.265625,0.453125,5.323188781738281,212.52166748046875,0.265625,5.323188781738281,0.24945828318595886,0.4092176578932024,,
dlgn_anneal,parity8,0,84,84,2.0237354438286275,0.21875,0.46875,6.078836441040039,159.4291534423828,0.21875,6.078836441040039,0.2492963671684265,0.40137563353299355,,
dlgn_anneal,parity8,0,85,85,2.047050622990355,0.28125,0.4375,5.159458637237549,159.4399871826172,0.28125,5.159458637237549,0.24917680025100708,0.39368388945732236,,
dlgn_anneal,parity8,0,86,86,2.0707669018302113,0.34375,0.4375,5.32135009765625,184.4399871826172,0.34375,5.32135009765625,0.24904879927635193,0.38613954577665005,,
dlgn_anneal,parity8,0,87,87,2.0947065430227667,0.265625,0.453125,6.097888469696045,185.98081970214844,0.265625,6.097888469696045,0.24890819191932678,0.3787397777900722,,
dlgn_anneal,parity8,0,88,88,2.1184235259424895,0.28125,0.453125,8.044441223144531,184.4291534423828,0.28125,8.044441223144531,0.24877144396305084,0.3714818149277145,,
dlgn_anneal,parity8,0,89,89,2.1424373099580407,0.328125,0.453125,5.869168281555176,184.4291534423828,0.328125,5.869168281555176,0.2486693561077118,0.36436293971339495,,
dlgn_anneal,parity8,0,90,90,2.1661114199087024,0.265625,0.4375,6.2477898597717285,176.60581970214844,0.265625,6.2477898597717285,0.24848011136054993,0.3573804867471657,,
dlgn_anneal,parity8,0,91,91,2.190228772815317,0.28125,0.4375,6.4026103019714355,176.60581970214844,0.28125,6.4026103019714355,0.24826933443546295,0.3505318417073517,,
dlgn_anneal,parity8,0,92,92,2.214218935929239,0.359375,0.40625,6.341365337371826,167.27413940429688,0.359375,6.341365337371826,0.2480446994304657,0.34381444037171494,,
dlgn_anneal,parity8,0,93,93,2.2378770760260522,0.328125,0.4375,6.134310722351074,142.27413940429688,0.328125,6.134310722351074,0.24790039658546448,0.337225767657376,,
dlgn_anneal,parity8,0,94,94,2.2619935360271484,0.21875,0.390625,6.779398441314697,175.10829162597656,0.21875,6.779398441314697,0.24776047468185425,0.33076335667913453,,
dlgn_anneal,parity8,0,95,95,2.285880798008293,0.1875,0.390625,6.699269771575928,175.10829162597656,0.1875,6.699269771575928,0.24758067727088928,0.3244247878258345,,
dlgn_anneal,parity8,0,96,96,2.3097871949430555,0.359375,0.359375,6.683000087738037,181.31497192382812,0.359375,6.683000087738037,0.24736915528774261,0.31820768785443054,,
dlgn_anneal,parity8,0,97,97,2.3334288119804114,0.328125,0.4375,6.453884124755859,182.8666534423828,0.328125,6.453884124755859,0.24720880389213562,0.3121097290014148,,
dlgn_anneal,parity8,0,98,98,2.3572765470016748,0.265625,0.421875,8.523219108581543,189.1166534423828,0.265625,8.523219108581543,0.2470701038837433,0.30612862811127173,,
dlgn_anneal,parity8,0,99,99,2.3812079548370093,0.328125,0.4375,7.179623603820801,192.21998596191406,0.328125,7.179623603820801,0.24695058166980743,0.30026214578163474,,
dlgn_anneal,parity8,0,100,100,2.4052406679838896,0.265625,0.421875,9.255476951599121,190.66831970214844,0.265625,9.255476951599121,0.2468406856060028,0.29450808552482455,,
dlgn_anneal,parity8,0,101,101,2.4293408289086074,0.265625,0.46875,8.921647071838379,167.2524871826172,0.265625,8.921647071838379,0.24674971401691437,0.2888642929454562,,
dlgn_anneal,parity8,0,102,102,2.4533000828232616,0.25,0.453125,12.635526657104492,184.4291534423828,0.25,12.635526657104492,0.24661687016487122,0.2833286549338042,,
dlgn_anneal,parity8,0,103,103,2.4773669720161706,0.34375,0.4375,10.903979301452637,168.8149871826172,0.34375,10.903979301452637,0.24655961990356445,0.27789909887462755,,
dlgn_anneal,parity8,0,104,104,2.5010314299724996,0.328125,0.453125,17.003019332885742,182.86663818359375,0.328125,17.003019332885742,0.2465328574180603,0.2725735918711548,,
dlgn_anneal,parity8,0,105,105,2.5250848969444633,0.390625,0.453125,13.409002304077148,182.86663818359375,0.390625,13.409002304077148,0.24661269783973694,0.2673501399839416,,
dlgn_anneal,parity8,0,106,106,2.5493094068951905,0.28125,0.4375,19.378555297851562,182.84500122070312,0.28125,19.378555297851562,0.24659329652786255,0.2622267874843129,,
dlgn_anneal,parity8,0,107,107,2.5734427359420806,0.375,0.453125,14.908709526062012,181.3041534423828,0.375,14.908709526062012,0.24659423530101776,0.25720161612211323,,
dlgn_anneal,parity8,0,108,108,2.5988330289255828,0.21875,0.453125,17.93288230895996,181.3041534423828,0.21875,17.93288230895996,0.2465839385986328,0.25227274440748865,,
dlgn_anneal,parity8,0,109,109,2.623567249858752,0.21875,0.453125,15.026456832885742,165.65750122070312,0.21875,15.026456832885742,0.24660718441009521,0.24743832690643208,,
dlgn_anneal,parity8,0,110,110,2.647544575855136,0.296875,0.453125,14.261817932128906,164.1058349609375,0.296875,14.261817932128906,0.2466355711221695,0.24269655354982883,,
dlgn_anneal,parity8,0,111,111,2.6717179908882827,0.234375,0.40625,19.770023345947266,168.83663940429688,0.234375,19.770023345947266,0.24656927585601807,0.238045648955743,,
dlgn_anneal,parity8,0,112,112,2.6963030949700624,0.296875,0.375,15.495458602905273,171.98330688476562,0.296875,15.495458602905273,0.24656884372234344,0.23348387176469163,,
dlgn_anneal,parity8,0,113,113,2.7210954658221453,0.203125,0.4375,20.053525924682617,178.2224578857422,0.203125,20.053525924682617,0.24647267162799835,0.22900951398765637,,
dlgn_anneal,parity8,0,114,114,2.745262701995671,0.25,0.4375,16.044267654418945,178.2224578857422,0.25,16.044267654418945,0.24643027782440186,0.22462090036659044,,
dlgn_anneal,parity8,0,115,115,2.768915536813438,0.171875,0.46875,17.823442459106445,171.96163940429688,0.171875,17.823442459106445,0.2463178038597107,0.22031638774718,,
dlgn_anneal,parity8,0,116,116,2.793064523022622,0.203125,0.453125,15.6026611328125,148.5024871826172,0.203125,15.6026611328125,0.24621018767356873,0.2160943644636258,,
dlgn_anneal,parity8,0,117,117,2.817311945836991,0.28125,0.421875,20.13310432434082,154.77413940429688,0.28125,20.13310432434082,0.24606528878211975,0.21195324973521423,,
dlgn_anneal,parity8,0,118,118,2.8414268649648875,0.265625,0.40625,16.384424209594727,140.7008056640625,0.265625,16.384424209594727,0.24605140089988708,0.2078914930744526,,
dlgn_anneal,parity8,0,119,119,2.865367525955662,0.28125,0.421875,23.86529541015625,175.03250122070312,0.28125,23.86529541015625,0.24597035348415375,0.20390757370654605,,
dlgn_anneal,parity8,0,120,120,2.889281769981608,0.28125,0.390625,18.20343017578125,150.06497192382812,0.28125,18.20343017578125,0.24597874283790588,0.2,,
gumbel_st,parity8,0,1,1,0.0244192520622164,0.40625,0.53125,29.212261199951172,126.68163299560547,0.40625,29.212261199951172,0.2506040930747986,1.0,,
gumbel_st,parity8,0,2,2,0.04846225189976394,0.40625,0.59375,45.70410919189453,139.1058349609375,0.40625,45.70410919189453,0.250612735748291,1.0,,
gumbel_st,parity8,0,3,3,0.07199634006246924,0.40625,0.609375,52.87813186645508,126.62747955322266,0.40625,52.87813186645508,0.2505517303943634,1.0,,
gumbel_st,parity8,0,4,4,0.09549102489836514,0.40625,0.625,58.125953674316406,139.07333374023438,0.40625,58.125953674316406,0.2504671514034271,1.0,,
gumbel_st,parity8,0,5,5,0.1195025579072535,0.40625,0.578125,59.43517303466797,134.4508056640625,0.40625,59.43517303466797,0.2503925561904907,1.0,,
gumbel_st,parity8,0,6,6,0.1436022981069982,0.40625,0.578125,55.42781448364258,134.4508056640625,0.40625,55.42781448364258,0.2503727376461029,1.0,,
gumbel_st,parity8,0,7,7,0.16787243611179292,0.40625,0.578125,54.54174041748047,134.4508056640625,0.40625,54.54174041748047,0.25036346912384033,1.0,,
gumbel_st,parity8,0,8,8,0.1917693200521171,0.40625,0.625,53.01273727416992,137.51083374023438,0.40625,53.01273727416992,0.2503058612346649,1.0,,
gumbel_st,parity8,0,9,9,0.21545676700770855,0.40625,0.625,51.111419677734375,137.51083374023438,0.40625,51.111419677734375,0.2502290606498718,1.0,,
gumbel_st,parity8,0,10,10,0.2387164570391178,0.40625,0.609375,52.48939895629883,120.35582733154297,0.40625,52.48939895629883,0.25018781423568726,1.0,,
gumbel_st,parity8,0,11,11,0.2626109020784497,0.40625,0.609375,52.98820495605469,120.35582733154297,0.40625,52.98820495605469,0.2501344680786133,1.0,,
gumbel_st,parity8,0,12,12,0.2867933560628444,0.40625,0.609375,53.84674835205078,120.35582733154297,0.40625,53.84674835205078,0.2500685453414917,1.0,,
gumbel_st,parity8,0,13,13,0.3105279461015016,0.40625,0.5625,53.68653106689453,118.8258056640625,0.40625,53.68653106689453,0.24998755753040314,1.0,,
gumbel_st,parity8,0,14,14,0.3343540159985423,0.40625,0.59375,53.77220153808594,118.78250122070312,0.40625,53.77220153808594,0.249924898147583,1.0,,
gumbel_st,parity8,0,15,15,0.35818683891557157,0.40625,0.578125,54.5328254699707,103.18997955322266,0.40625,54.5328254699707,0.2498456835746765,1.0,,
gumbel_st,parity8,0,16,16,0.38216401799581945,0.40625,0.640625,53.357364654541016,112.5324935913086,0.40625,53.357364654541016,0.24971649050712585,1.0,,
gumbel_st,parity8,0,17,17,0.4060982749797404,0.40625,0.515625,51.133975982666016,115.67915344238281,0.40625,51.133975982666016,0.24957647919654846,1.0,,
gumbel_st,parity8,0,18,18,0.4304355410858989,0.40625,0.515625,51.07377243041992,117.20916748046875,0.40625,51.07377243041992,0.24944506585597992,1.0,,
gumbel_st,parity8,0,19,19,0.4545776369050145,0.40625,0.53125,50.00082015991211,103.25496673583984,0.40625,50.00082015991211,0.2493460476398468,1.0,,
gumbel_st,parity8,0,20,20,0.47799701802432537,0.40625,0.53125,48.217185974121094,103.25496673583984,0.40625,48.217185974121094,0.2492835819721222,1.0,,
gumbel_st,parity8,0,21,21,0.501339334063232,0.40625,0.5,48.138328552246094,111.01331329345703,0.40625,48.138328552246094,0.2492285668849945,1.0,,
gumbel_st,parity8,0,22,22,0.5251962561160326,0.40625,0.484375,49.780941009521484,109.47247314453125,0.40625,49.780941009521484,0.24920035898685455,1.0,,
gumbel_st,parity8,0,23,23,0.548723645042628,0.40625,0.515625,53.03944396972656,109.47246551513672,0.40625,53.03944396972656,0.24917639791965485,1.0,,
gumbel_st,parity8,0,24,24,0.5725991800427437,0.40625,0.453125,55.96836471557617,129.7524871826172,0.40625,55.96836471557617,0.2491072565317154,1.0,,
gumbel_st,parity8,0,25,25,0.5968732819892466,0.40625,0.5,58.790836334228516,150.01083374023438,0.40625,58.790836334228516,0.24903199076652527,1.0,,
gumbel_st,parity8,0,26,26,0.6204347270540893,0.40625,0.453125,59.65275192260742,159.41831970214844,0.40625,59.65275192260742,0.2489658147096634,1.0,,
gumbel_st,parity8,0,27,27,0.6443783259019256,0.40625,0.46875,58.1682243347168,157.8666534423828,0.40625,58.1682243347168,0.2488836795091629,1.0,,
gumbel_st,parity8,0,28,28,0.6679381050635129,0.40625,0.46875,58.27762985229492,157.8666534423828,0.40625,58.27762985229492,0.24878574907779694,1.0,,
gumbel_st,parity8,0,29,29,0.6919359071180224,0.40625,0.453125,60.140201568603516,167.23081970214844,0.40625,60.140201568603516,0.24868251383304596,1.0,,
gumbel_st,parity8,0,30,30,0.7158537949435413,0.40625,0.453125,62.92505645751953,167.23081970214844,0.40625,62.92505645751953,0.2485555112361908,1.0,,
gumbel_st,parity8,0,31,31,0.7397372620180249,0.40625,0.453125,64.39326477050781,167.23081970214844,0.40625,64.39326477050781,0.2484399378299713,1.0,,
gumbel_st,parity8,0,32,32,0.7635539970360696,0.40625,0.46875,67.44937133789062,134.4508056640625,0.40625,67.44937133789062,0.24830695986747742,1.0,,
gumbel_st,parity8,0,33,33,0.788644147105515,0.40625,0.4375,70.20802307128906,134.47247314453125,0.40625,70.20802307128906,0.24817976355552673,1.0,,
gumbel_st,parity8,0,34,34,0.8152947139460593,0.40625,0.453125,72.59840393066406,134.4399871826172,0.40625,72.59840393066406,0.24805808067321777,1.0,,
gumbel_st,parity8,0,35,35,0.8393485329579562,0.40625,0.484375,72.54747009277344,117.32829284667969,0.40625,72.54747009277344,0.24796438217163086,1.0,,
gumbel_st,parity8,0,36,36,0.8636465629097074,0.40625,0.453125,69.70860290527344,126.65996551513672,0.40625,69.70860290527344,0.2478838562965393,1.0,,
gumbel_st,parity8,0,37,37,0.8873289830517024,0.40625,0.453125,67.73535919189453,126.65996551513672,0.40625,67.73535919189453,0.24778887629508972,1.0,,
gumbel_st,parity8,0,38,38,0.9108400230761617,0.40625,0.4375,64.20973205566406,125.10829162597656,0.40625,64.20973205566406,0.2476871907711029,1.0,,
gumbel_st,parity8,0,39,39,0.9347351500764489,0.40625,0.421875,58.58462142944336,112.6082992553711,0.40625,58.58462142944336,0.24753084778785706,1.0,,
gumbel_st,parity8,0,40,40,0.9588638620916754,0.40625,0.46875,55.060001373291016,98.5457992553711,0.40625,55.060001373291016,0.24736516177654266,1.0,,
gumbel_st,parity8,0,41,41,0.9827440748922527,0.40625,0.515625,49.746490478515625,89.19245910644531,0.40625,49.746490478515625,0.2472023069858551,1.0,,
gumbel_st,parity8,0,42,42,1.0066091280896217,0.40625,0.515625,47.26875305175781,89.19245910644531,0.40625,47.26875305175781,0.24705302715301514,1.0,,
gumbel_st,parity8,0,43,43,1.0303789810277522,0.40625,0.484375,46.61259078979492,93.82581329345703,0.40625,46.61259078979492,0.24692794680595398,1.0,,
gumbel_st,parity8,0,44,44,1.05480522592552,0.40625,0.484375,48.01749801635742,93.82581329345703,0.40625,48.01749801635742,0.24684786796569824,1.0,,
gumbel_st,parity8,0,45,45,1.0785405631177127,0.40625,0.5,50.60637664794922,103.21163940429688,0.40625,50.60637664794922,0.2467632293701172,1.0,,
gumbel_st,parity8,0,46,46,1.1024165889248252,0.40625,0.453125,51.2954216003418,120.36664581298828,0.40625,51.2954216003418,0.24669840931892395,1.0,,
gumbel_st,parity8,0,47,47,1.1262982359621674,0.40625,0.4375,52.272377014160156,139.1383056640625,0.40625,52.272377014160156,0.24663046002388,1.0,,
gumbel_st,parity8,0,48,48,1.1497351981233805,0.40625,0.4375,51.253780364990234,139.1383056640625,0.40625,51.253780364990234,0.24659280478954315,1.0,,
gumbel_st,parity8,0,49,49,1.1739266060758382,0.40625,0.4375,48.90961837768555,139.1383056640625,0.40625,48.90961837768555,0.24653461575508118,1.0,,
gumbel_st,parity8,0,50,50,1.1978396361228079,0.40625,0.453125,44.08591079711914,120.39913940429688,0.40625,44.08591079711914,0.24646688997745514,1.0,,
gumbel_st,parity8,0,51,51,1.2218746030703187,0.40625,0.453125,38.97244644165039,120.39913940429688,0.40625,38.97244644165039,0.24639970064163208,1.0,,
gumbel_st,parity8,0,52,52,1.2463111220858991,0.40625,0.578125,32.3359375,93.83663940429688,0.40625,32.3359375,0.24633881449699402,1.0,,
gumbel_st,parity8,0,53,53,1.2697523380629718,0.40625,0.515625,28.125003814697266,89.11665344238281,0.40625,28.125003814697266,0.2462364137172699,1.0,,
gumbel_st,parity8,0,54,54,1.293462588917464,0.40625,0.515625,27.05294418334961,89.19246673583984,0.40625,27.05294418334961,0.24614045023918152,1.0,,
gumbel_st,parity8,0,55,55,1.317388383904472,0.40625,0.546875,27.40127182006836,95.38831329345703,0.40625,27.40127182006836,0.24603886902332306,1.0,,
gumbel_st,parity8,0,56,56,1.341613369062543,0.40625,0.515625,26.904502868652344,96.90748596191406,0.40625,26.904502868652344,0.2459707260131836,1.0,,
gumbel_st,parity8,0,57,57,1.365705471020192,0.40625,0.5625,29.35614013671875,93.80415344238281,0.40625,29.35614013671875,0.24589844048023224,1.0,,
gumbel_st,parity8,0,58,58,1.389527996070683,0.40625,0.53125,33.76456832885742,93.79331970214844,0.40625,33.76456832885742,0.24582426249980927,1.0,,
gumbel_st,parity8,0,59,59,1.4130314690992236,0.40625,0.53125,37.89274215698242,93.79331970214844,0.40625,37.89274215698242,0.24572685360908508,1.0,,
gumbel_st,parity8,0,60,60,1.4369266829453409,0.40625,0.484375,40.0814323425293,95.37748718261719,0.40625,40.0814323425293,0.2456071674823761,1.0,,
gumbel_st,parity8,0,61,61,1.4606630010530353,0.40625,0.578125,39.1300163269043,95.3991470336914,0.40625,39.1300163269043,0.24544012546539307,1.0,,
gumbel_st,parity8,0,62,62,1.4842037321068347,0.40625,0.484375,38.96359634399414,125.0866470336914,0.40625,38.96359634399414,0.24527496099472046,1.0,,
gumbel_st,parity8,0,63,63,1.5079909400083125,0.40625,0.546875,41.784690856933594,120.3991470336914,0.40625,41.784690856933594,0.24515989422798157,1.0,,
gumbel_st,parity8,0,64,64,1.5319540749769658,0.40625,0.609375,44.225250244140625,121.97247314453125,0.40625,44.225250244140625,0.24507039785385132,1.0,,
gumbel_st,parity8,0,65,65,1.5556219690479338,0.40625,0.609375,47.091278076171875,110.98082733154297,0.40625,47.091278076171875,0.24498721957206726,1.0,,
gumbel_st,parity8,0,66,66,1.579502142034471,0.40625,0.59375,49.34800720214844,107.86665344238281,0.40625,49.34800720214844,0.24485595524311066,1.0,,
gumbel_st,parity8,0,67,67,1.6028416359331459,0.40625,0.609375,54.072933197021484,109.41831970214844,0.40625,54.072933197021484,0.24470023810863495,1.0,,
gumbel_st,parity8,0,68,68,1.626231936039403,0.40625,0.609375,59.43369674682617,106.3258056640625,0.40625,59.43369674682617,0.24454185366630554,1.0,,
gumbel_st,parity8,0,69,69,1.649733840022236,0.40625,0.609375,63.805091857910156,106.3258056640625,0.40625,63.805091857910156,0.2443734109401703,1.0,,
gumbel_st,parity8,0,70,70,1.6737421040888876,0.40625,0.65625,67.51869201660156,95.35581970214844,0.40625,67.51869201660156,0.24423494935035706,1.0,,
gumbel_st,parity8,0,71,71,1.6977375010028481,0.40625,0.65625,70.58998107910156,98.48081970214844,0.40625,70.58998107910156,0.24411466717720032,1.0,,
gumbel_st,parity8,0,72,72,1.721933470107615,0.40625,0.625,74.35647583007812,90.68997955322266,0.40625,74.35647583007812,0.24399049580097198,1.0,,
gumbel_st,parity8,0,73,73,1.7457933959085494,0.40625,0.546875,77.12371063232422,84.4616470336914,0.40625,77.12371063232422,0.24388526380062103,1.0,,
gumbel_st,parity8,0,74,74,1.7695172629319131,0.40625,0.59375,80.66217803955078,106.29331970214844,0.40625,80.66217803955078,0.24376940727233887,1.0,,
gumbel_st,parity8,0,75,75,1.7930940380319953,0.40625,0.546875,84.3473892211914,120.37748718261719,0.40625,84.3473892211914,0.24363651871681213,1.0,,
gumbel_st,parity8,0,76,76,1.8165597680490464,0.40625,0.5625,86.12368774414062,115.67915344238281,0.40625,86.12368774414062,0.24349252879619598,1.0,,
gumbel_st,parity8,0,77,77,1.8409074929077178,0.40625,0.59375,84.06148529052734,120.40997314453125,0.40625,84.06148529052734,0.24335215985774994,1.0,,
gumbel_st,parity8,0,78,78,1.8647877878975123,0.40625,0.59375,79.31248474121094,117.27413940429688,0.40625,79.31248474121094,0.2432543933391571,1.0,,
gumbel_st,parity8,0,79,79,1.8885852620005608,0.40625,0.515625,75.72221374511719,118.81497955322266,0.40625,75.72221374511719,0.24315354228019714,1.0,,
gumbel_st,parity8,0,80,80,1.914303022902459,0.40625,0.5,74.25161743164062,126.59500122070312,0.40625,74.25161743164062,0.24304458498954773,1.0,,
gumbel_st,parity8,0,81,81,1.938126192893833,0.40625,0.5,71.22895812988281,126.59500122070312,0.40625,71.22895812988281,0.24294206500053406,1.0,,
gumbel_st,parity8,0,82,82,1.961573496926576,0.40625,0.5,69.54120635986328,126.59500122070312,0.40625,69.54120635986328,0.2428138554096222,1.0,,
gumbel_st,parity8,0,83,83,1.9852880958933383,0.40625,0.53125,66.75971984863281,129.78497314453125,0.40625,66.75971984863281,0.24269670248031616,1.0,,
gumbel_st,parity8,0,84,84,2.00922279804945,0.40625,0.578125,66.92900085449219,137.58663940429688,0.40625,66.92900085449219,0.2425575703382492,1.0,,
gumbel_st,parity8,0,85,85,2.032615408068523,0.40625,0.578125,68.07963562011719,137.58663940429688,0.40625,68.07963562011719,0.24243581295013428,1.0,,
gumbel_st,parity8,0,86,86,2.056909079896286,0.40625,0.578125,67.79685974121094,137.58663940429688,0.40625,67.79685974121094,0.24233293533325195,1.0,,
gumbel_st,parity8,0,87,87,2.0806648479774594,0.40625,0.578125,65.50360107421875,137.58663940429688,0.40625,65.50360107421875,0.24222895503044128,1.0,,
gumbel_st,parity8,0,88,88,2.105056958971545,0.40625,0.546875,63.86692810058594,132.89913940429688,0.40625,63.86692810058594,0.24210238456726074,1.0,,
gumbel_st,parity8,0,89,89,2.1287020400632173,0.40625,0.546875,61.845523834228516,132.89913940429688,0.40625,61.845523834228516,0.24198567867279053,1.0,,
gumbel_st,parity8,0,90,90,2.152321885107085,0.40625,0.546875,58.50014877319336,136.03497314453125,0.40625,58.50014877319336,0.24187052249908447,1.0,,
gumbel_st,parity8,0,91,91,2.1762176109477878,0.40625,0.609375,55.722469329833984,140.64666748046875,0.40625,55.722469329833984,0.241770401597023,1.0,,
gumbel_st,parity8,0,92,92,2.1996794550213963,0.40625,0.59375,54.209712982177734,115.75497436523438,0.40625,54.209712982177734,0.24166275560855865,1.0,,
gumbel_st,parity8,0,93,93,2.223521030973643,0.40625,0.59375,52.689971923828125,114.12747192382812,0.40625,52.689971923828125,0.24154284596443176,1.0,,
gumbel_st,parity8,0,94,94,2.2471785920206457,0.40625,0.640625,50.43007278442383,121.92915344238281,0.40625,50.43007278442383,0.24143986403942108,1.0,,
gumbel_st,parity8,0,95,95,2.270971433026716,0.40625,0.625,47.21834945678711,140.6683349609375,0.40625,47.21834945678711,0.24134482443332672,1.0,,
gumbel_st,parity8,0,96,96,2.294925701105967,0.40625,0.59375,45.718589782714844,129.75247192382812,0.40625,45.718589782714844,0.2412405014038086,1.0,,
gumbel_st,parity8,0,97,97,2.318638127995655,0.40625,0.609375,44.895118713378906,107.87747955322266,0.40625,44.895118713378906,0.24111749231815338,1.0,,
gumbel_st,parity8,0,98,98,2.3422368080355227,0.40625,0.625,42.727325439453125,114.1383056640625,0.40625,42.727325439453125,0.24102048575878143,1.0,,
gumbel_st,parity8,0,99,99,2.36599399195984,0.40625,0.625,42.69452667236328,114.1383056640625,0.40625,42.69452667236328,0.24095302820205688,1.0,,
gumbel_st,parity8,0,100,100,2.389670117991045,0.40625,0.625,43.29834747314453,107.87747192382812,0.40625,43.29834747314453,0.24088050425052643,1.0,,
gumbel_st,parity8,0,101,101,2.413715776987374,0.40625,0.625,41.654727935791016,106.3258056640625,0.40625,41.654727935791016,0.24084895849227905,1.0,,
gumbel_st,parity8,0,102,102,2.4376591979525983,0.40625,0.625,40.4298095703125,112.5758056640625,0.40625,40.4298095703125,0.24079576134681702,1.0,,
gumbel_st,parity8,0,103,103,2.4614537209272385,0.40625,0.625,39.10688781738281,112.5758056640625,0.40625,39.10688781738281,0.24074050784111023,1.0,,
gumbel_st,parity8,0,104,104,2.4854184680152684,0.40625,0.625,37.02191162109375,134.4291534423828,0.40625,37.02191162109375,0.24068158864974976,1.0,,
gumbel_st,parity8,0,105,105,2.5096346989739686,0.40625,0.625,32.50291061401367,135.97000122070312,0.40625,32.50291061401367,0.24060244858264923,1.0,,
gumbel_st,parity8,0,106,106,2.5330983579624444,0.40625,0.640625,27.47305679321289,136.0024871826172,0.40625,27.47305679321289,0.2405221164226532,1.0,,
gumbel_st,parity8,0,107,107,2.556874387897551,0.40625,0.578125,20.861282348632812,156.27166748046875,0.40625,20.861282348632812,0.24043911695480347,1.0,,
gumbel_st,parity8,0,108,108,2.5806376540567726,0.40625,0.59375,14.396217346191406,157.83416748046875,0.40625,14.396217346191406,0.2403535097837448,1.0,,
gumbel_st,parity8,0,109,109,2.604177026078105,0.40625,0.59375,10.797126770019531,157.83416748046875,0.40625,10.797126770019531,0.2402733564376831,1.0,,
gumbel_st,parity8,0,110,110,2.627711914945394,0.40625,0.578125,4.868644714355469,154.69833374023438,0.40625,4.868644714355469,0.24020610749721527,1.0,,
gumbel_st,parity8,0,111,111,2.651182445930317,0.59375,0.578125,2.1057355403900146,154.69833374023438,0.59375,2.1057355403900146,0.24016156792640686,1.0,,
gumbel_st,parity8,0,112,112,2.6746575790457428,0.59375,0.546875,4.920351505279541,126.61664581298828,0.59375,4.920351505279541,0.2401038110256195,1.0,,
gumbel_st,parity8,0,113,113,2.6981703070923686,0.59375,0.609375,6.8568572998046875,120.36665344238281,0.59375,6.8568572998046875,0.2400507926940918,1.0,,
gumbel_st,parity8,0,114,114,2.7222132720053196,0.59375,0.59375,8.018627166748047,123.48081970214844,0.59375,8.018627166748047,0.24000056087970734,1.0,,
gumbel_st,parity8,0,115,115,2.7461157320067286,0.59375,0.578125,6.88397216796875,121.92914581298828,0.59375,6.88397216796875,0.23995918035507202,1.0,,
gumbel_st,parity8,0,116,116,2.7698840729426593,0.59375,0.59375,4.201723098754883,117.29580688476562,0.59375,4.201723098754883,0.23993776738643646,1.0,,
gumbel_st,parity8,0,117,117,2.7939728489145637,0.59375,0.59375,2.3234825134277344,117.29580688476562,0.59375,2.3234825134277344,0.23989513516426086,1.0,,
gumbel_st,parity8,0,118,118,2.818290109047666,0.5625,0.578125,0.6974025964736938,117.23081970214844,0.5625,0.6974025964736938,0.2398562729358673,1.0,,
gumbel_st,parity8,0,119,119,2.84215773595497,0.40625,0.59375,1.4488805532455444,107.8991470336914,0.40625,1.4488805532455444,0.23984557390213013,1.0,,
gumbel_st,parity8,0,120,120,2.8654968400951475,0.40625,0.59375,1.432034969329834,112.52165985107422,0.40625,1.432034969329834,0.23980647325515747,1.0,,
hard_st_cage,parity8,0,1,1,0.02488212799653411,0.40625,0.5625,7.128706932067871,112.55415344238281,0.5625,112.55415344238281,0.2500435709953308,2.990034753147761,,
hard_st_cage,parity8,0,2,2,0.04833495011553168,0.40625,0.609375,12.491050720214844,126.59500122070312,0.609375,126.59500122070312,0.24922963976860046,2.980312810627745,,
hard_st_cage,parity8,0,3,3,0.07180857099592686,0.40625,0.421875,15.497509002685547,220.35581970214844,0.421875,220.35581970214844,0.2485329955816269,2.970823254959775,,
hard_st_cage,parity8,0,4,4,0.09501715819351375,0.40625,0.421875,13.168167114257812,228.15750122070312,0.421875,228.15750122070312,0.24791845679283142,2.961556844161084,,
hard_st_cage,parity8,0,5,5,0.11843366711400449,0.40625,0.453125,9.031936645507812,104.86078643798828,0.453125,104.86078643798828,0.247454434633255,2.9525011305634505,,
hard_st_cage,parity8,0,6,6,0.1418497811537236,0.40625,0.421875,6.541054725646973,117.30663299560547,0.421875,117.30663299560547,0.24699783325195312,2.943649352046281,,
hard_st_cage,parity8,0,7,7,0.16519888816401362,0.40625,0.421875,6.008313179016113,125.07581329345703,0.421875,125.07581329345703,0.24644935131072998,2.9350018245234355,,
hard_st_cage,parity8,0,8,8,0.18865638319402933,0.40625,0.328125,6.4456257820129395,142.29580688476562,0.328125,142.29580688476562,0.2458559274673462,2.9265571936511403,,
hard_st_cage,parity8,0,9,9,0.21222967514768243,0.40625,0.390625,5.863242149353027,193.85830688476562,0.390625,193.85830688476562,0.24524077773094177,2.9183129795057567,,
hard_st_cage,parity8,0,10,10,0.23580594616942108,0.40625,0.40625,3.8395776748657227,162.57582092285156,0.40625,162.57582092285156,0.2446519434452057,2.9102647064469753,,
hard_st_cage,parity8,0,11,11,0.2586779589764774,0.40625,0.375,1.3861936330795288,123.5999526977539,0.375,123.5999526977539,0.24405445158481598,2.9024080192557458,,
hard_st_cage,parity8,0,12,12,0.28235054505057633,0.59375,0.40625,0.6938568353652954,120.40996551513672,0.40625,120.40996551513672,0.24343429505825043,2.8947402589377567,,
hard_st_cage,parity8,0,13,13,0.3057716831099242,0.59375,0.375,1.2087846994400024,165.71163940429688,0.375,165.71163940429688,0.24278858304023743,2.8872591423705174,,
hard_st_cage,parity8,0,14,14,0.3294342691078782,0.59375,0.5625,1.967089056968689,120.42080688476562,0.5625,120.42080688476562,0.24217981100082397,2.879959711426241,,
hard_st_cage,parity8,0,15,15,0.35320102819241583,0.59375,0.46875,1.966042160987854,128.22247314453125,0.46875,128.22247314453125,0.2415386140346527,2.8728389209695333,,
hard_st_cage,parity8,0,16,16,0.37710216199047863,0.59375,0.421875,1.6478683948516846,153.15748596191406,0.421875,153.15748596191406,0.240879625082016,2.865894530003323,,
hard_st_cage,parity8,0,17,17,0.40065802820026875,0.59375,0.421875,1.2600544691085815,148.4916534423828,0.421875,148.4916534423828,0.24022358655929565,2.8591232413954843,,
hard_st_cage,parity8,0,18,18,0.4246899210847914,0.59375,0.46875,1.6206849813461304,111.00247955322266,0.46875,111.00247955322266,0.23957329988479614,2.852521534917817,,
hard_st_cage,parity8,0,19,19,0.45254031103104353,0.59375,0.546875,1.8391088247299194,104.78496551513672,0.546875,104.78496551513672,0.2389238178730011,2.8460855171824693,,
hard_st_cage,parity8,0,20,20,0.4765027731191367,0.59375,0.53125,1.5779651403427124,121.96163940429688,0.53125,121.96163940429688,0.23827239871025085,2.839812251059102,,
hard_st_cage,parity8,0,21,21,0.5002385121770203,0.59375,0.421875,0.9855470657348633,132.931640625,0.421875,132.931640625,0.23759934306144714,2.833699069256129,,
hard_st_cage,parity8,0,22,22,0.5235765010584146,0.59375,0.359375,0.715074896812439,190.70082092285156,0.359375,190.70082092285156,0.23690581321716309,2.827744288013413,,
hard_st_cage,parity8,0,23,23,0.5469129260163754,0.59375,0.40625,1.3256011009216309,129.81747436523438,0.40625,129.81747436523438,0.23622846603393555,2.8219445785393225,,
hard_st_cage,parity8,0,24,24,0.5708251101896167,0.59375,0.375,2.116349458694458,137.59747314453125,0.375,137.59747314453125,0.23561909794807434,2.816293114515519,,
hard_st_cage,parity8,0,25,25,0.5942021941300482,0.59375,0.375,2.1877615451812744,142.306640625,0.375,142.306640625,0.2350001186132431,2.8107866671462234,,
hard_st_cage,parity8,0,26,26,0.6180901520419866,0.59375,0.375,2.707345962524414,159.4399871826172,0.375,159.4399871826172,0.23440462350845337,2.8054220351324943,,
hard_st_cage,parity8,0,27,27,0.6419253640342504,0.59375,0.375,3.6997873783111572,156.37997436523438,0.375,156.37997436523438,0.23388642072677612,2.8001926884868555,,
hard_st_cage,parity8,0,28,28,0.6653493919875473,0.59375,0.34375,4.19819450378418,168.83663940429688,0.34375,168.83663940429688,0.23335663974285126,2.795094975884459,,
hard_st_cage,parity8,0,29,29,0.6886844970285892,0.59375,0.390625,5.014553546905518,104.79580688476562,0.390625,104.79580688476562,0.23279623687267303,2.7901281730686556,,
hard_st_cage,parity8,0,30,30,0.71183479600586,0.59375,0.390625,4.354197978973389,181.3149871826172,0.390625,181.3149871826172,0.23224329948425293,2.7852893181055256,,
hard_st_cage,parity8,0,31,31,0.7350728430319577,0.59375,0.328125,4.004359245300293,196.9399871826172,0.328125,196.9399871826172,0.23166798055171967,2.7805772217047235,,
hard_st_cage,parity8,0,32,32,0.7584112861659378,0.59375,0.53125,4.771877288818359,167.20916748046875,0.53125,167.20916748046875,0.23109425604343414,2.775989524202801,,
hard_st_cage,parity8,0,33,33,0.7818390561733395,0.59375,0.5,4.217456817626953,82.92080688476562,0.5,82.92080688476562,0.23055937886238098,2.7715216921040216,,
hard_st_cage,parity8,0,34,34,0.805125285172835,0.59375,0.390625,3.5882768630981445,128.21163940429688,0.390625,128.21163940429688,0.2299821674823761,2.7671727978734224,,
hard_st_cage,parity8,0,35,35,0.828689337009564,0.59375,0.421875,3.5740115642547607,106.4016342163086,0.421875,106.4016342163086,0.22933536767959595,2.762944075419649,,
hard_st_cage,parity8,0,36,36,0.8520637850742787,0.59375,0.40625,3.1996333599090576,154.78497314453125,0.40625,154.78497314453125,0.2287525236606598,2.7588313798431128,,
hard_st_cage,parity8,0,37,37,0.8750679630320519,0.59375,0.328125,3.6293013095855713,140.7008056640625,0.328125,140.7008056640625,0.22819390892982483,2.7548307537352175,,
hard_st_cage,parity8,0,38,38,0.8992979160975665,0.59375,0.53125,4.276485919952393,112.58663940429688,0.53125,112.58663940429688,0.22767581045627594,2.7509376669689773,,
hard_st_cage,parity8,0,39,39,0.9229858689941466,0.59375,0.515625,4.112543106079102,82.98579406738281,0.515625,82.98579406738281,0.22716230154037476,2.7471487568096262,,
hard_st_cage,parity8,0,40,40,0.9464098419994116,0.59375,0.390625,3.0667545795440674,132.94247436523438,0.390625,132.94247436523438,0.22656580805778503,2.7434660828108637,,
hard_st_cage,parity8,0,41,41,0.9697130990680307,0.59375,0.515625,3.197937250137329,87.60829162597656,0.515625,87.60829162597656,0.22598564624786377,2.739888081592197,,
hard_st_cage,parity8,0,42,42,0.9930764541495591,0.59375,0.453125,2.6249051094055176,129.73081970214844,0.453125,129.73081970214844,0.22545206546783447,2.7364098033010973,,
hard_st_cage,parity8,0,43,43,1.016550554195419,0.59375,0.453125,2.3239831924438477,121.97247314453125,0.453125,121.97247314453125,0.2249266356229782,2.73302899495225,,
hard_st_cage,parity8,0,44,44,1.0398792151827365,0.59375,0.46875,3.147256851196289,121.9508056640625,0.46875,121.9508056640625,0.22441400587558746,2.7297427394451814,,
hard_st_cage,parity8,0,45,45,1.0637269869912416,0.59375,0.390625,3.7317652702331543,136.02413940429688,0.390625,136.02413940429688,0.22388732433319092,2.7265496365017414,,
hard_st_cage,parity8,0,46,46,1.0868764740880579,0.59375,0.5,5.397187232971191,125.0324935913086,0.5,125.0324935913086,0.22337470948696136,2.723447491892394,,
hard_st_cage,parity8,0,47,47,1.1101536331698298,0.59375,0.4375,6.0048980712890625,96.994140625,0.4375,96.994140625,0.222875714302063,2.7204334100900778,,
hard_st_cage,parity8,0,48,48,1.1334730919916183,0.59375,0.609375,6.462985992431641,142.22000122070312,0.609375,142.22000122070312,0.22237735986709595,2.7175061400471527,,
hard_st_cage,parity8,0,49,49,1.1569443789776415,0.59375,0.4375,5.265207290649414,100.06497955322266,0.4375,100.06497955322266,0.22191020846366882,2.7146623440020488,,
hard_st_cage,parity8,0,50,50,1.1802498730830848,0.59375,0.421875,3.230100393295288,157.8774871826172,0.421875,157.8774871826172,0.2214599847793579,2.71189932955854,,
hard_st_cage,parity8,0,51,51,1.20379667612724,0.59375,0.40625,3.1491541862487793,115.70081329345703,0.40625,115.70081329345703,0.2210208773612976,2.70921459398841,,
hard_st_cage,parity8,0,52,52,1.2271240390837193,0.59375,0.453125,2.9647021293640137,143.869140625,0.453125,143.869140625,0.2206207811832428,2.706604774884302,,
hard_st_cage,parity8,0,53,53,1.250619734171778,0.59375,0.375,1.5691696405410767,218.79331970214844,0.375,218.79331970214844,0.22018279135227203,2.7040697723147167,,
hard_st_cage,parity8,0,54,54,1.273993963142857,0.59375,0.46875,1.2186232805252075,151.64913940429688,0.46875,151.64913940429688,0.21970424056053162,2.7016101184731234,,
hard_st_cage,parity8,0,55,55,1.2976737529970706,0.59375,0.390625,0.8367664813995361,157.87747192382812,0.390625,157.87747192382812,0.219260111451149,2.699223488455109,,
hard_st_cage,parity8,0,56,56,1.3213963531889021,0.59375,0.40625,1.136880874633789,111.03497314453125,0.40625,111.03497314453125,0.21877393126487732,2.6969097923838885,,
hard_st_cage,parity8,0,57,57,1.3448916161432862,0.59375,0.40625,1.594020128250122,106.40162658691406,0.40625,106.40162658691406,0.2182803899049759,2.6946680532990768,,
hard_st_cage,parity8,0,58,58,1.3683209111914039,0.59375,0.421875,1.1682385206222534,146.98330688476562,0.421875,146.98330688476562,0.21775133907794952,2.692498848723929,,
hard_st_cage,parity8,0,59,59,1.3915160661563277,0.59375,0.40625,1.492702603340149,89.19245910644531,0.40625,89.19245910644531,0.21722187101840973,2.6904006672763807,,
hard_st_cage,parity8,0,60,60,1.4151436230167747,0.59375,0.375,2.3391199111938477,103.29828643798828,0.375,103.29828643798828,0.21672558784484863,2.6883711327745505,,
hard_st_cage,parity8,0,61,61,1.4391228810418397,0.59375,0.484375,2.5476701259613037,101.64913940429688,0.484375,101.64913940429688,0.21625101566314697,2.686407260846324,,
hard_st_cage,parity8,0,62,62,1.4627521170768887,0.59375,0.53125,2.596040725708008,100.08663940429688,0.53125,100.08663940429688,0.2157869040966034,2.6845073199088154,,
hard_st_cage,parity8,0,63,63,1.4861988939810544,0.59375,0.46875,2.870819091796875,81.41246032714844,0.46875,81.41246032714844,0.2153819501399994,2.6826674051253065,,
hard_st_cage,parity8,0,64,64,1.5094041251577437,0.59375,0.5,3.413482189178467,78.22247314453125,0.5,78.22247314453125,0.21497945487499237,2.680885429109675,,
hard_st_cage,parity8,0,65,65,1.5327109720092267,0.59375,0.3125,3.2805237770080566,161.02413940429688,0.3125,161.02413940429688,0.21454837918281555,2.67916146089884,,
hard_st_cage,parity8,0,66,66,1.556260823039338,0.59375,0.375,3.5982792377471924,98.64328002929688,0.375,98.64328002929688,0.21413934230804443,2.6774938056425683,,
hard_st_cage,parity8,0,67,67,1.5796065260656178,0.59375,0.375,3.2836837768554688,157.89913940429688,0.375,157.89913940429688,0.21371465921401978,2.6758816627780857,,
hard_st_cage,parity8,0,68,68,1.6030482740607113,0.59375,0.4375,3.374666929244995,106.40162658691406,0.4375,106.40162658691406,0.21330425143241882,2.674323564242986,,
hard_st_cage,parity8,0,69,69,1.6263197851367295,0.59375,0.484375,2.9410414695739746,112.59747314453125,0.484375,112.59747314453125,0.21287712454795837,2.6728190153308518,,
hard_st_cage,parity8,0,70,70,1.649745682021603,0.59375,0.53125,2.611100435256958,115.70082092285156,0.53125,115.70082092285156,0.21246463060379028,2.6713663902476825,,
hard_st_cage,parity8,0,71,71,1.6735411370173097,0.59375,0.421875,1.8833110332489014,79.79580688476562,0.421875,79.79580688476562,0.2120782434940338,2.6699636664509923,,
hard_st_cage,parity8,0,72,72,1.6970348940230906,0.59375,0.5,1.9225122928619385,154.7633056640625,0.5,154.7633056640625,0.211716428399086,2.668608297540585,,
hard_st_cage,parity8,0,73,73,1.7204830921255052,0.59375,0.421875,2.5577971935272217,107.94246673583984,0.421875,107.94246673583984,0.21137931942939758,2.667297922686861,,
hard_st_cage,parity8,0,74,74,1.7436541269998997,0.59375,0.5,2.5700671672821045,101.6383056640625,0.5,101.6383056640625,0.21100980043411255,2.6660326645911887,,
hard_st_cage,parity8,0,75,75,1.7672287381719798,0.59375,0.484375,1.9312481880187988,181.32582092285156,0.484375,181.32582092285156,0.21060214936733246,2.664813969978784,,
hard_st_cage,parity8,0,76,76,1.7911153270397335,0.59375,0.375,2.3533568382263184,120.43162536621094,0.375,120.43162536621094,0.2102287858724594,2.6636398460522863,,
hard_st_cage,parity8,0,77,77,1.8146630011033267,0.59375,0.4375,2.2651400566101074,95.38832092285156,0.4375,95.38832092285156,0.2098574936389923,2.6625087314245173,,
hard_st_cage,parity8,0,78,78,1.8379779001697898,0.59375,0.453125,1.8999805450439453,93.87996673583984,0.453125,93.87996673583984,0.20949988067150116,2.6614192803317773,,
hard_st_cage,parity8,0,79,79,1.8614868451841176,0.59375,0.34375,1.7389659881591797,109.50497436523438,0.34375,109.50497436523438,0.20910926163196564,2.6603716921399174,,
hard_st_cage,parity8,0,80,80,1.88648080220446,0.59375,0.453125,1.936325192451477,121.96163940429688,0.453125,121.96163940429688,0.2087821662425995,2.6593632887511944,,
hard_st_cage,parity8,0,81,81,1.910006188089028,0.59375,0.453125,1.7377245426177979,106.3366470336914,0.453125,106.3366470336914,0.208509624004364,2.6583902801706767,,
hard_st_cage,parity8,0,82,82,1.9344239430502057,0.59375,0.546875,1.3876107931137085,84.47247314453125,0.546875,84.47247314453125,0.20819108188152313,2.657452685952013,,
hard_st_cage,parity8,0,83,83,1.9577995520085096,0.59375,0.34375,0.834172248840332,136.03497314453125,0.34375,136.03497314453125,0.20784084498882294,2.656551749610663,,
hard_st_cage,parity8,0,84,84,1.9813507951330394,0.59375,0.421875,0.6785594820976257,86.04580688476562,0.421875,86.04580688476562,0.20751309394836426,2.6556868587899167,,
hard_st_cage,parity8,0,85,85,2.0043578681070358,0.59375,0.53125,0.677723228931427,79.79580688476562,0.53125,79.79580688476562,0.20721860229969025,2.6548551279934345,,
hard_st_cage,parity8,0,86,86,2.027589727193117,0.59375,0.40625,0.6849328875541687,125.11913299560547,0.40625,125.11913299560547,0.20696155726909637,2.6540539758657733,,
hard_st_cage,parity8,0,87,87,2.050921879010275,0.59375,0.484375,0.6876353621482849,89.20330047607422,0.484375,89.20330047607422,0.20669883489608765,2.653282757246488,,
hard_st_cage,parity8,0,88,88,2.0745121731888503,0.40625,0.4375,0.8782529830932617,131.34747314453125,0.4375,131.34747314453125,0.20646348595619202,2.65253976491161,,
hard_st_cage,parity8,0,89,89,2.0978357791900635,0.40625,0.515625,0.8902236223220825,65.76579284667969,0.515625,65.76579284667969,0.2062099277973175,2.6518246839491244,,
hard_st_cage,parity8,0,90,90,2.1212394901085645,0.40625,0.46875,1.8641483783721924,123.52413940429688,0.46875,123.52413940429688,0.20596489310264587,2.6511370144782234,,
hard_st_cage,parity8,0,91,91,2.1447236731182784,0.40625,0.53125,2.028132200241089,84.47247314453125,0.53125,84.47247314453125,0.20571401715278625,2.650476032001581,,
hard_st_cage,parity8,0,92,92,2.168090877123177,0.40625,0.546875,2.360628366470337,50.184120178222656,0.546875,50.184120178222656,0.20546725392341614,2.649841552502017,,
hard_st_cage,parity8,0,93,93,2.1913401861675084,0.40625,0.390625,2.3761541843414307,114.18162536621094,0.390625,114.18162536621094,0.20520758628845215,2.6492332947334956,,
hard_st_cage,parity8,0,94,94,2.2146853741724044,0.40625,0.46875,1.3323638439178467,75.1624526977539,0.46875,75.1624526977539,0.20493975281715393,2.6486514101855847,,
hard_st_cage,parity8,0,95,95,2.23850331408903,0.40625,0.4375,0.7467343211174011,70.43163299560547,0.4375,70.43163299560547,0.20470713078975677,2.6480938626759527,,
hard_st_cage,parity8,0,96,96,2.261730276979506,0.40625,0.4375,0.715147078037262,95.46411895751953,0.4375,95.46411895751953,0.20450405776500702,2.6475584141500748,,
hard_st_cage,parity8,0,97,97,2.28532250598073,0.40625,0.4375,1.0880873203277588,107.8883056640625,0.4375,107.8883056640625,0.2043088674545288,2.6470440672685114,,
hard_st_cage,parity8,0,98,98,2.308657511137426,0.40625,0.5,1.1756151914596558,86.07829284667969,0.5,86.07829284667969,0.2040739208459854,2.646551942606479,,
hard_st_cage,parity8,0,99,99,2.3324937000870705,0.40625,0.390625,1.9361274242401123,175.0758056640625,0.390625,175.0758056640625,0.2038518637418747,2.6460816633479736,,
hard_st_cage,parity8,0,100,100,2.3562664340715855,0.40625,0.46875,1.7131788730621338,90.68998718261719,0.46875,90.68998718261719,0.20364296436309814,2.6456319993653477,,
hard_st_cage,parity8,0,101,101,2.379982036072761,0.40625,0.359375,1.5768710374832153,87.68412017822266,0.359375,87.68412017822266,0.20340201258659363,2.645203435664455,,
hard_st_cage,parity8,0,102,102,2.403851115144789,0.40625,0.390625,1.177489161491394,126.6707992553711,0.390625,126.6707992553711,0.2031555026769638,2.6447964078829713,,
hard_st_cage,parity8,0,103,103,2.4271997201722115,0.40625,0.4375,0.7324366569519043,104.7741470336914,0.4375,104.7741470336914,0.20290851593017578,2.6444107129961028,,
hard_st_cage,parity8,0,104,104,2.4506190880201757,0.59375,0.484375,0.6755920648574829,103.244140625,0.484375,103.244140625,0.20267236232757568,2.644045332717643,,
hard_st_cage,parity8,0,105,105,2.474149608053267,0.40625,0.4375,0.818747341632843,104.81745910644531,0.4375,104.81745910644531,0.2024514377117157,2.6436995483405945,,
hard_st_cage,parity8,0,106,106,2.497344007017091,0.40625,0.453125,0.7065484523773193,114.18163299560547,0.453125,114.18163299560547,0.20221975445747375,2.6433723881969753,,
hard_st_cage,parity8,0,107,107,2.5206972430460155,0.40625,0.4375,0.9675951600074768,97.02662658691406,0.4375,97.02662658691406,0.20194557309150696,2.6430654933888533,,
hard_st_cage,parity8,0,108,108,2.54431638517417,0.40625,0.421875,0.8503713607788086,95.3991470336914,0.421875,95.3991470336914,0.2016507238149643,2.642780278104854,,
hard_st_cage,parity8,0,109,109,2.567800533026457,0.40625,0.359375,1.6259578466415405,143.8799591064453,0.359375,143.8799591064453,0.20135624706745148,2.6425164473296645,,
hard_st_cage,parity8,0,110,110,2.591358054196462,0.40625,0.546875,1.447109580039978,78.21163940429688,0.546875,78.21163940429688,0.20109499990940094,2.6422721606721318,,
hard_st_cage,parity8,0,111,111,2.6148692320566624,0.40625,0.5625,2.6449387073516846,101.67080688476562,0.5625,101.67080688476562,0.2008289396762848,2.6420469407947325,,
hard_st_cage,parity8,0,112,112,2.6379697101656348,0.40625,0.453125,3.6609725952148438,79.75247955322266,0.453125,79.75247955322266,0.20059719681739807,2.6418385438869105,,
hard_st_cage,parity8,0,113,113,2.661392991198227,0.40625,0.5625,3.951838970184326,70.45329284667969,0.5625,70.45329284667969,0.20033660531044006,2.6416481585987395,,
hard_st_cage,parity8,0,114,114,2.684872921090573,0.40625,0.421875,3.0996530055999756,139.11663818359375,0.421875,139.11663818359375,0.2000325620174408,2.6414769900122677,,
hard_st_cage,parity8,0,115,115,2.7083164711948484,0.40625,0.609375,1.7193547487258911,128.14666748046875,0.609375,128.14666748046875,0.1997320055961609,2.6413253207956786,,
hard_st_cage,parity8,0,116,116,2.7317453341092914,0.40625,0.34375,3.4929168224334717,207.84500122070312,0.34375,207.84500122070312,0.19947007298469543,2.6411908851863872,,
hard_st_cage,parity8,0,117,117,2.7551972391083837,0.40625,0.484375,3.8511595726013184,117.28497314453125,0.484375,117.28497314453125,0.19914557039737701,2.6410752365414867,,
hard_st_cage,parity8,0,118,118,2.7787637610454112,0.40625,0.46875,3.3888673782348633,86.07829284667969,0.46875,86.07829284667969,0.19883067905902863,2.6409788875002684,,
hard_st_cage,parity8,0,119,119,2.8023431561887264,0.40625,0.4375,4.293609142303467,175.06497192382812,0.4375,175.06497192382812,0.19852882623672485,2.6409008411615553,,
hard_st_cage,parity8,0,120,120,2.8258281650487334,0.40625,0.328125,4.209776401519775,103.3199462890625,0.328125,103.3199462890625,0.19824948906898499,2.6408394114056506,,
block_relaxed,parity8,0,1,1,0.01004217891022563,0.5625,0.53125,45.146156311035156,195.34498596191406,,,,1.0,0,0.009499749168753624
block_relaxed,parity8,0,2,2,0.015953331952914596,0.546875,0.5,39.55337905883789,214.1166534423828,,,,1.0,0,0.015410717111080885
block_relaxed,parity8,0,3,3,0.02178212092258036,0.546875,0.5,37.78388977050781,214.1166534423828,,,,1.0,0,0.021239785011857748
block_relaxed,parity8,0,4,4,0.0275041819550097,0.4375,0.453125,39.44576644897461,207.8883056640625,,,,1.0,0,0.026961083058267832
block_relaxed,parity8,0,5,5,0.03319383505731821,0.421875,0.453125,39.34503936767578,253.15750122070312,,,,1.0,0,0.032650663051754236
block_relaxed,parity8,0,6,6,0.03883674298413098,0.40625,0.421875,36.831817626953125,218.8366241455078,,,,1.0,0,0.038293590070679784
block_relaxed,parity8,0,7,7,0.04450550093315542,0.46875,0.453125,34.45428466796875,196.96163940429688,,,,1.0,0,0.043962331023067236
block_relaxed,parity8,0,8,8,0.05029689893126488,0.5,0.515625,32.79255676269531,181.29331970214844,,,,1.0,0,0.04975372110493481
block_relaxed,parity8,0,9,9,0.0559637809637934,0.5,0.515625,31.29444122314453,181.29331970214844,,,,1.0,0,0.055420593125745654
block_relaxed,parity8,0,10,10,0.06160022295080125,0.515625,0.5,30.144561767578125,186.0133056640625,,,,1.0,0,0.061057056998834014
block_relaxed,parity8,0,11,11,0.06735931686125696,0.546875,0.5,29.373811721801758,186.0133056640625,,,,1.0,0,0.06681613018736243
block_relaxed,parity8,0,12,12,0.07298809406347573,0.484375,0.5,28.607194900512695,186.0133056640625,,,,1.0,0,0.07244489714503288
block_relaxed,parity8,0,13,13,0.07867236691527069,0.453125,0.46875,28.261056900024414,201.6383056640625,,,,1.0,0,0.07812916208058596
block_relaxed,parity8,0,14,14,0.0842854268848896,0.46875,0.484375,28.531967163085938,201.61663818359375,,,,1.0,0,0.08374225813895464
block_relaxed,parity8,0,15,15,0.08995315502397716,0.421875,0.4375,28.318330764770508,232.8666534423828,,,,1.0,0,0.08940992620773613
block_relaxed,parity8,0,16,16,0.09565279306843877,0.453125,0.453125,26.819320678710938,242.2308349609375,,,,1.0,0,0.09510993002913892
block_relaxed,parity8,0,17,17,0.10133445891551673,0.484375,0.453125,24.458057403564453,196.9399871826172,,,,1.0,0,0.10079125221818686
block_relaxed,parity8,0,18,18,0.10698786191642284,0.5,0.46875,22.20171356201172,164.14913940429688,,,,1.0,0,0.10644467500969768
block_relaxed,parity8,0,19,19,0.1127421548590064,0.53125,0.46875,20.782840728759766,162.60830688476562,,,,1.0,0,0.11219901707954705
block_relaxed,parity8,0,20,20,0.11847079801373184,0.53125,0.46875,19.819826126098633,181.34747314453125,,,,1.0,0,0.11792757920920849
block_relaxed,parity8,0,21,21,0.12433395883999765,0.5,0.46875,19.060649871826172,181.34747314453125,,,,1.0,0,0.12379081803373992
block_relaxed,parity8,0,22,22,0.12995185190811753,0.46875,0.46875,18.658611297607422,181.34747314453125,,,,1.0,0,0.12940864404663444
block_relaxed,parity8,0,23,23,0.13562400289811194,0.484375,0.46875,17.698307037353516,170.3883056640625,,,,1.0,0,0.13508080202154815
block_relaxed,parity8,0,24,24,0.14135167701169848,0.453125,0.46875,16.568410873413086,170.3883056640625,,,,1.0,0,0.14080855413340032
block_relaxed,parity8,0,25,25,0.1470396730583161,0.453125,0.46875,15.492183685302734,170.3883056640625,,,,1.0,0,0.1464965301565826
block_relaxed,parity8,0,26,26,0.15256208297796547,0.4375,0.46875,14.546684265136719,170.3883056640625,,,,1.0,0,0.1520189200527966
block_relaxed,parity8,0,27,27,0.1582343999762088,0.5,0.53125,13.332476615905762,143.8258056640625,,,,1.0,0,0.15769125311635435
block_relaxed,parity8,0,28,28,0.16390371299348772,0.46875,0.484375,11.924613952636719,159.4508056640625,,,,1.0,0,0.16336052911356091
block_relaxed,parity8,0,29,29,0.16957671893760562,0.453125,0.5,10.725862503051758,167.25247192382812,,,,1.0,0,0.16903359815478325
block_relaxed,parity8,0,30,30,0.17520890501327813,0.453125,0.5,9.794517517089844,167.25247192382812,,,,1.0,0,0.1746657642070204
block_relaxed,parity8,0,1,31,0.18542084889486432,0.40625,0.390625,52.9733772277832,73.29217529296875,,,,1.0,1,0.0059500138740986586
block_relaxed,parity8,0,2,32,0.1912318328395486,0.40625,0.40625,23.585330963134766,52.085052490234375,,,,1.0,1,0.011760982917621732
block_relaxed,parity8,0,3,33,0.1968828379176557,0.5,0.484375,6.2719950675964355,24.99958610534668,,,,1.0,1,0.017412056913599372
block_relaxed,parity8,0,4,34,0.2025575719308108,0.59375,0.53125,15.085329055786133,24.95870018005371,,,,1.0,1,0.023086728993803263
block_relaxed,parity8,0,5,35,0.20818734797649086,0.59375,0.53125,15.64830493927002,24.95870018005371,,,,1.0,1,0.02871652878820896
block_relaxed,parity8,0,6,36,0.21376128494739532,0.5625,0.53125,10.23990249633789,24.95870018005371,,,,1.0,1,0.03429041593335569
block_relaxed,parity8,0,7,37,0.21948970202356577,0.421875,0.484375,6.1159186363220215,24.99958610534668,,,,1.0,1,0.04001891380175948
block_relaxed,parity8,0,8,38,0.22513188584707677,0.46875,0.421875,12.837846755981445,29.761798858642578,,,,1.0,1,0.04566104896366596
block_relaxed,parity8,0,9,39,0.23074292903766036,0.4375,0.421875,17.329700469970703,29.761798858642578,,,,1.0,1,0.051272112876176834
block_relaxed,parity8,0,10,40,0.23636842402629554,0.453125,0.421875,14.536529541015625,29.761798858642578,,,,1.0,1,0.05689758691005409
block_relaxed,parity8,0,11,41,0.24202297604642808,0.421875,0.421875,8.319565773010254,29.761798858642578,,,,1.0,1,0.06255219178274274
block_relaxed,parity8,0,12,42,0.2476292948704213,0.453125,0.421875,5.676037311553955,29.761798858642578,,,,1.0,1,0.06815839488990605
block_relaxed,parity8,0,13,43,0.2531771659851074,0.515625,0.484375,6.435947895050049,24.99958610534668,,,,1.0,1,0.07370629790239036
block_relaxed,parity8,0,14,44,0.25879633985459805,0.484375,0.421875,5.6570143699646,29.761798858642578,,,,1.0,1,0.07932550180703402
block_relaxed,parity8,0,15,45,0.26441056397743523,0.421875,0.421875,5.756967544555664,29.761798858642578,,,,1.0,1,0.08493971196003258
block_relaxed,parity8,0,16,46,0.2699894569814205,0.421875,0.421875,8.210091590881348,29.761798858642578,,,,1.0,1,0.09051854978315532
block_relaxed,parity8,0,17,47,0.27558459690771997,0.4375,0.421875,7.8406596183776855,29.761798858642578,,,,1.0,1,0.09611369483172894
block_relaxed,parity8,0,18,48,0.2811963229905814,0.421875,0.421875,5.2670111656188965,29.761798858642578,,,,1.0,1,0.1017254248727113
block_relaxed,parity8,0,19,49,0.2867453859653324,0.453125,0.421875,4.702678680419922,29.761798858642578,,,,1.0,1,0.10727450880222023
block_relaxed,parity8,0,20,50,0.2923618438653648,0.421875,0.4375,4.4970479011535645,26.4771785736084,,,,1.0,1,0.11289096693508327
block_relaxed,parity8,0,21,51,0.29795021493919194,0.453125,0.4375,4.924394130706787,26.4771785736084,,,,1.0,1,0.11847933288663626
block_relaxed,parity8,0,22,52,0.30358541989699006,0.453125,0.4375,5.7663092613220215,26.4771785736084,,,,1.0,1,0.12411460187286139
block_relaxed,parity8,0,23,53,0.3091999290045351,0.421875,0.453125,4.647748947143555,26.635053634643555,,,,1.0,1,0.1297290618531406
block_relaxed,parity8,0,24,54,0.3148582640569657,0.40625,0.453125,3.9785072803497314,26.635053634643555,,,,1.0,1,0.13538740994408727
block_relaxed,parity8,0,25,55,0.3203834160231054,0.421875,0.546875,3.8722169399261475,28.29341697692871,,,,1.0,1,0.14091253280639648
block_relaxed,parity8,0,26,56,0.32604557485319674,0.421875,0.546875,4.395752906799316,28.29341697692871,,,,1.0,1,0.1465747298207134
block_relaxed,parity8,0,27,57,0.3316690628416836,0.390625,0.546875,4.562596321105957,28.29341697692871,,,,1.0,1,0.1521981789264828
block_relaxed,parity8,0,28,58,0.33734936406835914,0.40625,0.515625,3.6489431858062744,27.823144912719727,,,,1.0,1,0.15787853999063373
block_relaxed,parity8,0,29,59,0.34286258090287447,0.4375,0.515625,3.5592682361602783,27.823144912719727,,,,1.0,1,0.1633916909340769
block_relaxed,parity8,0,30,60,0.3485176379326731,0.375,0.515625,3.8042798042297363,27.823144912719727,,,,1.0,1,0.16904676682315767
block_relaxed,parity8,0,1,61,0.3621932228561491,0.40625,0.40625,12.4453763961792,26.627094268798828,,,,1.0,2,0.005943062016740441
block_relaxed,parity8,0,2,62,0.36791791394352913,0.390625,0.40625,9.25216007232666,26.627094268798828,,,,1.0,2,0.011667728889733553
block_relaxed,parity8,0,3,63,0.3735947988461703,0.515625,0.578125,4.108264923095703,13.146280288696289,,,,1.0,2,0.017344717867672443
block_relaxed,parity8,0,4,64,0.37931785895489156,0.546875,0.578125,5.518174171447754,13.146280288696289,,,,1.0,2,0.02306770090945065
block_relaxed,parity8,0,5,65,0.38487675692886114,0.484375,0.578125,3.085658073425293,13.146280288696289,,,,1.0,2,0.028626632876694202
block_relaxed,parity8,0,6,66,0.39053166192024946,0.421875,0.40625,6.4180378913879395,26.627094268798828,,,,1.0,2,0.0342815020121634
block_relaxed,parity8,0,7,67,0.3961421549320221,0.46875,0.4375,3.9713051319122314,7.802031993865967,,,,1.0,2,0.03989198594354093
block_relaxed,parity8,0,8,68,0.40172565705142915,0.5625,0.578125,3.363579034805298,13.146280288696289,,,,1.0,2,0.04547553393058479
block_relaxed,parity8,0,9,69,0.40732196695171297,0.5625,0.4375,3.6726131439208984,7.802031993865967,,,,1.0,2,0.05107183498330414
block_relaxed,parity8,0,10,70,0.41298111295327544,0.5,0.4375,3.051316738128662,7.802031993865967,,,,1.0,2,0.056730999844148755
block_relaxed,parity8,0,11,71,0.41863560606725514,0.453125,0.4375,4.615472316741943,10.188769340515137,,,,1.0,2,0.06238553090952337
block_relaxed,parity8,0,12,72,0.42424848885275424,0.484375,0.4375,3.1315715312957764,10.188769340515137,,,,1.0,2,0.06799837690778077
block_relaxed,parity8,0,13,73,0.42989874398335814,0.5625,0.4375,2.9208388328552246,10.188769340515137,,,,1.0,2,0.07364865695126355
block_relaxed,parity8,0,14,74,0.4355214878451079,0.5,0.4375,2.8067195415496826,10.188769340515137,,,,1.0,2,0.0792713409755379
block_relaxed,parity8,0,15,75,0.4410941549576819,0.5,0.4375,3.227083921432495,10.188769340515137,,,,1.0,2,0.08484401600435376
block_relaxed,parity8,0,16,76,0.446810110937804,0.484375,0.4375,3.265324354171753,10.188769340515137,,,,1.0,2,0.09056001086719334
block_relaxed,parity8,0,17,77,0.4524168069474399,0.515625,0.4375,2.746673583984375,10.188769340515137,,,,1.0,2,0.09616672480478883
block_relaxed,parity8,0,18,78,0.45806969492696226,0.53125,0.4375,2.7441627979278564,10.188769340515137,,,,1.0,2,0.10181951196864247
block_relaxed,parity8,0,19,79,0.46367149404250085,0.5,0.4375,2.7162652015686035,10.188769340515137,,,,1.0,2,0.10742138093337417
block_relaxed,parity8,0,20,80,0.46934464084915817,0.484375,0.4375,3.1769039630889893,10.188769340515137,,,,1.0,2,0.11309456685557961
block_relaxed,parity8,0,21,81,0.47501002298668027,0.46875,0.4375,2.7555582523345947,10.188769340515137,,,,1.0,2,0.11875984189100564
block_relaxed,parity8,0,22,82,0.4806470519397408,0.5,0.4375,2.6040396690368652,10.188769340515137,,,,1.0,2,0.12439686199650168
block_relaxed,parity8,0,23,83,0.4862714030314237,0.515625,0.4375,2.58927845954895,10.188769340515137,,,,1.0,2,0.13002123381011188
block_relaxed,parity8,0,24,84,0.49189462093636394,0.484375,0.4375,3.004420280456543,10.188769340515137,,,,1.0,2,0.1356445278506726
block_relaxed,parity8,0,25,85,0.4975144159980118,0.5,0.4375,2.749526262283325,10.188769340515137,,,,1.0,2,0.141264236997813
block_relaxed,parity8,0,26,86,0.5030442490242422,0.53125,0.46875,2.486682653427124,9.975343704223633,,,,1.0,2,0.1467940779402852
block_relaxed,parity8,0,27,87,0.5086506260558963,0.46875,0.46875,2.5567641258239746,9.975343704223633,,,,1.0,2,0.15240048593841493
block_relaxed,parity8,0,28,88,0.5143281070049852,0.453125,0.40625,2.7310268878936768,25.452171325683594,,,,1.0,2,0.15807796991430223
block_relaxed,parity8,0,29,89,0.5199315298814327,0.515625,0.40625,2.4037985801696777,25.452171325683594,,,,1.0,2,0.16368136601522565
block_relaxed,parity8,0,30,90,0.5255635760258883,0.5,0.453125,2.3796844482421875,8.731498718261719,,,,1.0,2,0.16931341378949583
block_relaxed,parity8,0,1,91,0.5419559818692505,0.59375,0.59375,3.431373119354248,17.688762664794922,,,,1.0,3,0.005975048989057541
block_relaxed,parity8,0,2,92,0.5476658889092505,0.40625,0.59375,3.0713045597076416,17.688762664794922,,,,1.0,3,0.011684948112815619
block_relaxed,parity8,0,3,93,0.5533336580265313,0.59375,0.59375,1.8399081230163574,17.688762664794922,,,,1.0,3,0.017352702096104622
block_relaxed,parity8,0,4,94,0.5589660489931703,0.40625,0.59375,1.7105928659439087,17.688762664794922,,,,1.0,3,0.0229850800242275
block_relaxed,parity8,0,5,95,0.5646572220139205,0.40625,0.59375,1.1430261135101318,17.688762664794922,,,,1.0,3,0.028676218120381236
block_relaxed,parity8,0,6,96,0.5703659688588232,0.59375,0.59375,1.5286164283752441,17.688762664794922,,,,1.0,3,0.03438501316122711
block_relaxed,parity8,0,7,97,0.5759908149484545,0.40625,0.59375,1.9310773611068726,17.688762664794922,,,,1.0,3,0.040009869961068034
block_relaxed,parity8,0,8,98,0.581650089006871,0.625,0.59375,0.6951009035110474,17.688762664794922,,,,1.0,3,0.045669136103242636
block_relaxed,parity8,0,9,99,0.587363886879757,0.59375,0.59375,0.8735935091972351,17.688762664794922,,,,1.0,3,0.05138293304480612
block_relaxed,parity8,0,10,100,0.5929655970539898,0.40625,0.59375,1.4762285947799683,14.517528533935547,,,,1.0,3,0.05698465998284519
block_relaxed,parity8,0,11,101,0.5986562729813159,0.59375,0.59375,0.7869884967803955,14.517528533935547,,,,1.0,3,0.06267535407096148
block_relaxed,parity8,0,12,102,0.6042945198714733,0.40625,0.59375,1.0457115173339844,14.517528533935547,,,,1.0,3,0.06831354810856283
block_relaxed,parity8,0,13,103,0.6099426969885826,0.5625,0.59375,0.7765581607818604,14.517528533935547,,,,1.0,3,0.07396171102300286
block_relaxed,parity8,0,14,104,0.6155911039095372,0.5625,0.59375,0.7157846689224243,14.517528533935547,,,,1.0,3,0.07961017498746514
block_relaxed,parity8,0,15,105,0.6211770409718156,0.40625,0.59375,1.2549784183502197,14.517528533935547,,,,1.0,3,0.08519610203802586
block_relaxed,parity8,0,16,106,0.6268193488940597,0.59375,0.59375,0.7516611218452454,14.517528533935547,,,,1.0,3,0.09083840809762478
block_relaxed,parity8,0,17,107,0.6323574229609221,0.40625,0.59375,1.1071763038635254,14.517528533935547,,,,1.0,3,0.09637647913768888
block_relaxed,parity8,0,18,108,0.6380386659875512,0.546875,0.59375,0.6775155067443848,14.517528533935547,,,,1.0,3,0.10205775313079357
block_relaxed,parity8,0,19,109,0.6436802090611309,0.625,0.59375,0.6913665533065796,12.125240325927734,,,,1.0,3,0.10769931296817958
block_relaxed,parity8,0,20,110,0.6493501460645348,0.46875,0.59375,0.8759239315986633,12.125240325927734,,,,1.0,3,0.11336922110058367
block_relaxed,parity8,0,21,111,0.6549733090214431,0.59375,0.59375,0.7325802445411682,12.125240325927734,,,,1.0,3,0.11899236915633082
block_relaxed,parity8,0,22,112,0.6606449990067631,0.40625,0.59375,1.0039321184158325,12.125240325927734,,,,1.0,3,0.12466402095742524
block_relaxed,parity8,0,23,113,0.6663521649315953,0.59375,0.59375,0.8366061449050903,12.125240325927734,,,,1.0,3,0.13037122506648302
block_relaxed,parity8,0,24,114,0.6719638360664248,0.46875,0.59375,0.9074335694313049,12.125240325927734,,,,1.0,3,0.13598290015943348
block_relaxed,parity8,0,25,115,0.6776016938965768,0.640625,0.59375,0.7045310735702515,12.125240325927734,,,,1.0,3,0.1416208071168512
block_relaxed,parity8,0,26,116,0.6831962990108877,0.546875,0.59375,0.678858757019043,12.125240325927734,,,,1.0,3,0.14721532515250146
block_relaxed,parity8,0,27,117,0.6888347589410841,0.484375,0.59375,0.8297786712646484,12.125240325927734,,,,1.0,3,0.1528538151178509
block_relaxed,parity8,0,28,118,0.6943387489300221,0.53125,0.59375,0.6729764342308044,12.125240325927734,,,,1.0,3,0.1583577929995954
block_relaxed,parity8,0,29,119,0.7000292639713734,0.46875,0.59375,0.9250810742378235,12.125240325927734,,,,1.0,3,0.16404836904257536
block_relaxed,parity8,0,30,120,0.7057873420417309,0.59375,0.59375,0.6780531406402588,12.125240325927734,,,,1.0,3,0.16980638494715095
block_hard_refit,parity8,0,1,1,0.006703088991343975,0.5625,0.53125,45.146156311035156,195.34498596191406,,,,1.0,0,0.006405599880963564
block_hard_refit,parity8,0,2,2,0.012452404014766216,0.546875,0.5,39.55337905883789,214.1166534423828,,,,1.0,0,0.012154958909377456
block_hard_refit,parity8,0,3,3,0.018169830087572336,0.546875,0.5,37.78388977050781,214.1166534423828,,,,1.0,0,0.017872381024062634
block_hard_refit,parity8,0,4,4,0.023836317006498575,0.4375,0.453125,39.44576644897461,207.8883056640625,,,,1.0,0,0.023538861889392138
block_hard_refit,parity8,0,5,5,0.029559104004874825,0.421875,0.453125,39.34503936767578,253.15750122070312,,,,1.0,0,0.029261620016768575
block_hard_refit,parity8,0,6,6,0.03534712502732873,0.40625,0.421875,36.831817626953125,218.8366241455078,,,,1.0,0,0.035049665020778775
block_hard_refit,parity8,0,7,7,0.0410943990573287,0.46875,0.453125,34.45428466796875,196.96163940429688,,,,1.0,0,0.04079690598882735
block_hard_refit,parity8,0,8,8,0.04677385510876775,0.5,0.515625,32.79255676269531,181.29331970214844,,,,1.0,0,0.046476406045258045
block_hard_refit,parity8,0,9,9,0.05240277107805014,0.5,0.515625,31.29444122314453,181.29331970214844,,,,1.0,0,0.0521052370313555
block_hard_refit,parity8,0,10,10,0.05801862617954612,0.515625,0.5,30.144561767578125,186.0133056640625,,,,1.0,0,0.057721195043995976
block_hard_refit,parity8,0,11,11,0.06376108899712563,0.546875,0.5,29.373811721801758,186.0133056640625,,,,1.0,0,0.06346366298384964
block_hard_refit,parity8,0,12,12,0.06925890105776489,0.484375,0.5,28.607194900512695,186.0133056640625,,,,1.0,0,0.06896145502105355
block_hard_refit,parity8,0,13,13,0.07501273299567401,0.453125,0.46875,28.261056900024414,201.6383056640625,,,,1.0,0,0.07471523503772914
block_hard_refit,parity8,0,14,14,0.08063414203934371,0.46875,0.484375,28.531967163085938,201.61663818359375,,,,1.0,0,0.08033671695739031
block_hard_refit,parity8,0,15,15,0.08630562201142311,0.421875,0.4375,28.318330764770508,232.8666534423828,,,,1.0,0,0.08600813895463943
block_hard_refit,parity8,0,16,16,0.09197417902760208,0.453125,0.453125,26.819320678710938,242.2308349609375,,,,1.0,0,0.09167676791548729
block_hard_refit,parity8,0,17,17,0.09774540713988245,0.484375,0.453125,24.458057403564453,196.9399871826172,,,,1.0,0,0.09744796785525978
block_hard_refit,parity8,0,18,18,0.10352276614867151,0.5,0.46875,22.20171356201172,164.14913940429688,,,,1.0,0,0.10322532383725047
block_hard_refit,parity8,0,19,19,0.10920147900469601,0.53125,0.46875,20.782840728759766,162.60830688476562,,,,1.0,0,0.10890405788086355
block_hard_refit,parity8,0,20,20,0.11484692106023431,0.53125,0.46875,19.819826126098633,181.34747314453125,,,,1.0,0,0.11454974696971476
block_hard_refit,parity8,0,21,21,0.12051359913311899,0.5,0.46875,19.060649871826172,181.34747314453125,,,,1.0,0,0.1202160909306258
block_hard_refit,parity8,0,22,22,0.12619223003275692,0.46875,0.46875,18.658611297607422,181.34747314453125,,,,1.0,0,0.12589479400776327
block_hard_refit,parity8,0,23,23,0.13179095112718642,0.484375,0.46875,17.698307037353516,170.3883056640625,,,,1.0,0,0.13149341102689505
block_hard_refit,parity8,0,24,24,0.13747466914355755,0.453125,0.46875,16.568410873413086,170.3883056640625,,,,1.0,0,0.1371772198472172
block_hard_refit,parity8,0,25,25,0.14515255205333233,0.453125,0.46875,15.492183685302734,170.3883056640625,,,,1.0,0,0.1448576389811933
block_hard_refit,parity8,0,26,26,0.15155282407067716,0.4375,0.46875,14.546684265136719,170.3883056640625,,,,1.0,0,0.15125535102561116
block_hard_refit,parity8,0,27,27,0.15724270814098418,0.5,0.53125,13.332476615905762,143.8258056640625,,,,1.0,0,0.15694523183628917
block_hard_refit,parity8,0,28,28,0.16298832721076906,0.46875,0.484375,11.924613952636719,159.4508056640625,,,,1.0,0,0.1626908089965582
block_hard_refit,parity8,0,29,29,0.16865605721250176,0.453125,0.5,10.725862503051758,167.25247192382812,,,,1.0,0,0.16835859301500022
block_hard_refit,parity8,0,30,30,0.17427262314595282,0.453125,0.5,9.794517517089844,167.25247192382812,,,,1.0,0,0.17397510400041938
block_hard_refit,parity8,0,1,31,0.19810087606310844,0.46875,0.5,50.47425079345703,182.8666534423828,,,,1.0,1,0.006077517056837678
block_hard_refit,parity8,0,2,32,0.2039175380486995,0.53125,0.5,37.96470260620117,182.8666534423828,,,,1.0,1,0.011894171126186848
block_hard_refit,parity8,0,3,33,0.2096221710089594,0.484375,0.46875,34.02910614013672,190.68997192382812,,,,1.0,1,0.017598820151761174
block_hard_refit,parity8,0,4,34,0.21533804712817073,0.5,0.46875,34.180519104003906,190.68997192382812,,,,1.0,1,0.023314631078392267
block_hard_refit,parity8,0,5,35,0.2210127750877291,0.5,0.53125,32.78615951538086,184.38583374023438,,,,1.0,1,0.028989408165216446
block_hard_refit,parity8,0,6,36,0.22667976515367627,0.53125,0.53125,30.626049041748047,184.38583374023438,,,,1.0,1,0.03465641103684902
block_hard_refit,parity8,0,7,37,0.23240219405852258,0.53125,0.5,29.984066009521484,173.5133056640625,,,,1.0,1,0.04037887300364673
block_hard_refit,parity8,0,8,38,0.2379545432049781,0.46875,0.5,31.64419174194336,173.5133056640625,,,,1.0,1,0.04593112599104643
block_hard_refit,parity8,0,9,39,0.24368809815496206,0.46875,0.5,34.48409652709961,170.39913940429688,,,,1.0,1,0.05166466813534498
block_hard_refit,parity8,0,10,40,0.24937868607230484,0.4375,0.4375,34.06854248046875,178.16831970214844,,,,1.0,1,0.05735529703088105
block_hard_refit,parity8,0,11,41,0.2550223090220243,0.46875,0.5,31.714941024780273,170.34500122070312,,,,1.0,1,0.0629988550208509
block_hard_refit,parity8,0,12,42,0.2606854650657624,0.453125,0.5,29.48248291015625,170.34500122070312,,,,1.0,1,0.06866209418512881
block_hard_refit,parity8,0,13,43,0.26630170503631234,0.5,0.5,28.60302734375,170.34500122070312,,,,1.0,1,0.074278281070292
block_hard_refit,parity8,0,14,44,0.27195044606924057,0.5,0.453125,28.794658660888672,170.37747192382812,,,,1.0,1,0.07992705516517162
block_hard_refit,parity8,0,15,45,0.2776009051594883,0.46875,0.453125,29.27850914001465,170.37747192382812,,,,1.0,1,0.08557750098407269
block_hard_refit,parity8,0,16,46,0.28313315217383206,0.421875,0.453125,30.47796630859375,170.37747192382812,,,,1.0,1,0.09110969305038452
block_hard_refit,parity8,0,17,47,0.288803128991276,0.421875,0.453125,31.650794982910156,170.37747192382812,,,,1.0,1,0.09677969804033637
block_hard_refit,parity8,0,18,48,0.29447083501145244,0.421875,0.453125,30.468935012817383,170.37747192382812,,,,1.0,1,0.10244741919450462
block_hard_refit,parity8,0,19,49,0.30014675413258374,0.453125,0.453125,27.865705490112305,170.37747192382812,,,,1.0,1,0.10812335018999875
block_hard_refit,parity8,0,20,50,0.30584580707363784,0.46875,0.453125,26.28692626953125,170.37747192382812,,,,1.0,1,0.11382241104729474
block_hard_refit,parity8,0,21,51,0.31150335702113807,0.46875,0.40625,25.526094436645508,162.5649871826172,,,,1.0,1,0.11947993910871446
block_hard_refit,parity8,0,22,52,0.31718423403799534,0.484375,0.40625,25.300186157226562,162.5649871826172,,,,1.0,1,0.12516077398322523
block_hard_refit,parity8,0,23,53,0.32282228115946054,0.453125,0.484375,24.929624557495117,157.86666870117188,,,,1.0,1,0.13079884904436767
block_hard_refit,parity8,0,24,54,0.3284914430696517,0.453125,0.5,24.079891204833984,154.77413940429688,,,,1.0,1,0.1364680400583893
block_hard_refit,parity8,0,25,55,0.3341409391723573,0.453125,0.5,23.036914825439453,154.77413940429688,,,,1.0,1,0.14211757411248982
block_hard_refit,parity8,0,26,56,0.3398173451423645,0.46875,0.5,22.342906951904297,154.77413940429688,,,,1.0,1,0.1477939561009407
block_hard_refit,parity8,0,27,57,0.3455737300682813,0.484375,0.515625,21.738418579101562,139.1383056640625,,,,1.0,1,0.15355034009553492
block_hard_refit,parity8,0,28,58,0.35114550101570785,0.484375,0.515625,20.865692138671875,139.1383056640625,,,,1.0,1,0.15912206401117146
block_hard_refit,parity8,0,29,59,0.35685315006412566,0.5,0.515625,20.39937973022461,139.1383056640625,,,,1.0,1,0.16482975706458092
block_hard_refit,parity8,0,30,60,0.3624291920568794,0.515625,0.515625,19.941560745239258,139.1383056640625,,,,1.0,1,0.1704057960305363
block_hard_refit,parity8,0,1,61,0.38539603305980563,0.421875,0.34375,49.32883071899414,206.3258056640625,,,,1.0,2,0.005865745944902301
block_hard_refit,parity8,0,2,62,0.39101161318831146,0.484375,0.328125,54.66663360595703,250.05416870117188,,,,1.0,2,0.011481324909254909
block_hard_refit,parity8,0,3,63,0.39678136818110943,0.453125,0.375,47.13325881958008,209.4508056640625,,,,1.0,2,0.01725112390704453
block_hard_refit,parity8,0,4,64,0.40250422805547714,0.421875,0.328125,38.08055114746094,214.14913940429688,,,,1.0,2,0.022974090883508325
block_hard_refit,parity8,0,5,65,0.40818186406977475,0.40625,0.390625,33.265037536621094,179.74166870117188,,,,1.0,2,0.028651581844314933
block_hard_refit,parity8,0,6,66,0.41385888401418924,0.4375,0.390625,30.568984985351562,179.74166870117188,,,,1.0,2,0.03432861901819706
block_hard_refit,parity8,0,7,67,0.41952093807049096,0.453125,0.4375,29.56753158569336,140.72247314453125,,,,1.0,2,0.039990691002458334
block_hard_refit,parity8,0,8,68,0.4251916210632771,0.421875,0.4375,29.84681510925293,140.72247314453125,,,,1.0,2,0.04566131695173681
block_hard_refit,parity8,0,9,69,0.43091883906163275,0.421875,0.375,29.748180389404297,176.62747192382812,,,,1.0,2,0.05138849187642336
block_hard_refit,parity8,0,10,70,0.4366993091534823,0.390625,0.390625,28.428455352783203,151.62747192382812,,,,1.0,2,0.05716903181746602
block_hard_refit,parity8,0,11,71,0.44252227107062936,0.40625,0.390625,26.725448608398438,151.62747192382812,,,,1.0,2,0.06299205287359655
block_hard_refit,parity8,0,12,72,0.4482059790752828,0.4375,0.390625,25.19235610961914,151.62747192382812,,,,1.0,2,0.0686756819486618
block_hard_refit,parity8,0,13,73,0.45394901605322957,0.40625,0.390625,26.144529342651367,151.62747192382812,,,,1.0,2,0.07441873895004392
block_hard_refit,parity8,0,14,74,0.45961894607171416,0.421875,0.390625,26.791473388671875,151.62747192382812,,,,1.0,2,0.08008865802548826
block_hard_refit,parity8,0,15,75,0.4652467439882457,0.390625,0.390625,25.158720016479492,151.62747192382812,,,,1.0,2,0.08571656094864011
block_hard_refit,parity8,0,16,76,0.470873051090166,0.421875,0.390625,24.4033260345459,153.2008056640625,,,,1.0,2,0.09134283103048801
block_hard_refit,parity8,0,17,77,0.476636408129707,0.4375,0.390625,24.89293098449707,153.2008056640625,,,,1.0,2,0.09710626001469791
block_hard_refit,parity8,0,18,78,0.4822868681512773,0.421875,0.390625,25.40601921081543,153.2008056640625,,,,1.0,2,0.10275670001283288
block_hard_refit,parity8,0,19,79,0.48791589005850255,0.453125,0.375,24.99778175354004,148.4916534423828,,,,1.0,2,0.10838567884638906
block_hard_refit,parity8,0,20,80,0.49357807519845665,0.453125,0.375,24.34697151184082,148.4916534423828,,,,1.0,2,0.11404782487079501
block_hard_refit,parity8,0,21,81,0.4992378291208297,0.390625,0.375,24.446937561035156,148.4916534423828,,,,1.0,2,0.11970764887519181
block_hard_refit,parity8,0,22,82,0.5049346820451319,0.375,0.375,24.031272888183594,148.4916534423828,,,,1.0,2,0.1254045779351145
block_hard_refit,parity8,0,23,83,0.5104639600031078,0.390625,0.375,22.337438583374023,148.4916534423828,,,,1.0,2,0.13093372085131705
block_hard_refit,parity8,0,24,84,0.516039839014411,0.390625,0.375,22.34821891784668,148.4916534423828,,,,1.0,2,0.1365095628425479
block_hard_refit,parity8,0,25,85,0.5217208170797676,0.375,0.375,23.297462463378906,148.4916534423828,,,,1.0,2,0.14219056884758174
block_hard_refit,parity8,0,26,86,0.5273722161073238,0.375,0.421875,22.317148208618164,146.91831970214844,,,,1.0,2,0.14784195297397673
block_hard_refit,parity8,0,27,87,0.5330250749830157,0.359375,0.421875,22.460351943969727,146.91831970214844,,,,1.0,2,0.15349476295523345
block_hard_refit,parity8,0,28,88,0.5387043091468513,0.390625,0.421875,22.203411102294922,146.91831970214844,,,,1.0,2,0.15917403902858496
block_hard_refit,parity8,0,29,89,0.544404068030417,0.375,0.421875,21.576099395751953,146.91831970214844,,,,1.0,2,0.1648737918585539
block_hard_refit,parity8,0,30,90,0.5500838900916278,0.359375,0.421875,22.628768920898438,136.05662536621094,,,,1.0,2,0.17055363999679685
block_hard_refit,parity8,0,1,91,0.5745143750682473,0.546875,0.546875,29.993728637695312,117.23081970214844,,,,1.0,3,0.006047894014045596
block_hard_refit,parity8,0,2,92,0.580267891054973,0.546875,0.5625,28.306968688964844,117.21998596191406,,,,1.0,3,0.011801399989053607
block_hard_refit,parity8,0,3,93,0.5859215520322323,0.390625,0.53125,30.84604835510254,120.3449935913086,,,,1.0,3,0.017454949906095862
block_hard_refit,parity8,0,4,94,0.5916514771524817,0.359375,0.5625,36.271339416503906,93.8258056640625,,,,1.0,3,0.0231849099509418
block_hard_refit,parity8,0,5,95,0.597315451130271,0.359375,0.546875,30.37456512451172,98.50248718261719,,,,1.0,3,0.028848846908658743
block_hard_refit,parity8,0,6,96,0.6029523811303079,0.515625,0.546875,25.647502899169922,98.50248718261719,,,,1.0,3,0.03448585397563875
block_hard_refit,parity8,0,7,97,0.6086717681027949,0.546875,0.546875,25.15081787109375,101.60581970214844,,,,1.0,3,0.04020532709546387
block_hard_refit,parity8,0,8,98,0.6143290521577001,0.46875,0.546875,25.68362045288086,104.7957992553711,,,,1.0,3,0.04586254199966788
block_hard_refit,parity8,0,9,99,0.6200417580548674,0.375,0.546875,29.438417434692383,104.7957992553711,,,,1.0,3,0.05157527490518987
block_hard_refit,parity8,0,10,100,0.6257242131978273,0.375,0.546875,29.412961959838867,104.7957992553711,,,,1.0,3,0.05725768697448075
block_hard_refit,parity8,0,11,101,0.6314101081807166,0.40625,0.546875,25.62417221069336,104.7957992553711,,,,1.0,3,0.06294360407628119
block_hard_refit,parity8,0,12,102,0.6370983140077442,0.46875,0.546875,23.718334197998047,104.7957992553711,,,,1.0,3,0.06863184389658272
block_hard_refit,parity8,0,13,103,0.6427132980898023,0.421875,0.546875,24.217069625854492,104.7957992553711,,,,1.0,3,0.07424678700044751
block_hard_refit,parity8,0,14,104,0.6483881149906665,0.390625,0.46875,25.315109252929688,101.6491470336914,,,,1.0,3,0.07992160296998918
block_hard_refit,parity8,0,15,105,0.6539949250873178,0.390625,0.46875,25.161348342895508,101.6491470336914,,,,1.0,3,0.0855284018907696
block_hard_refit,parity8,0,16,106,0.6596415292005986,0.40625,0.46875,22.759994506835938,101.6491470336914,,,,1.0,3,0.09117497690021992
block_hard_refit,parity8,0,17,107,0.6653344091027975,0.40625,0.46875,21.76041030883789,101.6491470336914,,,,1.0,3,0.09686792106367648
block_hard_refit,parity8,0,18,108,0.6710303430445492,0.40625,0.46875,22.327991485595703,101.6491470336914,,,,1.0,3,0.10256392788141966
block_hard_refit,parity8,0,19,109,0.6766930310986936,0.40625,0.484375,21.75096893310547,100.12996673583984,,,,1.0,3,0.10822648694738746
block_hard_refit,parity8,0,20,110,0.6823562651406974,0.390625,0.484375,20.6937255859375,100.12996673583984,,,,1.0,3,0.11388978199101985
block_hard_refit,parity8,0,21,111,0.6881837451364845,0.40625,0.484375,19.911439895629883,100.12996673583984,,,,1.0,3,0.11971723800525069
block_hard_refit,parity8,0,22,112,0.6937548010610044,0.390625,0.484375,20.001354217529297,100.12996673583984,,,,1.0,3,0.12528826599009335
block_hard_refit,parity8,0,23,113,0.6994408450555056,0.375,0.484375,20.181476593017578,100.12996673583984,,,,1.0,3,0.13097429904155433
block_hard_refit,parity8,0,24,114,0.705143366008997,0.390625,0.484375,18.771800994873047,100.12996673583984,,,,1.0,3,0.13667681999504566
block_hard_refit,parity8,0,25,115,0.7107733490411192,0.40625,0.484375,18.626237869262695,100.12996673583984,,,,1.0,3,0.1423068419098854
block_hard_refit,parity8,0,26,116,0.7164637020323426,0.328125,0.484375,19.221576690673828,100.12996673583984,,,,1.0,3,0.1479971669614315
block_hard_refit,parity8,0,27,117,0.7220004731789231,0.359375,0.484375,18.478580474853516,100.12996673583984,,,,1.0,3,0.15353390900418162
block_hard_refit,parity8,0,28,118,0.7276551590766758,0.375,0.484375,17.704544067382812,100.12996673583984,,,,1.0,3,0.15918864286504686
block_hard_refit,parity8,0,29,119,0.7332526340615004,0.359375,0.484375,17.59014320373535,100.12996673583984,,,,1.0,3,0.16478607198223472
block_hard_refit,parity8,0,30,120,0.7389177680015564,0.375,0.484375,17.736392974853516,100.12996673583984,,,,1.0,3,0.17045123595744371
block_hard_task_refit,parity8,0,1,1,0.006653824122622609,0.5625,0.53125,45.146156311035156,195.34498596191406,,,,1.0,0,0.006360227940604091
block_hard_task_refit,parity8,0,2,2,0.012342252070084214,0.546875,0.5,39.55337905883789,214.1166534423828,,,,1.0,0,0.012048486154526472
block_hard_task_refit,parity8,0,3,3,0.01802879199385643,0.546875,0.5,37.78388977050781,214.1166534423828,,,,1.0,0,0.017735164146870375
block_hard_task_refit,parity8,0,4,4,0.02372870990075171,0.4375,0.453125,39.44576644897461,207.8883056640625,,,,1.0,0,0.023435010109096766
block_hard_task_refit,parity8,0,5,5,0.02946021594107151,0.421875,0.453125,39.34503936767578,253.15750122070312,,,,1.0,0,0.02916654897853732
block_hard_task_refit,parity8,0,6,6,0.035124354995787144,0.40625,0.421875,36.831817626953125,218.8366241455078,,,,1.0,0,0.03483067313209176
block_hard_task_refit,parity8,0,7,7,0.04081040294840932,0.46875,0.453125,34.45428466796875,196.96163940429688,,,,1.0,0,0.04051668499596417
block_hard_task_refit,parity8,0,8,8,0.046476125018671155,0.5,0.515625,32.79255676269531,181.29331970214844,,,,1.0,0,0.04618239914998412
block_hard_task_refit,parity8,0,9,9,0.05215727002359927,0.5,0.515625,31.29444122314453,181.29331970214844,,,,1.0,0,0.051863576052710414
block_hard_task_refit,parity8,0,10,10,0.05771262710914016,0.515625,0.5,30.144561767578125,186.0133056640625,,,,1.0,0,0.05741902510635555
block_hard_task_refit,parity8,0,11,11,0.06335186795331538,0.546875,0.5,29.373811721801758,186.0133056640625,,,,1.0,0,0.06305817794054747
block_hard_task_refit,parity8,0,12,12,0.06901030708104372,0.484375,0.5,28.607194900512695,186.0133056640625,,,,1.0,0,0.06871675001457334
block_hard_task_refit,parity8,0,13,13,0.07470366009511054,0.453125,0.46875,28.261056900024414,201.6383056640625,,,,1.0,0,0.07440997310914099
block_hard_task_refit,parity8,0,14,14,0.08035958209075034,0.46875,0.484375,28.531967163085938,201.61663818359375,,,,1.0,0,0.08006588811986148
block_hard_task_refit,parity8,0,15,15,0.08604883006773889,0.421875,0.4375,28.318330764770508,232.8666534423828,,,,1.0,0,0.0857550969813019
block_hard_task_refit,parity8,0,16,16,0.09164856094866991,0.453125,0.453125,26.819320678710938,242.2308349609375,,,,1.0,0,0.09135483601130545
block_hard_task_refit,parity8,0,17,17,0.09724094206467271,0.484375,0.453125,24.458057403564453,196.9399871826172,,,,1.0,0,0.09694720013067126
block_hard_task_refit,parity8,0,18,18,0.10293561406433582,0.5,0.46875,22.20171356201172,164.14913940429688,,,,1.0,0,0.10264193103648722
block_hard_task_refit,parity8,0,19,19,0.10858121793717146,0.53125,0.46875,20.782840728759766,162.60830688476562,,,,1.0,0,0.10828756797127426
block_hard_task_refit,parity8,0,20,20,0.11424274696037173,0.53125,0.46875,19.819826126098633,181.34747314453125,,,,1.0,0,0.11394906509667635
block_hard_task_refit,parity8,0,21,21,0.11990302405320108,0.5,0.46875,19.060649871826172,181.34747314453125,,,,1.0,0,0.11960936593823135
block_hard_task_refit,parity8,0,22,22,0.125622462015599,0.46875,0.46875,18.658611297607422,181.34747314453125,,,,1.0,0,0.12532877805642784
block_hard_task_refit,parity8,0,23,23,0.131269799079746,0.484375,0.46875,17.698307037353516,170.3883056640625,,,,1.0,0,0.1309761239681393
block_hard_task_refit,parity8,0,24,24,0.13693803711794317,0.453125,0.46875,16.568410873413086,170.3883056640625,,,,1.0,0,0.1366443440783769
block_hard_task_refit,parity8,0,25,25,0.14260171400383115,0.453125,0.46875,15.492183685302734,170.3883056640625,,,,1.0,0,0.14230805006809533
block_hard_task_refit,parity8,0,26,26,0.14824933209456503,0.4375,0.46875,14.546684265136719,170.3883056640625,,,,1.0,0,0.14795557409524918
block_hard_task_refit,parity8,0,27,27,0.15396743011660874,0.5,0.53125,13.332476615905762,143.8258056640625,,,,1.0,0,0.15367375104688108
block_hard_task_refit,parity8,0,28,28,0.15971112600527704,0.46875,0.484375,11.924613952636719,159.4508056640625,,,,1.0,0,0.15941745112650096
block_hard_task_refit,parity8,0,29,29,0.16530801611952484,0.453125,0.5,10.725862503051758,167.25247192382812,,,,1.0,0,0.16501428605988622
block_hard_task_refit,parity8,0,30,30,0.1709505319595337,0.453125,0.5,9.794517517089844,167.25247192382812,,,,1.0,0,0.17065692297182977
block_hard_task_refit,parity8,0,1,31,0.7244742990005761,0.4375,0.46875,81.11007690429688,146.9399871826172,,,,1.0,1,0.00635809893719852
block_hard_task_refit,parity8,0,2,32,0.7301838740240782,0.453125,0.46875,63.576290130615234,146.9399871826172,,,,1.0,1,0.012067657895386219
block_hard_task_refit,parity8,0,3,33,0.7358957740943879,0.484375,0.46875,53.87071228027344,146.9399871826172,,,,1.0,1,0.01777953584678471
block_hard_task_refit,parity8,0,4,34,0.7415673539508134,0.5,0.484375,49.012901306152344,139.1274871826172,,,,1.0,1,0.02345106704160571
block_hard_task_refit,parity8,0,5,35,0.7472806349396706,0.53125,0.515625,46.588539123535156,153.21163940429688,,,,1.0,1,0.029164382023736835
block_hard_task_refit,parity8,0,6,36,0.7531158379279077,0.5,0.5,43.8089599609375,156.3258056640625,,,,1.0,1,0.03499962389469147
block_hard_task_refit,parity8,0,7,37,0.7588526878971606,0.5,0.5,40.97401428222656,156.3258056640625,,,,1.0,1,0.04073645593598485
block_hard_task_refit,parity8,0,8,38,0.7645414171274751,0.5,0.484375,41.32548522949219,170.3558349609375,,,,1.0,1,0.04642516002058983
block_hard_task_refit,parity8,0,9,39,0.7702426160685718,0.453125,0.484375,43.60463333129883,171.9183349609375,,,,1.0,1,0.05212636897340417
block_hard_task_refit,parity8,0,10,40,0.7759188360068947,0.4375,0.46875,44.35589599609375,187.52166748046875,,,,1.0,1,0.05780266597867012
block_hard_task_refit,parity8,0,11,41,0.78147380403243,0.4375,0.359375,42.0318717956543,189.1383056640625,,,,1.0,1,0.06335764098912477
block_hard_task_refit,parity8,0,12,42,0.7871757699176669,0.390625,0.390625,36.172325134277344,175.119140625,,,,1.0,1,0.06905958289280534
block_hard_task_refit,parity8,0,13,43,0.7928793150931597,0.4375,0.359375,31.34693145751953,170.35581970214844,,,,1.0,1,0.07476308802142739
block_hard_task_refit,parity8,0,14,44,0.7985115221235901,0.46875,0.40625,28.899005889892578,153.2008056640625,,,,1.0,1,0.08039527502842247
block_hard_task_refit,parity8,0,15,45,0.8041828731074929,0.484375,0.40625,26.811153411865234,153.2008056640625,,,,1.0,1,0.08606661297380924
block_hard_task_refit,parity8,0,16,46,0.8098757329862565,0.40625,0.40625,25.33123779296875,153.2008056640625,,,,1.0,1,0.09175948984920979
block_hard_task_refit,parity8,0,17,47,0.8155056741088629,0.421875,0.40625,25.064395904541016,153.2008056640625,,,,1.0,1,0.09738940489478409
block_hard_task_refit,parity8,0,18,48,0.8212288159411401,0.40625,0.40625,24.39620018005371,153.2008056640625,,,,1.0,1,0.10311257001012564
block_hard_task_refit,parity8,0,19,49,0.8268867449369282,0.4375,0.40625,22.41281509399414,153.2008056640625,,,,1.0,1,0.10877045802772045
block_hard_task_refit,parity8,0,20,50,0.8326038860250264,0.40625,0.40625,20.432022094726562,153.2008056640625,,,,1.0,1,0.11448762589134276
block_hard_task_refit,parity8,0,21,51,0.8382770819589496,0.4375,0.390625,19.639297485351562,182.89913940429688,,,,1.0,1,0.12016086000949144
block_hard_task_refit,parity8,0,22,52,0.8438757651019841,0.421875,0.390625,19.944820404052734,182.89913940429688,,,,1.0,1,0.12575953593477607
block_hard_task_refit,parity8,0,23,53,0.849552792031318,0.40625,0.40625,20.80644989013672,170.3666534423828,,,,1.0,1,0.13143654284067452
block_hard_task_refit,parity8,0,24,54,0.8552409859839827,0.46875,0.515625,20.668033599853516,171.90750122070312,,,,1.0,1,0.13712473399937153
block_hard_task_refit,parity8,0,25,55,0.8609303010161966,0.484375,0.5,19.932449340820312,157.83416748046875,,,,1.0,1,0.14281403389759362
block_hard_task_refit,parity8,0,26,56,0.8665909629780799,0.46875,0.46875,19.064453125,154.77413940429688,,,,1.0,1,0.14847475895658135
block_hard_task_refit,parity8,0,27,57,0.8722365810535848,0.484375,0.453125,18.355445861816406,145.40997314453125,,,,1.0,1,0.15412031090818346
block_hard_task_refit,parity8,0,28,58,0.8779158969409764,0.46875,0.453125,17.580760955810547,145.40997314453125,,,,1.0,1,0.15979959396645427
block_hard_task_refit,parity8,0,29,59,0.8834333729464561,0.46875,0.4375,17.206113815307617,140.71163940429688,,,,1.0,1,0.16531713586300611
block_hard_task_refit,parity8,0,30,60,0.8891759749967605,0.453125,0.4375,17.06490707397461,139.15997314453125,,,,1.0,1,0.17105970694683492
block_hard_task_refit,parity8,0,1,61,1.4437317810952663,0.5625,0.453125,34.52556228637695,173.4916534423828,,,,1.0,2,0.00657766405493021
block_hard_task_refit,parity8,0,2,62,1.4494346480350941,0.4375,0.359375,38.96530532836914,256.2825012207031,,,,1.0,2,0.012280497932806611
block_hard_task_refit,parity8,0,3,63,1.4551911109592766,0.40625,0.375,46.47925567626953,300.0325012207031,,,,1.0,2,0.01803696691058576
block_hard_task_refit,parity8,0,4,64,1.4609620810952038,0.4375,0.375,45.25732421875,300.0325012207031,,,,1.0,2,0.023807866033166647
block_hard_task_refit,parity8,0,5,65,1.4666488741058856,0.4375,0.375,38.901023864746094,300.0325012207031,,,,1.0,2,0.029494718881323934
block_hard_task_refit,parity8,0,6,66,1.472376863937825,0.453125,0.375,32.93822479248047,226.64915466308594,,,,1.0,2,0.03522267006337643
block_hard_task_refit,parity8,0,7,67,1.4780627749860287,0.453125,0.375,30.530406951904297,226.64915466308594,,,,1.0,2,0.040908616967499256
block_hard_task_refit,parity8,0,8,68,1.4837379229720682,0.453125,0.359375,29.53945541381836,246.9183349609375,,,,1.0,2,0.046583706978708506
block_hard_task_refit,parity8,0,9,69,1.4894144120626152,0.4375,0.359375,29.39982032775879,246.9183349609375,,,,1.0,2,0.052260173950344324
block_hard_task_refit,parity8,0,10,70,1.4950967801269144,0.4375,0.359375,32.047245025634766,246.9183349609375,,,,1.0,2,0.057942565996199846
block_hard_task_refit,parity8,0,11,71,1.5007529770955443,0.421875,0.359375,36.13372039794922,246.9183349609375,,,,1.0,2,0.06359875085763633
block_hard_task_refit,parity8,0,12,72,1.5064301791135222,0.4375,0.359375,36.11442184448242,260.9916687011719,,,,1.0,2,0.0692759498488158
block_hard_task_refit,parity8,0,13,73,1.5120928129181266,0.46875,0.40625,31.899019241333008,278.1791687011719,,,,1.0,2,0.0749385820236057
block_hard_task_refit,parity8,0,14,74,1.5177658770699054,0.390625,0.390625,27.859338760375977,243.80416870117188,,,,1.0,2,0.08061166806146502
block_hard_task_refit,parity8,0,15,75,1.5234422769863158,0.40625,0.390625,26.576553344726562,243.80416870117188,,,,1.0,2,0.0862881459761411
block_hard_task_refit,parity8,0,16,76,1.529102304019034,0.390625,0.390625,26.382244110107422,243.80416870117188,,,,1.0,2,0.09194813692010939
block_hard_task_refit,parity8,0,17,77,1.5347980801016092,0.390625,0.40625,26.86383819580078,278.17913818359375,,,,1.0,2,0.09764386503957212
block_hard_task_refit,parity8,0,18,78,1.5405587239656597,0.40625,0.40625,28.186508178710938,278.17913818359375,,,,1.0,2,0.10340449307113886
block_hard_task_refit,parity8,0,19,79,1.5463182860985398,0.390625,0.40625,28.59560775756836,278.17913818359375,,,,1.0,2,0.10916403285227716
block_hard_task_refit,parity8,0,20,80,1.5521118969190866,0.390625,0.40625,26.92292022705078,278.17913818359375,,,,1.0,2,0.11495770001783967
block_hard_task_refit,parity8,0,21,81,1.5577577510848641,0.421875,0.390625,24.583816528320312,293.7825012207031,,,,1.0,2,0.12060353392735124
block_hard_task_refit,parity8,0,22,82,1.5634468419011682,0.40625,0.390625,23.656660079956055,293.7825012207031,,,,1.0,2,0.1262926619965583
block_hard_task_refit,parity8,0,23,83,1.5691279671154916,0.40625,0.390625,23.14253807067871,293.7825012207031,,,,1.0,2,0.13197373691946268
block_hard_task_refit,parity8,0,24,84,1.5747671509161592,0.390625,0.390625,23.0761661529541,293.7825012207031,,,,1.0,2,0.1376129649579525
block_hard_task_refit,parity8,0,25,85,1.5804396569728851,0.359375,0.390625,22.620153427124023,293.7825012207031,,,,1.0,2,0.14328545285388827
block_hard_task_refit,parity8,0,26,86,1.5859774900600314,0.359375,0.390625,21.034643173217773,287.5325012207031,,,,1.0,2,0.14882323890924454
block_hard_task_refit,parity8,0,27,87,1.5916276280768216,0.359375,0.390625,19.51814079284668,271.9075012207031,,,,1.0,2,0.1544733769260347
block_hard_task_refit,parity8,0,28,88,1.5973033150658011,0.34375,0.375,18.702045440673828,285.9483337402344,,,,1.0,2,0.1601491009350866
block_hard_task_refit,parity8,0,29,89,1.6029471331276,0.359375,0.375,18.465356826782227,285.9483337402344,,,,1.0,2,0.1657928980421275
block_hard_task_refit,parity8,0,30,90,1.608649835921824,0.375,0.375,18.821557998657227,285.9483337402344,,,,1.0,2,0.17149563995189965
block_hard_task_refit,parity8,0,1,91,2.1595239059533924,0.453125,0.421875,50.11332702636719,184.4508056640625,,,,1.0,3,0.006482754833996296
block_hard_task_refit,parity8,0,2,92,2.165407120017335,0.453125,0.359375,46.435890197753906,179.73081970214844,,,,1.0,3,0.012365595903247595
block_hard_task_refit,parity8,0,3,93,2.171175202121958,0.40625,0.390625,45.97974395751953,176.6274871826172,,,,1.0,3,0.018133672885596752
block_hard_task_refit,parity8,0,4,94,2.176966079045087,0.375,0.390625,40.41857147216797,164.15997314453125,,,,1.0,3,0.023924633860588074
block_hard_task_refit,parity8,0,5,95,2.182628643931821,0.453125,0.390625,36.521236419677734,164.1383056640625,,,,1.0,3,0.02958708698861301
block_hard_task_refit,parity8,0,6,96,2.188315490959212,0.484375,0.390625,33.7508659362793,164.1383056640625,,,,1.0,3,0.0352739489171654
block_hard_task_refit,parity8,0,7,97,2.193995716050267,0.4375,0.375,30.368810653686523,164.12747192382812,,,,1.0,3,0.04095421195961535
block_hard_task_refit,parity8,0,8,98,2.199694081908092,0.40625,0.40625,27.90386962890625,170.37747192382812,,,,1.0,3,0.04665254894644022
block_hard_task_refit,parity8,0,9,99,2.2053983819205314,0.453125,0.40625,24.906375885009766,170.37747192382812,,,,1.0,3,0.05235683103092015
block_hard_task_refit,parity8,0,10,100,2.21104026096873,0.53125,0.40625,22.710933685302734,170.37747192382812,,,,1.0,3,0.05799874593503773
block_hard_task_refit,parity8,0,11,101,2.2167424489744008,0.515625,0.40625,21.00774574279785,170.37747192382812,,,,1.0,3,0.06370090786367655
block_hard_task_refit,parity8,0,12,102,2.2223891059402376,0.4375,0.421875,19.81594467163086,154.75247192382812,,,,1.0,3,0.06934758787974715
block_hard_task_refit,parity8,0,13,103,2.228049515048042,0.4375,0.421875,18.65725326538086,154.75247192382812,,,,1.0,3,0.07500797184184194
block_hard_task_refit,parity8,0,14,104,2.233681072946638,0.515625,0.46875,17.866044998168945,143.81497192382812,,,,1.0,3,0.08063957304693758
block_hard_task_refit,parity8,0,15,105,2.2393290190957487,0.484375,0.46875,17.247602462768555,143.81497192382812,,,,1.0,3,0.08628745097666979
block_hard_task_refit,parity8,0,16,106,2.2448496241122484,0.453125,0.453125,16.55380630493164,154.73081970214844,,,,1.0,3,0.09180812304839492
block_hard_task_refit,parity8,0,17,107,2.250503739109263,0.4375,0.453125,17.22232437133789,154.73081970214844,,,,1.0,3,0.09746221289969981
block_hard_task_refit,parity8,0,18,108,2.2561711340676993,0.421875,0.40625,17.108274459838867,165.67913818359375,,,,1.0,3,0.10312961600720882
block_hard_task_refit,parity8,0,19,109,2.2618624491151422,0.453125,0.40625,16.537424087524414,173.52413940429688,,,,1.0,3,0.1088209708686918
block_hard_task_refit,parity8,0,20,110,2.267476798966527,0.40625,0.390625,17.60015106201172,192.28497314453125,,,,1.0,3,0.11443528602831066
block_hard_task_refit,parity8,0,21,111,2.273141991114244,0.40625,0.390625,18.465099334716797,192.28497314453125,,,,1.0,3,0.12010044883936644
block_hard_task_refit,parity8,0,22,112,2.27869681105949,0.421875,0.390625,18.094526290893555,192.28497314453125,,,,1.0,3,0.12565533188171685
block_hard_task_refit,parity8,0,23,113,2.2843822750728577,0.375,0.375,18.548748016357422,181.34747314453125,,,,1.0,3,0.13134070904925466
block_hard_task_refit,parity8,0,24,114,2.290013741934672,0.375,0.375,18.895980834960938,181.34747314453125,,,,1.0,3,0.13697220897302032
block_hard_task_refit,parity8,0,25,115,2.2956581469625235,0.359375,0.375,18.1925106048584,181.34747314453125,,,,1.0,3,0.1426165970042348
block_hard_task_refit,parity8,0,26,116,2.3013243610039353,0.375,0.375,18.28752326965332,181.34747314453125,,,,1.0,3,0.14828281989321113
block_hard_task_refit,parity8,0,27,117,2.3069662488996983,0.359375,0.390625,17.688114166259766,162.58663940429688,,,,1.0,3,0.1539246989414096
block_hard_task_refit,parity8,0,28,118,2.31263192393817,0.359375,0.390625,16.862205505371094,162.58663940429688,,,,1.0,3,0.15959045803174376
block_hard_task_refit,parity8,0,29,119,2.3182778179179877,0.390625,0.390625,17.558130264282227,156.35830688476562,,,,1.0,3,0.1652363338507712
block_hard_task_refit,parity8,0,30,120,2.3239915401209146,0.34375,0.421875,16.462778091430664,139.1383056640625,,,,1.0,3,0.17095001484267414
dlgn,majority9,0,1,1,0.06205499405041337,0.5390625,0.4921875,26.169933319091797,197.7212371826172,0.5390625,26.169933319091797,0.24357737600803375,1.0,,
dlgn,majority9,0,2,2,0.10461294301785529,0.4609375,0.3984375,12.14784049987793,270.33416748046875,0.4609375,12.14784049987793,0.24377070367336273,1.0,,
dlgn,majority9,0,3,3,0.14673327910713851,0.4609375,0.40625,18.85618019104004,284.39666748046875,0.4609375,18.85618019104004,0.24372856318950653,1.0,,
dlgn,majority9,0,4,4,0.1893587710801512,0.4609375,0.3671875,3.6858654022216797,234.4129180908203,0.4609375,3.6858654022216797,0.24356888234615326,1.0,,
dlgn,majority9,0,5,5,0.23197931703180075,0.5390625,0.359375,8.546463012695312,195.3612518310547,0.5390625,8.546463012695312,0.24348711967468262,1.0,,
dlgn,majority9,0,6,6,0.27478214795701206,0.5390625,0.4140625,2.6846060752868652,188.3245849609375,0.5390625,2.6846060752868652,0.24353685975074768,1.0,,
dlgn,majority9,0,7,7,0.31826499314047396,0.4609375,0.4453125,5.753105163574219,187.5433349609375,0.4609375,5.753105163574219,0.24363240599632263,1.0,,
dlgn,majority9,0,8,8,0.36203561909496784,0.703125,0.4453125,0.6237589120864868,168.0662384033203,0.703125,0.6237589120864868,0.24370712041854858,1.0,,
dlgn,majority9,0,9,9,0.4059468151535839,0.5390625,0.421875,1.9171565771102905,160.9970703125,0.5390625,1.9171565771102905,0.2438308596611023,1.0,,
dlgn,majority9,0,10,10,0.44897491903975606,0.4609375,0.4453125,2.8144705295562744,166.4604034423828,0.4609375,2.8144705295562744,0.24400855600833893,1.0,,
dlgn,majority9,0,11,11,0.49178853002376854,0.5390625,0.484375,1.2667990922927856,146.97789001464844,0.5390625,1.2667990922927856,0.24419458210468292,1.0,,
dlgn,majority9,0,12,12,0.5342656869906932,0.6328125,0.4296875,0.8380559682846069,156.3041534423828,0.6328125,0.8380559682846069,0.24444971978664398,1.0,,
dlgn,majority9,0,13,13,0.5763919299934059,0.7734375,0.4296875,0.4861878752708435,156.3041534423828,0.7734375,0.4861878752708435,0.2446957528591156,1.0,,
dlgn,majority9,0,14,14,0.6188154111150652,0.7578125,0.4765625,0.4737216830253601,138.3570556640625,0.7578125,0.4737216830253601,0.2449425458908081,1.0,,
dlgn,majority9,0,15,15,0.6619028961285949,0.65625,0.53125,0.7313414812088013,132.0908203125,0.65625,0.7313414812088013,0.24523386359214783,1.0,,
dlgn,majority9,0,16,16,0.7046877341344953,0.7265625,0.4921875,0.5713313817977905,127.43579864501953,0.7265625,0.5713313817977905,0.245542511343956,1.0,,
dlgn,majority9,0,17,17,0.7501015721354634,0.6328125,0.515625,0.8158183097839355,144.5962371826172,0.6328125,0.8158183097839355,0.24588918685913086,1.0,,
dlgn,majority9,0,18,18,0.7958490680903196,0.7109375,0.484375,0.5685285925865173,141.49288940429688,0.7109375,0.5685285925865173,0.24621234834194183,1.0,,
dlgn,majority9,0,19,19,0.841223438968882,0.6484375,0.546875,0.6812446713447571,133.6533203125,0.6484375,0.6812446713447571,0.24655666947364807,1.0,,
dlgn,majority9,0,20,20,0.88647923595272,0.7578125,0.5859375,0.4280932545661926,121.9616470336914,0.7578125,0.4280932545661926,0.24688731133937836,1.0,,
dlgn,majority9,0,21,21,0.929631062084809,0.75,0.6015625,0.5022132396697998,114.11666107177734,0.75,0.5022132396697998,0.24722330272197723,1.0,,
dlgn,majority9,0,22,22,0.9726291929837316,0.8359375,0.6171875,0.323670357465744,96.18580627441406,0.8359375,0.323670357465744,0.24757125973701477,1.0,,
dlgn,majority9,0,23,23,1.015782511094585,0.8046875,0.578125,0.3793169856071472,102.4195556640625,0.8046875,0.3793169856071472,0.24792931973934174,1.0,,
dlgn,majority9,0,24,24,1.0589057819452137,0.859375,0.5703125,0.2697448432445526,107.123291015625,0.859375,0.2697448432445526,0.24828621745109558,1.0,,
dlgn,majority9,0,25,25,1.1023213260341436,0.8515625,0.5703125,0.2947184443473816,106.34747314453125,0.8515625,0.2947184443473816,0.24863508343696594,1.0,,
dlgn,majority9,0,26,26,1.1481419519986957,0.9375,0.6171875,0.2076500505208969,100.09747314453125,0.9375,0.2076500505208969,0.2489876002073288,1.0,,
dlgn,majority9,0,27,27,1.1909617111086845,0.953125,0.6328125,0.19895504415035248,97.72123718261719,0.953125,0.19895504415035248,0.24934037029743195,1.0,,
dlgn,majority9,0,28,28,1.2335184100084007,0.9765625,0.609375,0.18438178300857544,102.41956329345703,0.9765625,0.18438178300857544,0.24967405200004578,1.0,,
dlgn,majority9,0,29,29,1.2761320450808853,0.953125,0.640625,0.1829891949892044,95.3720703125,0.953125,0.1829891949892044,0.25000885128974915,1.0,,
dlgn,majority9,0,30,30,1.3194724791683257,0.984375,0.671875,0.17363543808460236,91.4658203125,0.984375,0.17363543808460236,0.2503417730331421,1.0,,
dlgn,majority9,0,31,31,1.3623411210719496,0.984375,0.671875,0.16764137148857117,93.80415344238281,0.984375,0.16764137148857117,0.25066137313842773,1.0,,
dlgn,majority9,0,32,32,1.4049218681175262,0.9921875,0.640625,0.16264554858207703,96.93997955322266,0.9921875,0.16264554858207703,0.25097113847732544,1.0,,
dlgn,majority9,0,33,33,1.4482317520305514,0.9765625,0.609375,0.15862984955310822,117.24706268310547,0.9765625,0.15862984955310822,0.2512758672237396,1.0,,
dlgn,majority9,0,34,34,1.4913906941656023,0.96875,0.6171875,0.15795163810253143,101.6220703125,0.96875,0.15795163810253143,0.25158244371414185,1.0,,
dlgn,majority9,0,35,35,1.5336395881604403,0.9921875,0.6171875,0.15115031599998474,101.6220703125,0.9921875,0.15115031599998474,0.25187548995018005,1.0,,
dlgn,majority9,0,36,36,1.576529460027814,0.9765625,0.6328125,0.15702548623085022,100.0595703125,0.9765625,0.15702548623085022,0.25215816497802734,1.0,,
dlgn,majority9,0,37,37,1.619174723047763,0.9921875,0.640625,0.14578001201152802,99.2783203125,0.9921875,0.14578001201152802,0.2524491548538208,1.0,,
dlgn,majority9,0,38,38,1.6611648639664054,0.9765625,0.640625,0.1504509150981903,99.2783203125,0.9765625,0.1504509150981903,0.25272613763809204,1.0,,
dlgn,majority9,0,39,39,1.7035392550751567,0.9921875,0.6640625,0.13705773651599884,86.01331329345703,0.9921875,0.13705773651599884,0.2530088424682617,1.0,,
dlgn,majority9,0,40,40,1.7460117160808295,0.9921875,0.6640625,0.13583536446094513,86.01331329345703,0.9921875,0.13583536446094513,0.25328803062438965,1.0,,
dlgn,majority9,0,41,41,1.7881597040686756,0.9921875,0.578125,0.12771070003509521,121.92914581298828,0.9921875,0.12771070003509521,0.2535674571990967,1.0,,
dlgn,majority9,0,42,42,1.8303686280269176,1.0,0.5546875,0.1275302767753601,122.69416809082031,1.0,0.1275302767753601,0.2538488805294037,1.0,,
dlgn,majority9,0,43,43,1.8730584240984172,1.0,0.5546875,0.12118789553642273,122.6833267211914,1.0,0.12118789553642273,0.25412896275520325,1.0,,
dlgn,majority9,0,44,44,1.9158287281170487,1.0,0.5859375,0.12102431803941727,100.09205627441406,1.0,0.12102431803941727,0.2544095516204834,1.0,,
dlgn,majority9,0,45,45,1.958706451114267,1.0,0.5859375,0.11527220904827118,100.09205627441406,1.0,0.11527220904827118,0.25469234585762024,1.0,,
dlgn,majority9,0,46,46,2.002175498055294,1.0,0.578125,0.11492721736431122,103.18998718261719,1.0,0.11492721736431122,0.25496113300323486,1.0,,
dlgn,majority9,0,47,47,2.0453163071069866,1.0,0.578125,0.10935206711292267,103.18998718261719,1.0,0.10935206711292267,0.2552344501018524,1.0,,
dlgn,majority9,0,48,48,2.088995180092752,1.0,0.609375,0.11115504801273346,93.03372955322266,1.0,0.11115504801273346,0.25549668073654175,1.0,,
dlgn,majority9,0,49,49,2.131616858066991,1.0,0.640625,0.10368460416793823,85.22123718261719,1.0,0.10368460416793823,0.2557709515094757,1.0,,
dlgn,majority9,0,50,50,2.1743678769562393,1.0,0.640625,0.10513311624526978,85.22664642333984,1.0,0.10513311624526978,0.25604528188705444,1.0,,
dlgn,majority9,0,51,51,2.216486165067181,1.0,0.640625,0.09841688722372055,85.22664642333984,1.0,0.09841688722372055,0.2563229203224182,1.0,,
dlgn,majority9,0,52,52,2.258622296154499,1.0,0.6484375,0.0984170213341713,82.88289642333984,1.0,0.0984170213341713,0.2566051185131073,1.0,,
dlgn,majority9,0,53,53,2.3021015671547502,1.0,0.6484375,0.09412434697151184,82.88289642333984,1.0,0.09412434697151184,0.25688648223876953,1.0,,
dlgn,majority9,0,54,54,2.3442989389877766,1.0,0.6484375,0.09097759425640106,82.88289642333984,1.0,0.09097759425640106,0.25716984272003174,1.0,,
dlgn,majority9,0,55,55,2.3873570661526173,1.0,0.6484375,0.08932323753833771,82.88289642333984,1.0,0.08932323753833771,0.2574412226676941,1.0,,
dlgn,majority9,0,56,56,2.4301454660017043,1.0,0.6484375,0.08631209284067154,82.09622955322266,1.0,0.08631209284067154,0.2577144205570221,1.0,,
dlgn,majority9,0,57,57,2.473049724008888,1.0,0.6640625,0.08413731306791306,80.51749420166016,1.0,0.08413731306791306,0.2579907774925232,1.0,,
dlgn,majority9,0,58,58,2.5157983410172164,1.0,0.71875,0.08336775004863739,67.28497314453125,1.0,0.08336775004863739,0.2582627534866333,1.0,,
dlgn,majority9,0,59,59,2.5618614649865776,1.0,0.7109375,0.07980699092149734,67.29039001464844,1.0,0.07980699092149734,0.2585393488407135,1.0,,
dlgn,majority9,0,60,60,2.603942584944889,1.0,0.6953125,0.07962392270565033,69.62871551513672,1.0,0.07962392270565033,0.25880444049835205,1.0,,
dlgn,majority9,0,61,61,2.6472072249744087,1.0,0.6953125,0.07616213709115982,69.62871551513672,1.0,0.07616213709115982,0.25907808542251587,1.0,,
dlgn,majority9,0,62,62,2.690566121134907,1.0,0.6953125,0.07797307521104813,69.62871551513672,1.0,0.07797307521104813,0.259333074092865,1.0,,
dlgn,majority9,0,63,63,2.7333370849955827,1.0,0.6953125,0.07156840711832047,69.62871551513672,1.0,0.07156840711832047,0.25960108637809753,1.0,,
dlgn,majority9,0,64,64,2.7767692420165986,1.0,0.6953125,0.07029996812343597,69.62871551513672,1.0,0.07029996812343597,0.259858638048172,1.0,,
dlgn,majority9,0,65,65,2.819152349140495,1.0,0.6953125,0.06826695799827576,64.92498016357422,1.0,0.06826695799827576,0.2601145803928375,1.0,,
dlgn,majority9,0,66,66,2.862231828039512,1.0,0.6875,0.06628715246915817,62.586647033691406,1.0,0.06628715246915817,0.26037126779556274,1.0,,
dlgn,majority9,0,67,67,2.9041433359961957,1.0,0.640625,0.06709928810596466,74.29457092285156,1.0,0.06709928810596466,0.2606160044670105,1.0,,
dlgn,majority9,0,68,68,2.9467435751575977,1.0,0.640625,0.06250171363353729,74.29457092285156,1.0,0.06250171363353729,0.2608663737773895,1.0,,
dlgn,majority9,0,69,69,2.9891653910744935,1.0,0.640625,0.06064379960298538,74.29457092285156,1.0,0.06064379960298538,0.26110923290252686,1.0,,
dlgn,majority9,0,70,70,3.031946551054716,1.0,0.6640625,0.06049802899360657,87.5595703125,1.0,0.06049802899360657,0.2613515257835388,1.0,,
dlgn,majority9,0,71,71,3.0741206291131675,1.0,0.640625,0.05735002085566521,93.01748657226562,1.0,0.05735002085566521,0.2615891993045807,1.0,,
dlgn,majority9,0,72,72,3.1165566919371486,1.0,0.6328125,0.056153394281864166,86.7458267211914,1.0,0.056153394281864166,0.2618260979652405,1.0,,
dlgn,majority9,0,73,73,3.1597700600977987,1.0,0.6875,0.05457959696650505,84.42915344238281,1.0,0.05457959696650505,0.26206281781196594,1.0,,
dlgn,majority9,0,74,74,3.2035147871356457,1.0,0.671875,0.0529051348567009,88.33540344238281,1.0,0.0529051348567009,0.26230916380882263,1.0,,
dlgn,majority9,0,75,75,3.246005774009973,1.0,0.6640625,0.05191933736205101,92.24165344238281,1.0,0.05191933736205101,0.2625461220741272,1.0,,
dlgn,majority9,0,76,76,3.288345427950844,1.0,0.65625,0.049642592668533325,92.2470703125,1.0,0.049642592668533325,0.26278600096702576,1.0,,
dlgn,majority9,0,77,77,3.3309993031434715,1.0,0.6484375,0.04832134395837784,89.11665344238281,1.0,0.04832134395837784,0.2630339562892914,1.0,,
dlgn,majority9,0,78,78,3.372958216117695,1.0,0.6328125,0.04754004254937172,96.13165283203125,1.0,0.04754004254937172,0.2632720172405243,1.0,,
dlgn,majority9,0,79,79,3.4151650541462004,1.0,0.6328125,0.04574994742870331,96.13165283203125,1.0,0.04574994742870331,0.2635132670402527,1.0,,
dlgn,majority9,0,80,80,3.458237674087286,1.0,0.6328125,0.044699691236019135,96.13165283203125,1.0,0.044699691236019135,0.2637423276901245,1.0,,
dlgn,majority9,0,81,81,3.5030068641062826,1.0,0.640625,0.04346223548054695,93.81499481201172,1.0,0.04346223548054695,0.26397332549095154,1.0,,
dlgn,majority9,0,82,82,3.546593358973041,1.0,0.640625,0.04256974905729294,93.81499481201172,1.0,0.04256974905729294,0.2641974091529846,1.0,,
dlgn,majority9,0,83,83,3.5898084291256964,1.0,0.640625,0.04112587869167328,93.81499481201172,1.0,0.04112587869167328,0.2644220292568207,1.0,,
dlgn,majority9,0,84,84,3.6328675150871277,1.0,0.6796875,0.04011986032128334,83.65332794189453,1.0,0.04011986032128334,0.26463550329208374,1.0,,
dlgn,majority9,0,85,85,3.675403067143634,1.0,0.7109375,0.03903045505285263,72.73206329345703,1.0,0.03903045505285263,0.264853835105896,1.0,,
dlgn,majority9,0,86,86,3.717818669974804,1.0,0.7109375,0.038066789507865906,72.73206329345703,1.0,0.038066789507865906,0.265065997838974,1.0,,
dlgn,majority9,0,87,87,3.760255318135023,1.0,0.7109375,0.03695587441325188,72.73206329345703,1.0,0.03695587441325188,0.2652776837348938,1.0,,
dlgn,majority9,0,88,88,3.8025443500373513,1.0,0.7109375,0.03601466491818428,72.73206329345703,1.0,0.03601466491818428,0.2654845714569092,1.0,,
dlgn,majority9,0,89,89,3.845040604006499,1.0,0.7109375,0.03521542251110077,72.73206329345703,1.0,0.03521542251110077,0.26568830013275146,1.0,,
dlgn,majority9,0,90,90,3.887027835007757,1.0,0.7109375,0.034150756895542145,72.73206329345703,1.0,0.034150756895542145,0.26588717103004456,1.0,,
dlgn,majority9,0,91,91,3.929278708063066,1.0,0.7109375,0.03329567611217499,72.73206329345703,1.0,0.03329567611217499,0.26608529686927795,1.0,,
dlgn,majority9,0,92,92,3.972471104003489,1.0,0.7109375,0.032836392521858215,72.73206329345703,1.0,0.032836392521858215,0.2662774324417114,1.0,,
dlgn,majority9,0,93,93,4.015155645087361,1.0,0.6875,0.03162789344787598,78.18998718261719,1.0,0.03162789344787598,0.26646512746810913,1.0,,
dlgn,majority9,0,94,94,4.057716213166714,1.0,0.6875,0.03086496889591217,78.18998718261719,1.0,0.03086496889591217,0.2666511833667755,1.0,,
dlgn,majority9,0,95,95,4.10072192712687,1.0,0.703125,0.03003506362438202,76.65455627441406,1.0,0.03003506362438202,0.26683923602104187,1.0,,
dlgn,majority9,0,96,96,4.143945998046547,1.0,0.703125,0.029211224988102913,76.65455627441406,1.0,0.029211224988102913,0.2670290768146515,1.0,,
dlgn,majority9,0,97,97,4.186356454156339,1.0,0.703125,0.028437186032533646,76.65455627441406,1.0,0.028437186032533646,0.2672191858291626,1.0,,
dlgn,majority9,0,98,98,4.228496889118105,1.0,0.6953125,0.02770060859620571,82.88832092285156,1.0,0.02770060859620571,0.2674105167388916,1.0,,
dlgn,majority9,0,99,99,4.27130002505146,1.0,0.6796875,0.026939034461975098,85.98081970214844,1.0,0.026939034461975098,0.2675967812538147,1.0,,
dlgn,majority9,0,100,100,4.3135386891663074,1.0,0.671875,0.026237955316901207,85.21581268310547,1.0,0.026237955316901207,0.2677788734436035,1.0,,
dlgn,majority9,0,101,101,4.356130403000861,1.0,0.6640625,0.02563478611409664,82.88290405273438,1.0,0.02563478611409664,0.2679663896560669,1.0,,
dlgn,majority9,0,102,102,4.398754674009979,1.0,0.6953125,0.024950485676527023,84.42915344238281,1.0,0.024950485676527023,0.26815277338027954,1.0,,
dlgn,majority9,0,103,103,4.441321497084573,1.0,0.6953125,0.02436719462275505,84.42915344238281,1.0,0.02436719462275505,0.26833492517471313,1.0,,
dlgn,majority9,0,104,104,4.483866353984922,1.0,0.703125,0.024205513298511505,94.57456970214844,1.0,0.024205513298511505,0.2685178518295288,1.0,,
dlgn,majority9,0,105,105,4.5258568450808525,1.0,0.703125,0.02318701706826687,94.57456970214844,1.0,0.02318701706826687,0.26869744062423706,1.0,,
dlgn,majority9,0,106,106,4.568743976065889,1.0,0.6875,0.02268318645656109,93.02831268310547,1.0,0.02268318645656109,0.2688765227794647,1.0,,
dlgn,majority9,0,107,107,4.611467465991154,1.0,0.6875,0.02204008586704731,93.02831268310547,1.0,0.02204008586704731,0.2690604031085968,1.0,,
dlgn,majority9,0,108,108,4.653870709007606,1.0,0.6875,0.021502800285816193,93.01748657226562,1.0,0.021502800285816193,0.269245445728302,1.0,,
dlgn,majority9,0,109,109,4.696833125082776,1.0,0.6875,0.02116096206009388,93.01748657226562,1.0,0.02116096206009388,0.2694268226623535,1.0,,
dlgn,majority9,0,110,110,4.739544820040464,1.0,0.6875,0.020509079098701477,93.01748657226562,1.0,0.020509079098701477,0.26961082220077515,1.0,,
dlgn,majority9,0,111,111,4.782531869132072,1.0,0.6953125,0.019954584538936615,90.66831970214844,1.0,0.019954584538936615,0.2697868049144745,1.0,,
dlgn,majority9,0,112,112,4.825137470150366,1.0,0.6953125,0.019740872085094452,90.66831970214844,1.0,0.019740872085094452,0.2699618339538574,1.0,,
dlgn,majority9,0,113,113,4.867241108091548,1.0,0.6953125,0.019015422090888023,90.66831970214844,1.0,0.019015422090888023,0.2701331675052643,1.0,,
dlgn,majority9,0,114,114,4.91049110610038,1.0,0.6953125,0.018606333062052727,90.66831970214844,1.0,0.018606333062052727,0.27030593156814575,1.0,,
dlgn,majority9,0,115,115,4.952496855985373,1.0,0.6953125,0.018190352246165276,90.66831970214844,1.0,0.018190352246165276,0.27047035098075867,1.0,,
dlgn,majority9,0,116,116,4.995080270105973,1.0,0.6953125,0.0177334975451231,90.66831970214844,1.0,0.0177334975451231,0.27063462138175964,1.0,,
dlgn,majority9,0,117,117,5.038098281016573,1.0,0.6953125,0.017285412177443504,90.66831970214844,1.0,0.017285412177443504,0.2707957625389099,1.0,,
dlgn,majority9,0,118,118,5.080551626160741,1.0,0.6953125,0.016846071928739548,90.66831970214844,1.0,0.016846071928739548,0.2709552049636841,1.0,,
dlgn,majority9,0,119,119,5.12339485110715,1.0,0.6953125,0.016550207510590553,97.69957733154297,1.0,0.016550207510590553,0.27111271023750305,1.0,,
dlgn,majority9,0,120,120,5.166354147018865,1.0,0.6953125,0.01609695702791214,97.69957733154297,1.0,0.01609695702791214,0.27127498388290405,1.0,,
dlgn_anneal,majority9,0,1,1,0.04850221914239228,0.5390625,0.5078125,16.120128631591797,219.5745849609375,0.5390625,16.120128631591797,0.2433512806892395,2.0,,
dlgn_anneal,majority9,0,2,2,0.09332464705221355,0.4609375,0.3828125,3.01604962348938,237.5487518310547,0.4609375,3.01604962348938,0.24346250295639038,1.961673089081334,,
dlgn_anneal,majority9,0,3,3,0.13848256808705628,0.4609375,0.4375,11.312053680419922,282.8720703125,0.4609375,11.312053680419922,0.2435295581817627,1.9240806542129518,,
dlgn_anneal,majority9,0,4,4,0.18328209221363068,0.4609375,0.421875,7.37443208694458,291.4549865722656,0.4609375,7.37443208694458,0.24346549808979034,1.8872086202957776,,
dlgn_anneal,majority9,0,5,5,0.22760062315501273,0.5390625,0.4296875,2.677225351333618,242.22000122070312,0.5390625,2.677225351333618,0.24338774383068085,1.8510431819582702,,
dlgn_anneal,majority9,0,6,6,0.2729359290096909,0.5390625,0.3984375,5.5941972732543945,207.8774871826172,0.5390625,5.5941972732543945,0.2434300184249878,1.815570798387511,,
dlgn_anneal,majority9,0,7,7,0.31718820915557444,0.5390625,0.46875,0.8990256786346436,243.79331970214844,0.5390625,0.8990256786346436,0.24356147646903992,1.7807781882593463,,
dlgn_anneal,majority9,0,8,8,0.3619314511306584,0.4609375,0.4375,5.099363327026367,260.19415283203125,0.4609375,5.099363327026367,0.2437330186367035,1.7466523247656867,,
dlgn_anneal,majority9,0,9,9,0.40676650614477694,0.4609375,0.4609375,1.6184345483779907,304.70916748046875,0.4609375,1.6184345483779907,0.24382303655147552,1.713180430737099,,
dlgn_anneal,majority9,0,10,10,0.45094138919375837,0.5390625,0.390625,2.9672300815582275,196.16957092285156,0.5390625,2.9672300815582275,0.2439485639333725,1.6803499738588679,,
dlgn_anneal,majority9,0,11,11,0.4950923870783299,0.4609375,0.4609375,1.2159569263458252,295.3233337402344,0.4609375,1.2159569263458252,0.2442092001438141,1.648148661978732,,
dlgn_anneal,majority9,0,12,12,0.5402876550797373,0.4609375,0.46875,1.4681549072265625,258.6370849609375,0.4609375,1.4681549072265625,0.24449452757835388,1.6165644385045432,,
dlgn_anneal,majority9,0,13,13,0.5866249480750412,0.5390625,0.484375,1.5485632419586182,225.82456970214844,0.5390625,1.5485632419586182,0.24479755759239197,1.58558547789012,,
dlgn_anneal,majority9,0,14,14,0.635059226071462,0.4609375,0.46875,1.5346932411193848,252.38706970214844,0.4609375,1.5346932411193848,0.2451927810907364,1.5552001812076075,,
dlgn_anneal,majority9,0,15,15,0.6806228870991617,0.5390625,0.484375,0.8935192227363586,225.82456970214844,0.5390625,0.8935192227363586,0.2455262392759323,1.5253971718046888,,
dlgn_anneal,majority9,0,16,16,0.7251957540865988,0.578125,0.4765625,0.6040310263633728,224.2620849609375,0.578125,0.6040310263633728,0.24593591690063477,1.4961652910450172,,
dlgn_anneal,majority9,0,17,17,0.7698767480906099,0.875,0.484375,0.509548008441925,243.01206970214844,0.875,0.509548008441925,0.24639664590358734,1.467493594130276,,
dlgn_anneal,majority9,0,18,18,0.814081063028425,0.875,0.5078125,0.4844687283039093,265.6358337402344,0.875,0.4844687283039093,0.2469581663608551,1.439371346002304,,
dlgn_anneal,majority9,0,19,19,0.8583802080247551,0.8515625,0.4921875,0.46039673686027527,270.3233337402344,0.8515625,0.46039673686027527,0.24758827686309814,1.4117880173237487,,
dlgn_anneal,majority9,0,20,20,0.9021251301746815,0.8203125,0.4609375,0.46344277262687683,272.69415283203125,0.8203125,0.46344277262687683,0.24831600487232208,1.384733280535745,,
dlgn_anneal,majority9,0,21,21,0.9463897161185741,0.8515625,0.4765625,0.4089316725730896,265.64666748046875,0.8515625,0.4089316725730896,0.24909305572509766,1.3581970059911423,,
dlgn_anneal,majority9,0,22,22,0.9905118881724775,0.890625,0.4609375,0.3778492212295532,269.56915283203125,0.890625,0.3778492212295532,0.24992594122886658,1.3321692581618316,,
dlgn_anneal,majority9,0,23,23,1.0347875491715968,0.90625,0.453125,0.3482372462749481,226.57333374023438,0.90625,0.3482372462749481,0.2507881224155426,1.3066402919187547,,
dlgn_anneal,majority9,0,24,24,1.0794435942079872,0.90625,0.53125,0.31769970059394836,198.4808349609375,0.90625,0.31769970059394836,0.2516999840736389,1.2816005488831999,,
dlgn_anneal,majority9,0,25,25,1.129470809129998,0.8828125,0.5234375,0.31452009081840515,196.90748596191406,0.8828125,0.31452009081840515,0.2527422308921814,1.2570406538480199,,
dlgn_anneal,majority9,0,26,26,1.1751249961089343,0.9453125,0.640625,0.25195491313934326,122.73748779296875,0.9453125,0.25195491313934326,0.2538765072822571,1.2329514112674327,,
dlgn_anneal,majority9,0,27,27,1.2189139320980757,0.9453125,0.6328125,0.23706567287445068,116.4658203125,0.9453125,0.23706567287445068,0.2550516724586487,1.2093238018140875,,
dlgn_anneal,majority9,0,28,28,1.2635513911955059,0.8984375,0.6171875,0.23680178821086884,131.27708435058594,0.8984375,0.23680178821086884,0.25624459981918335,1.186148979002112,,
dlgn_anneal,majority9,0,29,29,1.3103583280462772,0.921875,0.6328125,0.20291167497634888,103.17373657226562,0.921875,0.20291167497634888,0.25746020674705505,1.1634182658748717,,
dlgn_anneal,majority9,0,30,30,1.3561962200328708,0.921875,0.65625,0.18548068404197693,88.3570556640625,0.921875,0.18548068404197693,0.25867578387260437,1.1411231517562042,,
dlgn_anneal,majority9,0,31,31,1.3997646670322865,0.9453125,0.640625,0.1604783833026886,91.48207092285156,0.9453125,0.1604783833026886,0.259838730096817,1.1192552890639105,,
dlgn_anneal,majority9,0,32,32,1.4457532591186464,1.0,0.640625,0.1105615496635437,103.21163940429688,1.0,0.1105615496635437,0.2609451711177826,1.0978064901843114,,
dlgn_anneal,majority9,0,33,33,1.4903206510934979,0.9921875,0.6875,0.09572591632604599,103.18998718261719,0.9921875,0.09572591632604599,0.26202061772346497,1.0767687244066977,,
dlgn_anneal,majority9,0,34,34,1.5351717991288751,1.0,0.6953125,0.07894454151391983,100.84623718261719,1.0,0.07894454151391983,0.2630069851875305,1.056134114916527,,
dlgn_anneal,majority9,0,35,35,1.5799619590397924,1.0,0.6875,0.07147398591041565,107.86665344238281,1.0,0.07147398591041565,0.2638881206512451,1.0358949358462424,,
dlgn_anneal,majority9,0,36,36,1.6267390071880072,1.0,0.6875,0.05693339556455612,107.86665344238281,1.0,0.05693339556455612,0.2646445035934448,1.0160436093826042,,
dlgn_anneal,majority9,0,37,37,1.6717196030076593,1.0,0.6875,0.05082182586193085,102.38165283203125,1.0,0.05082182586193085,0.2653324604034424,0.9965727029294608,,
dlgn_anneal,majority9,0,38,38,1.7155611130874604,1.0,0.6953125,0.03719139099121094,102.37083435058594,1.0,0.03719139099121094,0.2658936381340027,0.977474926324885,,
dlgn_anneal,majority9,0,39,39,1.759880700148642,1.0,0.6328125,0.026888711377978325,136.74041748046875,1.0,0.026888711377978325,0.2664470672607422,0.9587431291116433,,
dlgn_anneal,majority9,0,40,40,1.8051341720856726,1.0,0.640625,0.019996240735054016,131.28250122070312,1.0,0.019996240735054016,0.266947478055954,0.9403702978599707,,
dlgn_anneal,majority9,0,41,41,1.84973205300048,1.0,0.640625,0.01788068190217018,146.12083435058594,1.0,0.01788068190217018,0.2673870921134949,0.9223495535416515,,
dlgn_anneal,majority9,0,42,42,1.8944004361983389,1.0,0.640625,0.011531357653439045,146.12083435058594,1.0,0.011531357653439045,0.2678464353084564,0.9046741489544204,,
dlgn_anneal,majority9,0,43,43,1.9387406532187015,1.0,0.6171875,0.00969426054507494,148.44833374023438,1.0,0.00969426054507494,0.26824355125427246,0.8873374661957224,,
dlgn_anneal,majority9,0,44,44,1.9834130790550262,1.0,0.640625,0.006588140036910772,127.36540985107422,1.0,0.006588140036910772,0.2685839533805847,0.8703330141848833,,
dlgn_anneal,majority9,0,45,45,2.0279613891616464,1.0,0.640625,0.005467855371534824,127.36540985107422,1.0,0.005467855371534824,0.26887351274490356,0.8536544262327642,,
dlgn_anneal,majority9,0,46,46,2.0723098451271653,1.0,0.6796875,0.00413379305973649,114.10581970214844,1.0,0.00413379305973649,0.2691267430782318,0.8372954576579903,,
dlgn_anneal,majority9,0,47,47,2.116497425129637,1.0,0.6796875,0.0029345559887588024,114.10581970214844,1.0,0.0029345559887588024,0.26934537291526794,0.8212499834488596,,
dlgn_anneal,majority9,0,48,48,2.1608745171688497,1.0,0.671875,0.002261040499433875,113.30831909179688,1.0,0.002261040499433875,0.2695232033729553,0.8055119959700594,,
dlgn_anneal,majority9,0,49,49,2.204934670124203,1.0,0.671875,0.0017509856261312962,113.30831909179688,1.0,0.0017509856261312962,0.2696697413921356,0.7900756027133288,,
dlgn_anneal,majority9,0,50,50,2.2492609531618655,1.0,0.671875,0.0013376637361943722,113.30831909179688,1.0,0.0013376637361943722,0.2697862982749939,0.7749350240912263,,
dlgn_anneal,majority9,0,51,51,2.2931410500314087,1.0,0.671875,0.001028272439725697,113.30831909179688,1.0,0.001028272439725697,0.2698807716369629,0.7600845912731768,,
dlgn_anneal,majority9,0,52,52,2.3376183761283755,1.0,0.671875,0.0008233448024839163,113.30831909179688,1.0,0.0008233448024839163,0.2699565291404724,0.7455187440629881,,
dlgn_anneal,majority9,0,53,53,2.381993630202487,1.0,0.671875,0.0006840574787929654,113.30831909179688,1.0,0.0006840574787929654,0.2700185179710388,0.7312320288170391,,
dlgn_anneal,majority9,0,54,54,2.42659376305528,1.0,0.671875,0.0005851462483406067,113.30831909179688,1.0,0.0005851462483406067,0.2700704336166382,0.717219096402366,,
dlgn_anneal,majority9,0,55,55,2.4716391230467707,1.0,0.6796875,0.0004989802255295217,108.62623596191406,1.0,0.0004989802255295217,0.2701152563095093,0.7034747001938764,,
dlgn_anneal,majority9,0,56,56,2.5171822640113533,1.0,0.671875,0.0004243933071848005,98.49164581298828,1.0,0.0004243933071848005,0.27015411853790283,0.6899936941099433,,
dlgn_anneal,majority9,0,57,57,2.564586270134896,1.0,0.671875,0.0003527879889588803,88.3299789428711,1.0,0.0003527879889588803,0.27018871903419495,0.6767710306856468,,
dlgn_anneal,majority9,0,58,58,2.611820721067488,1.0,0.671875,0.0002857699291780591,88.3299789428711,1.0,0.0002857699291780591,0.2702203691005707,0.6638017591829355,,
dlgn_anneal,majority9,0,59,59,2.6588863851502538,1.0,0.6953125,0.0002323865337530151,96.1533203125,1.0,0.0002323865337530151,0.2702503204345703,0.6510810237370065,,
dlgn_anneal,majority9,0,60,60,2.705338063184172,1.0,0.6953125,0.00018597854068502784,96.1533203125,1.0,0.00018597854068502784,0.2702793776988983,0.6386040615382055,,
dlgn_anneal,majority9,0,61,61,2.752088573994115,1.0,0.6953125,0.00014870612358208746,96.1533203125,1.0,0.00014870612358208746,0.27030861377716064,0.626366201048769,,
dlgn_anneal,majority9,0,62,62,2.801329645095393,1.0,0.6953125,0.000118054827908054,96.1533203125,1.0,0.000118054827908054,0.27033722400665283,0.6143628602537393,,
dlgn_anneal,majority9,0,63,63,2.8547231091652066,1.0,0.6953125,9.314535418525338e-05,96.1533203125,1.0,9.314535418525338e-05,0.27036577463150024,0.6025895449453983,,
dlgn_anneal,majority9,0,64,64,2.9110220761504024,1.0,0.6953125,7.322605233639479e-05,96.1533203125,1.0,7.322605233639479e-05,0.27039435505867004,0.5910418470405774,,
dlgn_anneal,majority9,0,65,65,2.966846182011068,1.0,0.6953125,5.846476415172219e-05,96.1533203125,1.0,5.846476415172219e-05,0.2704235911369324,0.5797154429302135,,
dlgn_anneal,majority9,0,66,66,3.0203807610087097,1.0,0.6953125,4.795905260834843e-05,96.1533203125,1.0,4.795905260834843e-05,0.27045267820358276,0.5686060918605329,,
dlgn_anneal,majority9,0,67,67,3.071492307120934,1.0,0.6953125,4.126141720917076e-05,96.1533203125,1.0,4.126141720917076e-05,0.2704820930957794,0.5577096343452581,,
dlgn_anneal,majority9,0,68,68,3.1190837861504406,1.0,0.6953125,3.867613122565672e-05,96.1533203125,1.0,3.867613122565672e-05,0.27051153779029846,0.5470219906082419,,
dlgn_anneal,majority9,0,69,69,3.1663622490596026,1.0,0.6953125,3.9685535739408806e-05,96.1533203125,1.0,3.9685535739408806e-05,0.2705399692058563,0.5365391590559452,,
dlgn_anneal,majority9,0,70,70,3.213891880121082,1.0,0.6953125,4.283154339645989e-05,96.1533203125,1.0,4.283154339645989e-05,0.27056214213371277,0.5262572147791885,,
dlgn_anneal,majority9,0,71,71,3.2636644782032818,1.0,0.6953125,5.071303894510493e-05,96.1533203125,1.0,5.071303894510493e-05,0.2705802321434021,0.5161723080836149,,
dlgn_anneal,majority9,0,72,72,3.3166122850961983,1.0,0.6953125,6.18211051914841e-05,96.1533203125,1.0,6.18211051914841e-05,0.2705971598625183,0.5062806630483135,,
dlgn_anneal,majority9,0,73,73,3.373192247003317,1.0,0.65625,7.03492623870261e-05,106.30415344238281,1.0,7.03492623870261e-05,0.2706039547920227,0.49657857611206563,,
dlgn_anneal,majority9,0,74,74,3.431887654121965,1.0,0.65625,0.00010156314965570346,106.30415344238281,1.0,0.00010156314965570346,0.270621657371521,0.487062414686683,,
dlgn_anneal,majority9,0,75,75,3.4925450240261853,1.0,0.65625,0.00013005381333641708,106.30415344238281,1.0,0.00013005381333641708,0.2706415057182312,0.4777286157969196,,
dlgn_anneal,majority9,0,76,76,3.554352873004973,1.0,0.65625,0.00014308189565781504,106.30415344238281,1.0,0.00014308189565781504,0.2706635296344757,0.4685736847464466,,
dlgn_anneal,majority9,0,77,77,3.615117851179093,1.0,0.65625,0.00012314945342950523,106.30415344238281,1.0,0.00012314945342950523,0.27068212628364563,0.45959419380939254,,
dlgn_anneal,majority9,0,78,78,3.674662585137412,1.0,0.65625,0.00011964081932092085,106.30415344238281,1.0,0.00011964081932092085,0.2707008123397827,0.4507867809469581,,
dlgn_anneal,majority9,0,79,79,3.7331592401023954,1.0,0.65625,0.00012004245218122378,106.30415344238281,1.0,0.00012004245218122378,0.2707298994064331,0.44214814854862505,,
dlgn_anneal,majority9,0,80,80,3.789277401054278,1.0,0.640625,9.396576933795586e-05,111.7458267211914,1.0,9.396576933795586e-05,0.2707642614841461,0.43367506219748697,,
dlgn_anneal,majority9,0,81,81,3.844020144082606,1.0,0.640625,8.069875912042335e-05,111.7458267211914,1.0,8.069875912042335e-05,0.2707982659339905,0.4253643494592419,,
dlgn_anneal,majority9,0,82,82,3.8965360959991813,1.0,0.640625,8.832850289763883e-05,111.7458267211914,1.0,8.832850289763883e-05,0.27084022760391235,0.4172128986943916,,
dlgn_anneal,majority9,0,83,83,3.9473033621907234,1.0,0.640625,0.00011236035788897425,111.7458267211914,1.0,0.00011236035788897425,0.2708815932273865,0.4092176578932024,,
dlgn_anneal,majority9,0,84,84,3.9968552810605615,1.0,0.640625,0.0001195055665448308,123.44833374023438,1.0,0.0001195055665448308,0.2709045708179474,0.40137563353299355,,
dlgn_anneal,majority9,0,85,85,4.045428866054863,1.0,0.640625,0.00012711140152532607,123.44833374023438,1.0,0.00012711140152532607,0.27093467116355896,0.39368388945732236,,
dlgn_anneal,majority9,0,86,86,4.094645219156519,1.0,0.640625,0.00019110838184133172,123.44833374023438,1.0,0.00019110838184133172,0.27097421884536743,0.38613954577665005,,
dlgn_anneal,majority9,0,87,87,4.143533242167905,1.0,0.640625,0.00043387990444898605,123.44833374023438,1.0,0.00043387990444898605,0.27101558446884155,0.3787397777900722,,
dlgn_anneal,majority9,0,88,88,4.192573709180579,1.0,0.640625,0.0009309143060818315,132.06375122070312,1.0,0.0009309143060818315,0.2710590362548828,0.3714818149277145,,
dlgn_anneal,majority9,0,89,89,4.24158050515689,1.0,0.6171875,0.0017445918638259172,107.85581970214844,1.0,0.0017445918638259172,0.27109861373901367,0.36436293971339495,,
dlgn_anneal,majority9,0,90,90,4.292275316081941,1.0,0.6328125,0.004927899222820997,106.30415344238281,1.0,0.004927899222820997,0.27111804485321045,0.3573804867471657,,
dlgn_anneal,majority9,0,91,91,4.340891514206305,0.9921875,0.6328125,0.009965299628674984,106.30415344238281,0.9921875,0.009965299628674984,0.2711423933506012,0.3505318417073517,,
dlgn_anneal,majority9,0,92,92,4.389888480072841,0.9921875,0.6484375,0.018822968006134033,101.61123657226562,0.9921875,0.018822968006134033,0.27118119597435,0.34381444037171494,,
dlgn_anneal,majority9,0,93,93,4.438703928142786,0.984375,0.6484375,0.038240499794483185,101.61123657226562,0.984375,0.038240499794483185,0.27122998237609863,0.337225767657376,,
dlgn_anneal,majority9,0,94,94,4.489830701146275,0.9765625,0.71875,0.06862150132656097,73.49706268310547,0.9765625,0.06862150132656097,0.2712736129760742,0.33076335667913453,,
dlgn_anneal,majority9,0,95,95,4.541096198139712,0.9765625,0.71875,0.1065552607178688,73.49706268310547,0.9765625,0.1065552607178688,0.2713316082954407,0.3244247878258345,,
dlgn_anneal,majority9,0,96,96,4.590965824201703,0.9765625,0.71875,0.1309068650007248,73.49706268310547,0.9765625,0.1309068650007248,0.2713906168937683,0.31820768785443054,,
dlgn_anneal,majority9,0,97,97,4.6432939460501075,0.9765625,0.7265625,0.10368159413337708,67.24706268310547,0.9765625,0.10368159413337708,0.2714605927467346,0.3121097290014148,,
dlgn_anneal,majority9,0,98,98,4.694414773024619,0.9765625,0.7265625,0.10312294960021973,67.24706268310547,0.9765625,0.10312294960021973,0.2715294361114502,0.30612862811127173,,
dlgn_anneal,majority9,0,99,99,4.745875445194542,0.9765625,0.7265625,0.11898498237133026,67.24706268310547,0.9765625,0.11898498237133026,0.2716115117073059,0.30026214578163474,,
dlgn_anneal,majority9,0,100,100,4.797170707024634,0.9765625,0.7109375,0.16177667677402496,68.02290344238281,0.9765625,0.16177667677402496,0.271709680557251,0.29450808552482455,,
dlgn_anneal,majority9,0,101,101,4.849566679215059,0.9765625,0.7109375,0.2127860188484192,68.02290344238281,0.9765625,0.2127860188484192,0.27179616689682007,0.2888642929454562,,
dlgn_anneal,majority9,0,102,102,4.902282497147098,0.9296875,0.6796875,1.6579262018203735,72.69956970214844,0.9296875,1.6579262018203735,0.2718735933303833,0.2833286549338042,,
dlgn_anneal,majority9,0,103,103,4.952901547076181,0.8984375,0.59375,2.6431541442871094,151.59498596191406,0.8984375,2.6431541442871094,0.27197182178497314,0.27789909887462755,,
dlgn_anneal,majority9,0,104,104,5.002395470160991,0.9453125,0.6484375,1.9417446851730347,106.30414581298828,0.9453125,1.9417446851730347,0.27210599184036255,0.2725735918711548,,
dlgn_anneal,majority9,0,105,105,5.051640811143443,0.9765625,0.7734375,0.2594935894012451,64.11123657226562,0.9765625,0.2594935894012451,0.27233386039733887,0.2673501399839416,,
dlgn_anneal,majority9,0,106,106,5.1012002332136035,0.9921875,0.7890625,0.15167951583862305,57.06916046142578,0.9921875,0.15167951583862305,0.2724580764770508,0.2622267874843129,,
dlgn_anneal,majority9,0,107,107,5.152092680102214,0.953125,0.8046875,1.2522014379501343,50.819156646728516,0.953125,1.2522014379501343,0.2724567949771881,0.25720161612211323,,
dlgn_anneal,majority9,0,108,108,5.201899814186618,1.0,0.7734375,2.2199610612005927e-06,80.50665283203125,1.0,2.2199610612005927e-06,0.27254214882850647,0.25227274440748865,,
dlgn_anneal,majority9,0,109,109,5.253090378129855,0.96875,0.71875,0.8456847071647644,110.19415283203125,0.96875,0.8456847071647644,0.2727161645889282,0.24743832690643208,,
dlgn_anneal,majority9,0,110,110,5.304511702153832,0.984375,0.6953125,0.12192195653915405,87.51624298095703,0.984375,0.12192195653915405,0.2729095220565796,0.24269655354982883,,
dlgn_anneal,majority9,0,111,111,5.354454830056056,0.9921875,0.734375,0.1016082912683487,80.50666046142578,0.9921875,0.1016082912683487,0.27301913499832153,0.238045648955743,,
dlgn_anneal,majority9,0,112,112,5.403216268168762,0.9921875,0.8515625,0.2928581237792969,39.89790344238281,0.9921875,0.2928581237792969,0.27306121587753296,0.23348387176469163,,
dlgn_anneal,majority9,0,113,113,5.453115459997207,0.9921875,0.7890625,0.4938507676124573,51.594993591308594,0.9921875,0.4938507676124573,0.27312996983528137,0.22900951398765637,,
dlgn_anneal,majority9,0,114,114,5.5029011950828135,0.9921875,0.7890625,0.4828777313232422,51.594993591308594,0.9921875,0.4828777313232422,0.27313894033432007,0.22462090036659044,,
dlgn_anneal,majority9,0,115,115,5.551573483040556,0.9921875,0.8515625,0.4185600280761719,43.001243591308594,0.9921875,0.4185600280761719,0.27313828468322754,0.22031638774718,,
dlgn_anneal,majority9,0,116,116,5.600963562028483,0.9921875,0.8515625,0.31061363220214844,43.001243591308594,0.9921875,0.31061363220214844,0.2731257379055023,0.2160943644636258,,
dlgn_anneal,majority9,0,117,117,5.651255574077368,0.9921875,0.8515625,0.15276607871055603,43.001243591308594,0.9921875,0.15276607871055603,0.2731002867221832,0.21195324973521423,,
dlgn_anneal,majority9,0,118,118,5.700938525144011,0.9765625,0.859375,0.11911728978157043,39.089576721191406,0.9765625,0.11911728978157043,0.27309367060661316,0.2078914930744526,,
dlgn_anneal,majority9,0,119,119,5.749980308115482,0.984375,0.8203125,0.29288601875305176,52.36540985107422,0.984375,0.29288601875305176,0.27309322357177734,0.20390757370654605,,
dlgn_anneal,majority9,0,120,120,5.799110662192106,0.9765625,0.8203125,0.46944189071655273,50.80290985107422,0.9765625,0.46944189071655273,0.27310076355934143,0.2,,
gumbel_st,majority9,0,1,1,0.04518798808567226,0.5390625,0.484375,45.04539489746094,256.3149719238281,0.5390625,45.04539489746094,0.24338462948799133,1.0,,
gumbel_st,majority9,0,2,2,0.08997438801452518,0.5390625,0.5078125,25.603771209716797,230.52291870117188,0.5390625,25.603771209716797,0.24321089684963226,1.0,,
gumbel_st,majority9,0,3,3,0.1344402169343084,0.5390625,0.484375,15.385486602783203,198.52413940429688,0.5390625,15.385486602783203,0.243122398853302,1.0,,
gumbel_st,majority9,0,4,4,0.17918708408251405,0.5390625,0.4765625,6.573805332183838,209.4183349609375,0.5390625,6.573805332183838,0.24293065071105957,1.0,,
gumbel_st,majority9,0,5,5,0.2236542128957808,0.4609375,0.453125,5.438388347625732,233.6425018310547,0.4609375,5.438388347625732,0.24268986284732819,1.0,,
gumbel_st,majority9,0,6,6,0.26755284587852657,0.4609375,0.4453125,13.53282356262207,248.4754180908203,0.4609375,13.53282356262207,0.24240908026695251,1.0,,
gumbel_st,majority9,0,7,7,0.31173578603193164,0.4609375,0.4609375,20.74604034423828,294.5908203125,0.4609375,20.74604034423828,0.24209854006767273,1.0,,
gumbel_st,majority9,0,8,8,0.3566996508743614,0.4609375,0.4609375,24.476119995117188,272.7158203125,0.4609375,24.476119995117188,0.24182429909706116,1.0,,
gumbel_st,majority9,0,9,9,0.4007805578876287,0.4609375,0.484375,33.15016555786133,339.8979187011719,0.4609375,33.15016555786133,0.24161848425865173,1.0,,
gumbel_st,majority9,0,10,10,0.44564237305894494,0.4609375,0.4609375,43.01137161254883,350.8137512207031,0.4609375,43.01137161254883,0.24142266809940338,1.0,,
gumbel_st,majority9,0,11,11,0.49035408603958786,0.4609375,0.453125,53.92316818237305,398.45916748046875,0.4609375,53.92316818237305,0.2412371188402176,1.0,,
gumbel_st,majority9,0,12,12,0.5350020448677242,0.4609375,0.453125,60.14353942871094,398.45916748046875,0.4609375,60.14353942871094,0.24106112122535706,1.0,,
gumbel_st,majority9,0,13,13,0.5787939289584756,0.4609375,0.4453125,64.42631530761719,332.06378173828125,0.4609375,64.42631530761719,0.24093446135520935,1.0,,
gumbel_st,majority9,0,14,14,0.6239412769209594,0.4609375,0.4375,64.67802429199219,332.0474853515625,0.4609375,64.67802429199219,0.24078290164470673,1.0,,
gumbel_st,majority9,0,15,15,0.6690947189927101,0.4609375,0.4375,65.72090911865234,332.0474853515625,0.4609375,65.72090911865234,0.24065789580345154,1.0,,
gumbel_st,majority9,0,16,16,0.7135835320223123,0.4609375,0.4375,69.53370666503906,332.0474853515625,0.4609375,69.53370666503906,0.24053113162517548,1.0,,
gumbel_st,majority9,0,17,17,0.7573249209672213,0.4609375,0.4375,73.38456726074219,333.6099853515625,0.4609375,73.38456726074219,0.24041561782360077,1.0,,
gumbel_st,majority9,0,18,18,0.8013680649455637,0.4609375,0.4375,74.49321746826172,300.8137512207031,0.4609375,74.49321746826172,0.2402830421924591,1.0,,
gumbel_st,majority9,0,19,19,0.8455719230696559,0.4609375,0.4375,76.07212829589844,300.8137512207031,0.4609375,76.07212829589844,0.24012905359268188,1.0,,
gumbel_st,majority9,0,20,20,0.8898489330895245,0.4609375,0.453125,74.3980484008789,383.6046142578125,0.4609375,74.3980484008789,0.23997536301612854,1.0,,
gumbel_st,majority9,0,21,21,0.9339737629052252,0.4609375,0.453125,67.91739654541016,365.64666748046875,0.4609375,67.91739654541016,0.2397429645061493,1.0,,
gumbel_st,majority9,0,22,22,0.97892772895284,0.4609375,0.453125,57.89719772338867,365.64666748046875,0.4609375,57.89719772338867,0.2394820749759674,1.0,,
gumbel_st,majority9,0,23,23,1.0228180158883333,0.4609375,0.4609375,45.25090789794922,353.9224853515625,0.4609375,45.25090789794922,0.23928327858448029,1.0,,
gumbel_st,majority9,0,24,24,1.068580460967496,0.4609375,0.453125,32.4263916015625,313.3245849609375,0.4609375,32.4263916015625,0.23911695182323456,1.0,,
gumbel_st,majority9,0,25,25,1.1127887249458581,0.4609375,0.46875,20.706924438476562,262.54876708984375,0.4609375,20.706924438476562,0.23897820711135864,1.0,,
gumbel_st,majority9,0,26,26,1.1571845619473606,0.4609375,0.5,14.435375213623047,239.1112518310547,0.4609375,14.435375213623047,0.23889115452766418,1.0,,
gumbel_st,majority9,0,27,27,1.2013306310400367,0.4609375,0.4921875,11.583751678466797,218.7933349609375,0.4609375,11.583751678466797,0.2388172745704651,1.0,,
gumbel_st,majority9,0,28,28,1.2459028160665184,0.4609375,0.46875,9.872726440429688,205.5175018310547,0.4609375,9.872726440429688,0.23871353268623352,1.0,,
gumbel_st,majority9,0,29,29,1.290708231041208,0.4609375,0.5,7.3275651931762695,197.6941680908203,0.4609375,7.3275651931762695,0.23859354853630066,1.0,,
gumbel_st,majority9,0,30,30,1.3354982060845941,0.4609375,0.46875,5.89517879486084,189.08958435058594,0.4609375,5.89517879486084,0.23845942318439484,1.0,,
gumbel_st,majority9,0,31,31,1.3798570889048278,0.4609375,0.4765625,3.046051502227783,173.4862518310547,0.4609375,3.046051502227783,0.2383337914943695,1.0,,
gumbel_st,majority9,0,32,32,1.4235478290356696,0.578125,0.53125,0.6966884136199951,118.01748657226562,0.578125,0.6966884136199951,0.2382126897573471,1.0,,
gumbel_st,majority9,0,33,33,1.4682218069210649,0.4609375,0.5234375,1.2046772241592407,124.28373718261719,0.4609375,1.2046772241592407,0.23814159631729126,1.0,,
gumbel_st,majority9,0,34,34,1.5126641870010644,0.4609375,0.5234375,2.668781042098999,127.40873718261719,0.4609375,2.668781042098999,0.23805497586727142,1.0,,
gumbel_st,majority9,0,35,35,1.5578760420903563,0.4609375,0.5234375,2.4997000694274902,127.40873718261719,0.4609375,2.4997000694274902,0.23795102536678314,1.0,,
gumbel_st,majority9,0,36,36,1.6026471720542759,0.4609375,0.546875,1.8764252662658691,111.05121612548828,0.4609375,1.8764252662658691,0.23785211145877838,1.0,,
gumbel_st,majority9,0,37,37,1.6467704509850591,0.4609375,0.5546875,3.057655096054077,118.83123016357422,0.4609375,3.057655096054077,0.2377353310585022,1.0,,
gumbel_st,majority9,0,38,38,1.6911516790278256,0.4609375,0.515625,5.267413139343262,154.74166870117188,0.4609375,5.267413139343262,0.2376278042793274,1.0,,
gumbel_st,majority9,0,39,39,1.7352616919670254,0.4609375,0.5546875,10.284658432006836,119.61247253417969,0.4609375,10.284658432006836,0.23755216598510742,1.0,,
gumbel_st,majority9,0,40,40,1.7790764588862658,0.4609375,0.5390625,12.893928527832031,146.96163940429688,0.4609375,12.893928527832031,0.23739391565322876,1.0,,
gumbel_st,majority9,0,41,41,1.8235779949463904,0.4609375,0.546875,13.24184799194336,146.18038940429688,0.4609375,13.24184799194336,0.23721861839294434,1.0,,
gumbel_st,majority9,0,42,42,1.869549993891269,0.4609375,0.484375,12.037431716918945,150.86788940429688,0.4609375,12.037431716918945,0.23705771565437317,1.0,,
gumbel_st,majority9,0,43,43,1.916075682034716,0.4609375,0.5390625,13.676986694335938,165.67373657226562,0.4609375,13.676986694335938,0.23685097694396973,1.0,,
gumbel_st,majority9,0,44,44,1.9613923989236355,0.4609375,0.578125,12.113494873046875,139.13290405273438,0.4609375,12.113494873046875,0.23664313554763794,1.0,,
gumbel_st,majority9,0,45,45,2.0077033459674567,0.4609375,0.5703125,8.03679084777832,127.42498779296875,0.4609375,8.03679084777832,0.23649108409881592,1.0,,
gumbel_st,majority9,0,46,46,2.052513956092298,0.4609375,0.53125,8.954614639282227,152.41415405273438,0.4609375,8.954614639282227,0.23635070025920868,1.0,,
gumbel_st,majority9,0,47,47,2.0972672670613974,0.4609375,0.53125,12.533838272094727,150.0758056640625,0.4609375,12.533838272094727,0.23611664772033691,1.0,,
gumbel_st,majority9,0,48,48,2.14244986907579,0.4609375,0.5625,16.582448959350586,143.8312225341797,0.4609375,16.582448959350586,0.23589585721492767,1.0,,
gumbel_st,majority9,0,49,49,2.1864713279064745,0.4609375,0.53125,24.5228214263916,149.29457092285156,0.4609375,24.5228214263916,0.23572680354118347,1.0,,
gumbel_st,majority9,0,50,50,2.231102545047179,0.4609375,0.5234375,32.50539016723633,166.47665405273438,0.4609375,32.50539016723633,0.2356230914592743,1.0,,
gumbel_st,majority9,0,51,51,2.27466900087893,0.4609375,0.484375,33.4335823059082,173.5024871826172,0.4609375,33.4335823059082,0.23547980189323425,1.0,,
gumbel_st,majority9,0,52,52,2.319092351011932,0.4609375,0.4765625,31.845136642456055,167.26332092285156,0.4609375,31.845136642456055,0.23534318804740906,1.0,,
gumbel_st,majority9,0,53,53,2.3632090939208865,0.4609375,0.46875,32.787105560302734,166.4604034423828,0.4609375,32.787105560302734,0.2352132499217987,1.0,,
gumbel_st,majority9,0,54,54,2.407491091871634,0.4609375,0.5,38.93257141113281,273.4700012207031,0.4609375,38.93257141113281,0.2351398766040802,1.0,,
gumbel_st,majority9,0,55,55,2.4514928080607206,0.4609375,0.4921875,42.62067794799805,277.34918212890625,0.4609375,42.62067794799805,0.23510152101516724,1.0,,
gumbel_st,majority9,0,56,56,2.498257352039218,0.4609375,0.484375,46.44556427001953,291.4224853515625,0.4609375,46.44556427001953,0.23508653044700623,1.0,,
gumbel_st,majority9,0,57,57,2.546175255905837,0.4609375,0.5,43.38801574707031,317.20916748046875,0.4609375,43.38801574707031,0.2350948601961136,1.0,,
gumbel_st,majority9,0,58,58,2.5915974599774927,0.4609375,0.5234375,37.50410461425781,237.51625061035156,0.4609375,37.50410461425781,0.2350684404373169,1.0,,
gumbel_st,majority9,0,59,59,2.6367981440853328,0.4609375,0.5,32.390560150146484,193.0283203125,0.4609375,32.390560150146484,0.23499277234077454,1.0,,
gumbel_st,majority9,0,60,60,2.681387182092294,0.4609375,0.53125,26.777355194091797,220.35040283203125,0.4609375,26.777355194091797,0.2348427027463913,1.0,,
gumbel_st,majority9,0,61,61,2.7252350440248847,0.4609375,0.515625,19.084861755371094,142.2687225341797,0.4609375,19.084861755371094,0.234633669257164,1.0,,
gumbel_st,majority9,0,62,62,2.769250696990639,0.4609375,0.515625,9.581161499023438,128.9712371826172,0.4609375,9.581161499023438,0.2344314455986023,1.0,,
gumbel_st,majority9,0,63,63,2.8132855938747525,0.4609375,0.4765625,2.5432357788085938,133.70204162597656,0.4609375,2.5432357788085938,0.23428285121917725,1.0,,
gumbel_st,majority9,0,64,64,2.8576425220817327,0.5390625,0.5078125,2.353455066680908,135.98081970214844,0.5390625,2.353455066680908,0.234167218208313,1.0,,
gumbel_st,majority9,0,65,65,2.902335836086422,0.5390625,0.5234375,4.6288886070251465,140.69540405273438,0.5390625,4.6288886070251465,0.23405511677265167,1.0,,
gumbel_st,majority9,0,66,66,2.94699651398696,0.5390625,0.484375,8.94815444946289,157.0854034423828,0.5390625,8.94815444946289,0.23399251699447632,1.0,,
gumbel_st,majority9,0,67,67,2.99183944799006,0.5390625,0.5078125,12.45827865600586,167.2470703125,0.5390625,12.45827865600586,0.2339152693748474,1.0,,
gumbel_st,majority9,0,68,68,3.036269242875278,0.5390625,0.5,15.37191390991211,158.6316680908203,0.5390625,15.37191390991211,0.23385509848594666,1.0,,
gumbel_st,majority9,0,69,69,3.084525446873158,0.5390625,0.546875,19.780681610107422,132.0908203125,0.5390625,19.780681610107422,0.23380835354328156,1.0,,
gumbel_st,majority9,0,70,70,3.129516321932897,0.5390625,0.5078125,23.178998947143555,142.23623657226562,0.5390625,23.178998947143555,0.2337738573551178,1.0,,
gumbel_st,majority9,0,71,71,3.1747853548731655,0.5390625,0.5,23.27881622314453,138.35707092285156,0.5390625,23.27881622314453,0.2337496429681778,1.0,,
gumbel_st,majority9,0,72,72,3.219223436899483,0.5390625,0.5234375,23.568384170532227,130.5337371826172,0.5390625,23.568384170532227,0.2337285727262497,1.0,,
gumbel_st,majority9,0,73,73,3.263291982933879,0.5390625,0.5078125,21.10266876220703,132.13955688476562,0.5390625,21.10266876220703,0.23370251059532166,1.0,,
gumbel_st,majority9,0,74,74,3.3077429269906133,0.5390625,0.5390625,15.942100524902344,130.51748657226562,0.5390625,15.942100524902344,0.23368903994560242,1.0,,
gumbel_st,majority9,0,75,75,3.3524021450430155,0.5390625,0.515625,11.104915618896484,150.8462371826172,0.5390625,11.104915618896484,0.23366469144821167,1.0,,
gumbel_st,majority9,0,76,76,3.396870201919228,0.5390625,0.546875,2.2434024810791016,175.03790283203125,0.5390625,2.2434024810791016,0.23365727066993713,1.0,,
gumbel_st,majority9,0,77,77,3.441502772970125,0.4609375,0.5390625,6.282126426696777,175.81375122070312,0.4609375,6.282126426696777,0.23363171517848969,1.0,,
gumbel_st,majority9,0,78,78,3.4863724189344794,0.4609375,0.546875,14.777168273925781,160.98623657226562,0.4609375,14.777168273925781,0.23354043066501617,1.0,,
gumbel_st,majority9,0,79,79,3.5308668850921094,0.4609375,0.5703125,25.538145065307617,161.76206970214844,0.4609375,25.538145065307617,0.2334917187690735,1.0,,
gumbel_st,majority9,0,80,80,3.575394548010081,0.4609375,0.5546875,36.21249771118164,235.95916748046875,0.4609375,36.21249771118164,0.23352374136447906,1.0,,
gumbel_st,majority9,0,81,81,3.619895620038733,0.4609375,0.5390625,41.97405242919922,221.12083435058594,0.4609375,41.97405242919922,0.23354406654834747,1.0,,
gumbel_st,majority9,0,82,82,3.6642383569851518,0.4609375,0.5390625,51.853515625,227.37625122070312,0.4609375,51.853515625,0.23353224992752075,1.0,,
gumbel_st,majority9,0,83,83,3.707999540027231,0.4609375,0.5,62.09441375732422,275.7974853515625,0.4609375,62.09441375732422,0.2334810048341751,1.0,,
gumbel_st,majority9,0,84,84,3.7521072800736874,0.4609375,0.484375,70.59794616699219,337.5108337402344,0.4609375,70.59794616699219,0.23342174291610718,1.0,,
gumbel_st,majority9,0,85,85,3.796139556914568,0.4609375,0.484375,74.36311340332031,335.16168212890625,0.4609375,74.36311340332031,0.23340409994125366,1.0,,
gumbel_st,majority9,0,86,86,3.840562687953934,0.4609375,0.4921875,70.70211029052734,350.80291748046875,0.4609375,70.70211029052734,0.23334462940692902,1.0,,
gumbel_st,majority9,0,87,87,3.8846291140653193,0.4609375,0.484375,66.91987609863281,364.86541748046875,0.4609375,66.91987609863281,0.23327673971652985,1.0,,
gumbel_st,majority9,0,88,88,3.9292597330641,0.4609375,0.4609375,61.128143310546875,321.902099609375,0.4609375,61.128143310546875,0.2332489788532257,1.0,,
gumbel_st,majority9,0,89,89,3.973217345075682,0.4609375,0.5,58.73115539550781,232.0800018310547,0.4609375,58.73115539550781,0.2332278937101364,1.0,,
gumbel_st,majority9,0,90,90,4.017115676077083,0.4609375,0.4921875,56.97748565673828,237.5379180908203,0.4609375,56.97748565673828,0.23314779996871948,1.0,,
gumbel_st,majority9,0,91,91,4.061082771979272,0.4609375,0.4921875,58.71704864501953,287.53790283203125,0.4609375,58.71704864501953,0.23305414617061615,1.0,,
gumbel_st,majority9,0,92,92,4.105918287998065,0.4609375,0.484375,63.268775939941406,300.027099609375,0.4609375,63.268775939941406,0.23300015926361084,1.0,,
gumbel_st,majority9,0,93,93,4.149843391962349,0.4609375,0.4375,71.84553527832031,328.9224853515625,0.4609375,71.84553527832031,0.23297835886478424,1.0,,
gumbel_st,majority9,0,94,94,4.193870611023158,0.4609375,0.4296875,78.2066879272461,438.2975158691406,0.4609375,78.2066879272461,0.23287241160869598,1.0,,
gumbel_st,majority9,0,95,95,4.238442397909239,0.4609375,0.4296875,85.78741455078125,438.2975158691406,0.4609375,85.78741455078125,0.23270082473754883,1.0,,
gumbel_st,majority9,0,96,96,4.283407321898267,0.4609375,0.4375,87.97871398925781,424.24041748046875,0.4609375,87.97871398925781,0.23258455097675323,1.0,,
gumbel_st,majority9,0,97,97,4.328204757999629,0.4609375,0.453125,90.14358520507812,382.03125,0.4609375,90.14358520507812,0.23251429200172424,1.0,,
gumbel_st,majority9,0,98,98,4.372586403042078,0.4609375,0.453125,87.01024627685547,371.09375,0.4609375,87.01024627685547,0.232442244887352,1.0,,
gumbel_st,majority9,0,99,99,4.416996246902272,0.4609375,0.4609375,79.80902099609375,342.19293212890625,0.4609375,79.80902099609375,0.2324216663837433,1.0,,
gumbel_st,majority9,0,100,100,4.461650961078703,0.4609375,0.4453125,76.0285873413086,303.1683349609375,0.4609375,76.0285873413086,0.23236650228500366,1.0,,
gumbel_st,majority9,0,101,101,4.506418504985049,0.4609375,0.453125,72.82797241210938,378.93878173828125,0.4609375,72.82797241210938,0.23230406641960144,1.0,,
gumbel_st,majority9,0,102,102,4.5507313520647585,0.4609375,0.4609375,67.1194839477539,342.9849853515625,0.4609375,67.1194839477539,0.2322371006011963,1.0,,
gumbel_st,majority9,0,103,103,4.595522030023858,0.4609375,0.4765625,60.74995040893555,305.5120849609375,0.4609375,60.74995040893555,0.23215976357460022,1.0,,
gumbel_st,majority9,0,104,104,4.6394964379724115,0.4609375,0.46875,58.50954818725586,334.39666748046875,0.4609375,58.50954818725586,0.2321086823940277,1.0,,
gumbel_st,majority9,0,105,105,4.68393600708805,0.4609375,0.4765625,58.34321594238281,369.5421142578125,0.4609375,58.34321594238281,0.23202842473983765,1.0,,
gumbel_st,majority9,0,106,106,4.728124572895467,0.4609375,0.4609375,60.27674865722656,385.1670837402344,0.4609375,60.27674865722656,0.2319754809141159,1.0,,
gumbel_st,majority9,0,107,107,4.77275978308171,0.4609375,0.4609375,60.13086700439453,332.83416748046875,0.4609375,60.13086700439453,0.23190131783485413,1.0,,
gumbel_st,majority9,0,108,108,4.817286476958543,0.4609375,0.4609375,62.4403190612793,332.83416748046875,0.4609375,62.4403190612793,0.23178759217262268,1.0,,
gumbel_st,majority9,0,109,109,4.862119508907199,0.4609375,0.46875,61.77994918823242,335.9537353515625,0.4609375,61.77994918823242,0.23167625069618225,1.0,,
gumbel_st,majority9,0,110,110,4.906544962897897,0.4609375,0.453125,60.839744567871094,250.8191680908203,0.4609375,60.839744567871094,0.23158293962478638,1.0,,
gumbel_st,majority9,0,111,111,4.951334392884746,0.4609375,0.453125,56.68061828613281,250.8191680908203,0.4609375,56.68061828613281,0.23148378729820251,1.0,,
gumbel_st,majority9,0,112,112,4.996361192082986,0.4609375,0.453125,51.4693489074707,250.8191680908203,0.4609375,51.4693489074707,0.2313755452632904,1.0,,
gumbel_st,majority9,0,113,113,5.041289672954008,0.4609375,0.4609375,45.203399658203125,228.17373657226562,0.4609375,45.203399658203125,0.2312401682138443,1.0,,
gumbel_st,majority9,0,114,114,5.086067121941596,0.4609375,0.4375,40.335594177246094,226.6599884033203,0.4609375,40.335594177246094,0.2311304807662964,1.0,,
gumbel_st,majority9,0,115,115,5.1310145440511405,0.4609375,0.4296875,36.64854431152344,228.9550018310547,0.4609375,36.64854431152344,0.23101022839546204,1.0,,
gumbel_st,majority9,0,116,116,5.175600867951289,0.4609375,0.421875,37.26832580566406,173.50790405273438,0.4609375,37.26832580566406,0.23090435564517975,1.0,,
gumbel_st,majority9,0,117,117,5.2196286409161985,0.4609375,0.4140625,37.86985778808594,186.78915405273438,0.4609375,37.86985778808594,0.2308419942855835,1.0,,
gumbel_st,majority9,0,118,118,5.265046330867335,0.4609375,0.453125,38.4069709777832,182.8937225341797,0.4609375,38.4069709777832,0.2307330220937729,1.0,,
gumbel_st,majority9,0,119,119,5.3097012960352,0.4609375,0.4921875,38.20071792602539,185.24288940429688,0.4609375,38.20071792602539,0.23064841330051422,1.0,,
gumbel_st,majority9,0,120,120,5.354020570870489,0.4609375,0.484375,37.30565643310547,159.47789001464844,0.4609375,37.30565643310547,0.23053514957427979,1.0,,
hard_st_cage,majority9,0,1,1,0.045011546928435564,0.5390625,0.5234375,16.327171325683594,176.62208557128906,0.5234375,176.62208557128906,0.24264341592788696,2.9856979318876267,,
hard_st_cage,majority9,0,2,2,0.08888152078725398,0.5390625,0.5859375,14.563344955444336,148.5024871826172,0.5859375,148.5024871826172,0.2410992681980133,2.9719365115641434,,
hard_st_cage,majority9,0,3,3,0.13301866897381842,0.5390625,0.578125,16.943710327148438,113.35164642333984,0.578125,113.35164642333984,0.23975569009780884,2.95869724887597,,
hard_st_cage,majority9,0,4,4,0.17660493799485266,0.5390625,0.671875,20.088783264160156,85.28079223632812,0.671875,85.28079223632812,0.23860770463943481,2.9459467825352377,,
hard_st_cage,majority9,0,5,5,0.22020650492049754,0.5390625,0.640625,21.114274978637695,81.36371612548828,0.640625,81.36371612548828,0.23754355311393738,2.9336610162630548,,
hard_st_cage,majority9,0,6,6,0.2636155029758811,0.5390625,0.671875,19.9619083404541,54.79039001464844,0.671875,54.79039001464844,0.236669659614563,2.9218147251616133,,
hard_st_cage,majority9,0,7,7,0.30746982200071216,0.5390625,0.6953125,20.70505714416504,52.414154052734375,0.6953125,52.414154052734375,0.23586848378181458,2.910385145399564,,
hard_st_cage,majority9,0,8,8,0.35135688283480704,0.5390625,0.6875,20.81488800048828,52.403316497802734,0.6875,52.403316497802734,0.23514051735401154,2.8993545213769156,,
hard_st_cage,majority9,0,9,9,0.3950563259422779,0.5390625,0.7421875,20.48027229309082,39.17621994018555,0.7421875,39.17621994018555,0.23445245623588562,2.8887069933863643,,
hard_st_cage,majority9,0,10,10,0.43919172580353916,0.5390625,0.7578125,21.903900146484375,42.26872634887695,0.7578125,42.26872634887695,0.2337598204612732,2.8784302132080652,,
hard_st_cage,majority9,0,11,11,0.483383874874562,0.5390625,0.796875,21.452571868896484,37.55415344238281,0.796875,37.55415344238281,0.23312553763389587,2.868510652341714,,
hard_st_cage,majority9,0,12,12,0.527246561832726,0.5390625,0.7265625,20.689788818359375,41.498313903808594,0.7265625,41.498313903808594,0.23250724375247955,2.8589347142772885,,
hard_st_cage,majority9,0,13,13,0.5711869478691369,0.5390625,0.7265625,19.824188232421875,50.07581329345703,0.7265625,50.07581329345703,0.23192688822746277,2.8496905638909342,,
hard_st_cage,majority9,0,14,14,0.6149342937860638,0.5390625,0.8125,20.156421661376953,31.309566497802734,0.8125,31.309566497802734,0.23138901591300964,2.840764591434686,,
hard_st_cage,majority9,0,15,15,0.6584937667939812,0.5390625,0.75,19.9002742767334,46.18039321899414,0.75,46.18039321899414,0.23088082671165466,2.832144360937167,,
hard_st_cage,majority9,0,16,16,0.7023732508532703,0.5390625,0.7578125,19.66071891784668,45.377479553222656,0.7578125,45.377479553222656,0.23035860061645508,2.8238213247129735,,
hard_st_cage,majority9,0,17,17,0.7462035119533539,0.5390625,0.71875,19.157365798950195,32.89914321899414,0.71875,32.89914321899414,0.22989878058433533,2.815783960851448,,
hard_st_cage,majority9,0,18,18,0.7901116579305381,0.5390625,0.6953125,17.09743309020996,64.91956329345703,0.6953125,64.91956329345703,0.2295001745223999,2.8080185525787584,,
hard_st_cage,majority9,0,19,19,0.833768195938319,0.5390625,0.75,16.53607177734375,32.90997314453125,0.75,32.90997314453125,0.229165181517601,2.800511488207659,,
hard_st_cage,majority9,0,20,20,0.8775438738521188,0.5390625,0.8125,16.196640014648438,18.842060089111328,0.8125,18.842060089111328,0.2288205474615097,2.793254804086093,,
hard_st_cage,majority9,0,21,21,0.9211772328708321,0.5390625,0.828125,16.55541229248047,24.26207160949707,0.828125,24.26207160949707,0.22850430011749268,2.7862388366533435,,
hard_st_cage,majority9,0,22,22,0.9651053559500724,0.5390625,0.7578125,15.89400863647461,52.43039321899414,0.7578125,52.43039321899414,0.22815804183483124,2.7794582710167837,,
hard_st_cage,majority9,0,23,23,1.0089570849668235,0.5390625,0.703125,16.195785522460938,54.77414321899414,0.703125,54.77414321899414,0.227752223610878,2.772909315942747,,
hard_st_cage,majority9,0,24,24,1.0526553578674793,0.5390625,0.7734375,16.61370849609375,41.492897033691406,0.7734375,41.492897033691406,0.22737228870391846,2.766586136697943,,
hard_st_cage,majority9,0,25,25,1.0968913179822266,0.5390625,0.7734375,16.038488388061523,45.361236572265625,0.7734375,45.361236572265625,0.22705259919166565,2.760477246563723,,
hard_st_cage,majority9,0,26,26,1.1407501769717783,0.5390625,0.6875,18.590682983398438,50.83540344238281,0.6875,50.83540344238281,0.22679683566093445,2.7545721433061283,,
hard_st_cage,majority9,0,27,27,1.1858925658743829,0.5390625,0.8046875,18.9434757232666,36.79998016357422,0.8046875,36.79998016357422,0.2265920639038086,2.748860316802336,,
hard_st_cage,majority9,0,28,28,1.230173559859395,0.5390625,0.84375,19.006120681762695,17.257896423339844,0.84375,17.257896423339844,0.22638311982154846,2.743334486819582,,
hard_st_cage,majority9,0,29,29,1.2748904209583998,0.5390625,0.765625,18.50490951538086,27.424978256225586,0.765625,27.424978256225586,0.22623538970947266,2.737985681130036,,
hard_st_cage,majority9,0,30,30,1.3187722119037062,0.5390625,0.8046875,19.106868743896484,15.706228256225586,0.8046875,15.706228256225586,0.22607196867465973,2.732808237099347,,
hard_st_cage,majority9,0,31,31,1.3625011139083654,0.5390625,0.8359375,19.79897689819336,19.596233367919922,0.8359375,19.596233367919922,0.225886732339859,2.727798795478254,,
hard_st_cage,majority9,0,32,32,1.4061175140086561,0.5390625,0.7421875,20.37580680847168,36.02955627441406,0.7421875,36.02955627441406,0.22567293047904968,2.722953536561256,,
hard_st_cage,majority9,0,33,33,1.450017168885097,0.5390625,0.796875,20.996850967407227,28.965816497802734,0.796875,28.965816497802734,0.22540822625160217,2.7182720822915116,,
hard_st_cage,majority9,0,34,34,1.493278827983886,0.5390625,0.7890625,19.489824295043945,53.195396423339844,0.7890625,53.195396423339844,0.2251569777727127,2.713750521514462,,
hard_st_cage,majority9,0,35,35,1.5375920599326491,0.5390625,0.859375,19.619234085083008,26.60582160949707,0.859375,26.60582160949707,0.22500157356262207,2.7093784266473544,,
hard_st_cage,majority9,0,36,36,1.5817855659406632,0.5390625,0.8359375,20.57355308532715,18.836641311645508,0.8359375,18.836641311645508,0.22491702437400818,2.705144660167924,,
hard_st_cage,majority9,0,37,37,1.6256798098329455,0.5390625,0.8359375,20.252628326416016,11.794563293457031,0.8359375,11.794563293457031,0.22487109899520874,2.7010403500873763,,
hard_st_cage,majority9,0,38,38,1.6697401159908623,0.5390625,0.8359375,19.7794246673584,22.726648330688477,0.8359375,22.726648330688477,0.22474311292171478,2.69706567749379,,
hard_st_cage,majority9,0,39,39,1.7141216909512877,0.5390625,0.84375,20.471036911010742,23.486236572265625,0.84375,23.486236572265625,0.22461791336536407,2.6932199956682803,,
hard_st_cage,majority9,0,40,40,1.7577967760153115,0.5390625,0.8203125,19.10252571105957,21.9508113861084,0.8203125,21.9508113861084,0.22447146475315094,2.68949912140447,,
hard_st_cage,majority9,0,41,41,1.8014768769498914,0.5390625,0.8828125,17.263830184936523,19.563739776611328,0.8828125,19.563739776611328,0.22427605092525482,2.6859029162364254,,
hard_st_cage,majority9,0,42,42,1.8454212679062039,0.5390625,0.8125,16.805343627929688,28.168323516845703,0.8125,28.168323516845703,0.2240554392337799,2.682430517329538,,
hard_st_cage,majority9,0,43,43,1.88875668682158,0.5390625,0.78125,17.295724868774414,39.903316497802734,0.78125,39.903316497802734,0.22388678789138794,2.679076277774687,,
hard_st_cage,majority9,0,44,44,1.932845041854307,0.5390625,0.7109375,16.310516357421875,48.51332092285156,0.7109375,48.51332092285156,0.2237144112586975,2.675834855898179,,
hard_st_cage,majority9,0,45,45,1.976409740978852,0.5390625,0.875,15.932092666625977,21.142486572265625,0.875,21.142486572265625,0.22354929149150848,2.672702967251734,,
hard_st_cage,majority9,0,46,46,2.0209929707925767,0.5390625,0.8671875,16.345869064331055,19.590816497802734,0.8671875,19.590816497802734,0.2234504669904709,2.669673840752197,,
hard_st_cage,majority9,0,47,47,2.064809212926775,0.5390625,0.84375,16.934255599975586,20.382898330688477,0.84375,20.382898330688477,0.22327874600887299,2.6667460315231373,,
hard_st_cage,majority9,0,48,48,2.1087104729376733,0.5390625,0.828125,16.799179077148438,23.53497314453125,0.828125,23.53497314453125,0.22316841781139374,2.663915681125472,,
hard_st_cage,majority9,0,49,49,2.1525133119430393,0.5390625,0.8359375,17.74403190612793,21.153316497802734,0.8359375,21.153316497802734,0.22300878167152405,2.6611807431925882,,
hard_st_cage,majority9,0,50,50,2.1962509870063514,0.5390625,0.7734375,17.994306564331055,32.89914321899414,0.7734375,32.89914321899414,0.22292760014533997,2.6585357024763048,,
hard_st_cage,majority9,0,51,51,2.2397017700131983,0.5390625,0.7734375,16.834884643554688,43.03373718261719,0.7734375,43.03373718261719,0.2228420376777649,2.6559757674306743,,
hard_st_cage,majority9,0,52,52,2.2838810039684176,0.5390625,0.7578125,16.23634147644043,54.719993591308594,0.7578125,54.719993591308594,0.2227524071931839,2.653498343738049,,
hard_st_cage,majority9,0,53,53,2.3282207117881626,0.5390625,0.8125,16.912113189697266,32.861236572265625,0.8125,32.861236572265625,0.22268147766590118,2.651102007503219,,
hard_st_cage,majority9,0,54,54,2.372350870864466,0.5390625,0.8203125,16.750308990478516,25.059566497802734,0.8203125,25.059566497802734,0.2226864993572235,2.6487778477712487,,
hard_st_cage,majority9,0,55,55,2.416069199796766,0.5390625,0.828125,17.38850975036621,22.72123146057129,0.828125,22.72123146057129,0.22267349064350128,2.6465227229815023,,
hard_st_cage,majority9,0,56,56,2.4591209129430354,0.5390625,0.8203125,16.77735137939453,32.861236572265625,0.8203125,32.861236572265625,0.2225704938173294,2.6443400522538085,,
hard_st_cage,majority9,0,57,57,2.5025463129859418,0.5390625,0.8359375,16.90919303894043,28.982059478759766,0.8359375,28.982059478759766,0.22240468859672546,2.6422340504555324,,
hard_st_cage,majority9,0,58,58,2.5458375059533864,0.5390625,0.796875,16.90885353088379,34.42915344238281,0.796875,34.42915344238281,0.22226275503635406,2.640202897904277,,
hard_st_cage,majority9,0,59,59,2.5896566919982433,0.5390625,0.8984375,17.719051361083984,11.740410804748535,0.8984375,11.740410804748535,0.22215883433818817,2.6382410567938077,,
hard_st_cage,majority9,0,60,60,2.6333657659124583,0.5390625,0.8671875,17.64052963256836,12.548736572265625,0.8671875,12.548736572265625,0.2220567762851715,2.636345506895936,,
hard_st_cage,majority9,0,61,61,2.6772525359410793,0.5390625,0.8828125,17.185760498046875,13.329986572265625,0.8828125,13.329986572265625,0.2219255119562149,2.634516043344807,,
hard_st_cage,majority9,0,62,62,2.7209867478813976,0.5390625,0.8515625,16.66649627685547,21.153316497802734,0.8515625,21.153316497802734,0.22179995477199554,2.632750771882278,,
hard_st_cage,majority9,0,63,63,2.7647369478363544,0.5390625,0.8828125,15.354242324829102,13.340816497802734,0.8828125,13.340816497802734,0.22162935137748718,2.6310502659782053,,
hard_st_cage,majority9,0,64,64,2.809940103907138,0.5390625,0.875,14.593435287475586,14.903316497802734,0.875,14.903316497802734,0.22148853540420532,2.629412766955081,,
hard_st_cage,majority9,0,65,65,2.855124290799722,0.5390625,0.8125,15.3118896484375,46.90748977661133,0.8125,46.90748977661133,0.22139695286750793,2.6278326130700225,,
hard_st_cage,majority9,0,66,66,2.899499349994585,0.5390625,0.8828125,14.367956161499023,27.38707160949707,0.8828125,27.38707160949707,0.22131526470184326,2.626305332645235,,
hard_st_cage,majority9,0,67,67,2.964544046903029,0.5390625,0.84375,14.124122619628906,28.173734664916992,0.84375,28.173734664916992,0.22118693590164185,2.624832587602488,,
hard_st_cage,majority9,0,68,68,3.0304874889552593,0.5390625,0.8828125,15.02946662902832,16.444156646728516,0.8828125,16.444156646728516,0.22097744047641754,2.623417310684106,,
hard_st_cage,majority9,0,69,69,3.0816589158494025,0.5390625,0.8046875,16.16482162475586,19.601646423339844,0.8046875,19.601646423339844,0.22074314951896667,2.6220631538511547,,
hard_st_cage,majority9,0,70,70,3.135635827900842,0.5390625,0.8671875,15.572120666503906,25.829986572265625,0.8671875,25.829986572265625,0.22049479186534882,2.620768250051147,,
hard_st_cage,majority9,0,71,71,3.186877422966063,0.5390625,0.84375,16.128408432006836,19.59623146057129,0.84375,19.59623146057129,0.2202606499195099,2.619530935406369,,
hard_st_cage,majority9,0,72,72,3.2382644328754395,0.5390625,0.8828125,15.48304557800293,18.820396423339844,0.8828125,18.820396423339844,0.22004364430904388,2.61834807387017,,
hard_st_cage,majority9,0,73,73,3.2881948098074645,0.5390625,0.8359375,16.42417335510254,21.18039321899414,0.8359375,21.18039321899414,0.21991032361984253,2.6172130739823802,,
hard_st_cage,majority9,0,74,74,3.3648184367921203,0.5390625,0.8125,16.385557174682617,36.00248336791992,0.8125,36.00248336791992,0.21972881257534027,2.6161241304581515,,
hard_st_cage,majority9,0,75,75,3.4211167618632317,0.5390625,0.8671875,15.560014724731445,28.173734664916992,0.8671875,28.173734664916992,0.21952281892299652,2.6150833394087294,,
hard_st_cage,majority9,0,76,76,3.4734198569785804,0.5390625,0.75,15.34292221069336,22.73206329345703,0.75,22.73206329345703,0.21933531761169434,2.614089287386258,,
hard_st_cage,majority9,0,77,77,3.5258532389998436,0.5390625,0.859375,13.889846801757812,18.017484664916992,0.859375,18.017484664916992,0.2191954255104065,2.6131371050681116,,
hard_st_cage,majority9,0,78,78,3.5715043128002435,0.5390625,0.875,12.76357650756836,19.590816497802734,0.875,19.590816497802734,0.21909673511981964,2.612221906824586,,
hard_st_cage,majority9,0,79,79,3.615881201811135,0.5390625,0.859375,13.005670547485352,18.02290153503418,0.859375,18.02290153503418,0.21901434659957886,2.611340876246621,,
hard_st_cage,majority9,0,80,80,3.6675906819291413,0.5390625,0.859375,13.382518768310547,17.225406646728516,0.859375,17.225406646728516,0.21894969046115875,2.6104916746820686,,
hard_st_cage,majority9,0,81,81,3.7124675679951906,0.5390625,0.8046875,13.693500518798828,28.184568405151367,0.8046875,28.184568405151367,0.2188560664653778,2.609673716736288,,
hard_st_cage,majority9,0,82,82,3.7568369889631867,0.5390625,0.7890625,12.302757263183594,53.94415283203125,0.7890625,53.94415283203125,0.21870934963226318,2.6088903190175428,,
hard_st_cage,majority9,0,83,83,3.8017621769104153,0.5390625,0.8828125,12.569185256958008,14.88707160949707,0.8828125,14.88707160949707,0.21859481930732727,2.608140993900095,,
hard_st_cage,majority9,0,84,84,3.8461658218875527,0.5390625,0.890625,11.907808303833008,16.454986572265625,0.890625,16.454986572265625,0.21848568320274353,2.6074226836219347,,
hard_st_cage,majority9,0,85,85,3.890423589851707,0.5390625,0.859375,12.124149322509766,19.57457160949707,0.859375,19.57457160949707,0.21843144297599792,2.606731209916819,,
hard_st_cage,majority9,0,86,86,3.9343842768575996,0.5390625,0.875,12.10318374633789,25.05415153503418,0.875,25.05415153503418,0.2183603048324585,2.6060651552813403,,
hard_st_cage,majority9,0,87,87,3.9859052158426493,0.5390625,0.8125,11.858846664428711,38.31373977661133,0.8125,38.31373977661133,0.21815316379070282,2.60543156653089,,
hard_st_cage,majority9,0,88,88,4.037054701941088,0.5390625,0.703125,10.605091094970703,80.4958267211914,0.703125,80.4958267211914,0.2179829329252243,2.6048323996451224,,
hard_st_cage,majority9,0,89,89,4.089528118958697,0.5390625,0.8359375,12.005407333374023,33.67498016357422,0.8359375,33.67498016357422,0.21792176365852356,2.6042582980591766,,
hard_st_cage,majority9,0,90,90,4.1439754739403725,0.5390625,0.8828125,12.985769271850586,24.256654739379883,0.8828125,24.256654739379883,0.21787388622760773,2.6037047714859938,,
hard_st_cage,majority9,0,91,91,4.195764894830063,0.5390625,0.890625,11.653961181640625,18.017486572265625,0.890625,18.017486572265625,0.2177695333957672,2.6031743780620324,,
hard_st_cage,majority9,0,92,92,4.2543293298222125,0.5390625,0.8125,10.840862274169922,22.72123146057129,0.8125,22.72123146057129,0.2176394760608673,2.602670369684722,,
hard_st_cage,majority9,0,93,93,4.308124698931351,0.5390625,0.7890625,10.050699234008789,34.402076721191406,0.7890625,34.402076721191406,0.21753647923469543,2.6021891361195735,,
hard_st_cage,majority9,0,94,94,4.359405997907743,0.5390625,0.8515625,8.890493392944336,23.497066497802734,0.8515625,23.497066497802734,0.21746954321861267,2.6017289488579745,,
hard_st_cage,majority9,0,95,95,4.406579011818394,0.5390625,0.75,7.58439826965332,65.65748596191406,0.75,65.65748596191406,0.21746207773685455,2.6012841587985682,,
hard_st_cage,majority9,0,96,96,4.457611080957577,0.5390625,0.8203125,8.488985061645508,36.756656646728516,0.8203125,36.756656646728516,0.21740128099918365,2.600856497887986,,
hard_st_cage,majority9,0,97,97,4.5100875839125365,0.5390625,0.796875,7.949769973754883,26.63831329345703,0.796875,26.63831329345703,0.2173539400100708,2.600444623959061,,
hard_st_cage,majority9,0,98,98,4.562775337835774,0.5390625,0.8515625,7.271183013916016,34.412906646728516,0.8515625,34.412906646728516,0.21729399263858795,2.6000512136017355,,
hard_st_cage,majority9,0,99,99,4.614637124817818,0.5390625,0.90625,7.261692047119141,12.564983367919922,0.90625,12.564983367919922,0.21734395623207092,2.599666938353243,,
hard_st_cage,majority9,0,100,100,4.66734607797116,0.5390625,0.8125,7.445562362670898,31.298736572265625,0.8125,31.298736572265625,0.2173425257205963,2.599293211370198,,
hard_st_cage,majority9,0,101,101,4.721355014946312,0.5390625,0.75,8.758737564086914,66.44956970214844,0.75,66.44956970214844,0.21728551387786865,2.598934000191137,,
hard_st_cage,majority9,0,102,102,4.775226502912119,0.5390625,0.796875,7.854862213134766,33.631656646728516,0.796875,33.631656646728516,0.21724358201026917,2.59858900167881,,
hard_st_cage,majority9,0,103,103,4.827287414809689,0.5390625,0.7890625,7.6333770751953125,46.91831970214844,0.7890625,46.91831970214844,0.2172262817621231,2.5982560287568175,,
hard_st_cage,majority9,0,104,104,4.879337398800999,0.5390625,0.8125,8.681026458740234,33.620826721191406,0.8125,33.620826721191406,0.21718473732471466,2.5979352213629117,,
hard_st_cage,majority9,0,105,105,4.929264306789264,0.5390625,0.7734375,8.243799209594727,59.41831970214844,0.7734375,59.41831970214844,0.21716073155403137,2.5976272250092904,,
hard_st_cage,majority9,0,106,106,4.981218745931983,0.5390625,0.828125,9.382328033447266,39.88165283203125,0.828125,39.88165283203125,0.2171945422887802,2.59732697260966,,
hard_st_cage,majority9,0,107,107,5.035803438862786,0.5390625,0.765625,8.92293930053711,53.9495735168457,0.765625,53.9495735168457,0.21718262135982513,2.5970346340817843,,
hard_st_cage,majority9,0,108,108,5.09023127797991,0.5390625,0.84375,8.251707077026367,33.65873336791992,0.84375,33.65873336791992,0.2171647995710373,2.596752857409987,,
hard_st_cage,majority9,0,109,109,5.146970967995003,0.5390625,0.78125,7.845821380615234,35.9970703125,0.78125,35.9970703125,0.21710152924060822,2.5964836152390425,,
hard_st_cage,majority9,0,110,110,5.1992346798069775,0.5390625,0.84375,7.073577880859375,16.49289321899414,0.84375,16.49289321899414,0.21702881157398224,2.596226930373434,,
hard_st_cage,majority9,0,111,111,5.257644709898159,0.5390625,0.859375,6.493629455566406,25.070396423339844,0.859375,25.070396423339844,0.21694883704185486,2.595984459205155,,
hard_st_cage,majority9,0,112,112,5.312402104958892,0.5390625,0.65625,7.575080871582031,89.86000061035156,0.65625,89.86000061035156,0.2169165015220642,2.5957534564389175,,
hard_st_cage,majority9,0,113,113,5.365684560965747,0.5390625,0.8828125,4.39235258102417,15.673736572265625,0.8828125,15.673736572265625,0.21686413884162903,2.5955318545280086,,
hard_st_cage,majority9,0,114,114,5.417830746853724,0.5390625,0.7109375,2.703139305114746,75.05414581298828,0.7109375,75.05414581298828,0.2168721854686737,2.5953194569564064,,
hard_st_cage,majority9,0,115,115,5.470896526006982,0.5390625,0.7890625,4.121981620788574,30.517484664916992,0.7890625,30.517484664916992,0.21698802709579468,2.59510714661697,,
hard_st_cage,majority9,0,116,116,5.520440547959879,0.5390625,0.859375,3.965012788772583,19.56374168395996,0.859375,19.56374168395996,0.21709944307804108,2.5948906677285386,,
hard_st_cage,majority9,0,117,117,5.570687550818548,0.5390625,0.875,3.988630771636963,10.98082160949707,0.875,10.98082160949707,0.21716775000095367,2.5946734727574214,,
hard_st_cage,majority9,0,118,118,5.620288258884102,0.5390625,0.8984375,3.631742238998413,17.995826721191406,0.8984375,17.995826721191406,0.2171153724193573,2.594464272970816,,
hard_st_cage,majority9,0,119,119,5.662849017884582,0.5390625,0.828125,3.525519847869873,19.596233367919922,0.828125,19.596233367919922,0.21700432896614075,2.594268799158353,,
hard_st_cage,majority9,0,120,120,5.704955971799791,0.5390625,0.8125,3.5789906978607178,22.71040153503418,0.8125,22.71040153503418,0.2168213129043579,2.5940919202794483,,
block_relaxed,majority9,0,1,1,0.011297999182716012,0.484375,0.5,37.382957458496094,184.45082092285156,,,,1.0,0,0.010932923993095756
block_relaxed,majority9,0,2,2,0.021183097967877984,0.59375,0.578125,25.866302490234375,160.2104034423828,,,,1.0,0,0.020818030927330256
block_relaxed,majority9,0,3,3,0.031241436023265123,0.6875,0.59375,18.50507164001465,126.64373779296875,,,,1.0,0,0.030876335920765996
block_relaxed,majority9,0,4,4,0.04109255108051002,0.765625,0.671875,13.315702438354492,109.43998718261719,,,,1.0,0,0.040727447951212525
block_relaxed,majority9,0,5,5,0.051035227021202445,0.796875,0.6640625,9.119405746459961,114.09498596191406,,,,1.0,0,0.050670136930420995
block_relaxed,majority9,0,6,6,0.0610813801176846,0.8046875,0.71875,6.167001724243164,104.74165344238281,,,,1.0,0,0.06071627396158874
block_relaxed,majority9,0,7,7,0.07108886213973165,0.828125,0.6953125,4.410911560058594,93.82039642333984,,,,1.0,0,0.070723817916587
block_relaxed,majority9,0,8,8,0.08097002818249166,0.859375,0.71875,3.3110454082489014,91.44956970214844,,,,1.0,0,0.08060491597279906
block_relaxed,majority9,0,9,9,0.09076428413391113,0.8828125,0.7109375,2.7865848541259766,82.85581970214844,,,,1.0,0,0.09039918007329106
block_relaxed,majority9,0,10,10,0.10039989813230932,0.8828125,0.703125,2.4349427223205566,72.69956970214844,,,,1.0,0,0.10003480198793113
block_relaxed,majority9,0,11,11,0.11059401207603514,0.8828125,0.734375,1.9600468873977661,63.33540344238281,,,,1.0,0,0.11022897390648723
block_relaxed,majority9,0,12,12,0.1205053471494466,0.90625,0.75,1.299888253211975,68.78791046142578,,,,1.0,0,0.12014022702351213
block_relaxed,majority9,0,13,13,0.13030190602876246,0.9296875,0.7890625,0.8685574531555176,46.120826721191406,,,,1.0,0,0.1299368259496987
block_relaxed,majority9,0,14,14,0.1401986910495907,0.9453125,0.7890625,0.5368090271949768,46.120826721191406,,,,1.0,0,0.13983362610451877
block_relaxed,majority9,0,15,15,0.15046114404685795,0.953125,0.7890625,0.37822797894477844,46.120826721191406,,,,1.0,0,0.1500961259007454
block_relaxed,majority9,0,16,16,0.1602130241226405,0.96875,0.8125,0.29452285170555115,36.75123977661133,,,,1.0,0,0.15984807908535004
block_relaxed,majority9,0,17,17,0.17018555896356702,0.96875,0.8125,0.2313726842403412,36.75123977661133,,,,1.0,0,0.16982056200504303
block_relaxed,majority9,0,18,18,0.1799601069651544,0.96875,0.8125,0.18220537900924683,36.75123977661133,,,,1.0,0,0.17959523294121027
block_relaxed,majority9,0,19,19,0.1900168489664793,0.96875,0.78125,0.14161309599876404,32.882896423339844,,,,1.0,0,0.18965176888741553
block_relaxed,majority9,0,20,20,0.19987956318072975,0.9765625,0.828125,0.11509495973587036,29.736236572265625,,,,1.0,0,0.19951462908647954
block_relaxed,majority9,0,21,21,0.20968951401300728,0.984375,0.828125,0.09852535277605057,29.736236572265625,,,,1.0,0,0.20932453800924122
block_relaxed,majority9,0,22,22,0.219706314150244,0.984375,0.828125,0.08862030506134033,29.736236572265625,,,,1.0,0,0.2193412990309298
block_relaxed,majority9,0,23,23,0.22944678599014878,0.9921875,0.828125,0.0836026594042778,29.736236572265625,,,,1.0,0,0.22908167587593198
block_relaxed,majority9,0,24,24,0.23919509910047054,0.9921875,0.828125,0.08153275400400162,29.736236572265625,,,,1.0,0,0.23883000807836652
block_relaxed,majority9,0,25,25,0.24887728411704302,0.9921875,0.828125,0.08078287541866302,29.736236572265625,,,,1.0,0,0.24851221893914044
block_relaxed,majority9,0,26,26,0.25895857997238636,0.9921875,0.828125,0.0805295780301094,29.736236572265625,,,,1.0,0,0.2585935259703547
block_relaxed,majority9,0,27,27,0.26888258708640933,0.9921875,0.828125,0.08045974373817444,29.736236572265625,,,,1.0,0,0.26851752190850675
block_relaxed,majority9,0,28,28,0.2787403389811516,0.9921875,0.828125,0.08043155074119568,29.736236572265625,,,,1.0,0,0.27837526495568454
block_relaxed,majority9,0,29,29,0.2887756109703332,0.9921875,0.828125,0.08040408790111542,29.736236572265625,,,,1.0,0,0.28841058700345457
block_relaxed,majority9,0,30,30,0.29875516216270626,0.9921875,0.828125,0.0803755670785904,29.736236572265625,,,,1.0,0,0.2983900939580053
block_relaxed,majority9,0,1,31,0.3161636011209339,0.578125,0.4765625,12.849996566772461,99.59337615966797,,,,1.0,1,0.010176158975809813
block_relaxed,majority9,0,2,32,0.32608171715401113,0.6171875,0.4765625,9.011058807373047,99.59337615966797,,,,1.0,1,0.020094305044040084
block_relaxed,majority9,0,3,33,0.33608081098645926,0.5390625,0.4609375,7.455576419830322,101.73529052734375,,,,1.0,1,0.030093328095972538
block_relaxed,majority9,0,4,34,0.345953427022323,0.578125,0.4609375,5.674909591674805,114.01422882080078,,,,1.0,1,0.03996593598276377
block_relaxed,majority9,0,5,35,0.3558065891265869,0.6484375,0.4609375,5.793592929840088,112.5703125,,,,1.0,1,0.04981915699318051
block_relaxed,majority9,0,6,36,0.365513141034171,0.6796875,0.4609375,5.208608627319336,112.5703125,,,,1.0,1,0.05952568515203893
block_relaxed,majority9,0,7,37,0.37545592500828207,0.7109375,0.4609375,3.205895185470581,114.90087890625,,,,1.0,1,0.06946850311942399
block_relaxed,majority9,0,8,38,0.3851335539948195,0.6875,0.4609375,3.0622241497039795,114.90087890625,,,,1.0,1,0.07914609601721168
block_relaxed,majority9,0,9,39,0.3951298501342535,0.78125,0.4609375,2.3479061126708984,114.90087890625,,,,1.0,1,0.08914234419353306
block_relaxed,majority9,0,10,40,0.40534007316455245,0.8125,0.4609375,2.0253524780273438,114.90087890625,,,,1.0,1,0.099352837074548
block_relaxed,majority9,0,11,41,0.4152808890212327,0.8046875,0.4609375,1.4922146797180176,114.90087890625,,,,1.0,1,0.10929342196322978
block_relaxed,majority9,0,12,42,0.4313247750978917,0.8046875,0.4609375,1.213652491569519,90.70414733886719,,,,1.0,1,0.12533738114871085
block_relaxed,majority9,0,13,43,0.4415514611173421,0.859375,0.46875,0.9824301600456238,65.57135772705078,,,,1.0,1,0.13556406018324196
block_relaxed,majority9,0,14,44,0.4513210281729698,0.875,0.46875,0.7864828705787659,65.57135772705078,,,,1.0,1,0.14533361396752298
block_relaxed,majority9,0,15,45,0.4611074181739241,0.8671875,0.46875,0.6390315890312195,65.57135772705078,,,,1.0,1,0.1551200880203396
block_relaxed,majority9,0,16,46,0.47091032401658595,0.90625,0.453125,0.5262935757637024,77.58314514160156,,,,1.0,1,0.16492286208085716
block_relaxed,majority9,0,17,47,0.4807804001029581,0.8984375,0.4609375,0.48359215259552,77.69706726074219,,,,1.0,1,0.1747929030098021
block_relaxed,majority9,0,18,48,0.4907701110932976,0.90625,0.4609375,0.3912384510040283,77.69706726074219,,,,1.0,1,0.18478270107880235
block_relaxed,majority9,0,19,49,0.5005602950695902,0.9140625,0.4609375,0.33922332525253296,77.69706726074219,,,,1.0,1,0.19457283313386142
block_relaxed,majority9,0,20,50,0.510533310007304,0.9140625,0.484375,0.2992243468761444,59.680824279785156,,,,1.0,1,0.20454590418376029
block_relaxed,majority9,0,21,51,0.5202087829820812,0.921875,0.5390625,0.2763391137123108,42.39414596557617,,,,1.0,1,0.21422134805470705
block_relaxed,majority9,0,22,52,0.5298632129561156,0.9140625,0.5390625,0.265001118183136,42.39414596557617,,,,1.0,1,0.2238757610321045
block_relaxed,majority9,0,23,53,0.5397193571552634,0.9296875,0.5703125,0.24098268151283264,33.18358612060547,,,,1.0,1,0.23373214900493622
block_relaxed,majority9,0,24,54,0.5496179780457169,0.9296875,0.5703125,0.22104598581790924,33.18358612060547,,,,1.0,1,0.24363050004467368
block_relaxed,majority9,0,25,55,0.5595467600505799,0.9296875,0.6796875,0.21042445302009583,23.501956939697266,,,,1.0,1,0.2535592899657786
block_relaxed,majority9,0,26,56,0.56923993001692,0.9375,0.6796875,0.19362927973270416,23.501956939697266,,,,1.0,1,0.26325242896564305
block_relaxed,majority9,0,27,57,0.5791008779779077,0.953125,0.6796875,0.1841457635164261,23.501956939697266,,,,1.0,1,0.27311336901038885
block_relaxed,majority9,0,28,58,0.5887998789548874,0.9453125,0.6796875,0.1876630187034607,23.501956939697266,,,,1.0,1,0.28281243797391653
block_relaxed,majority9,0,29,59,0.5985112660564482,0.9453125,0.6796875,0.17040427029132843,23.501956939697266,,,,1.0,1,0.29252384416759014
block_relaxed,majority9,0,30,60,0.6082768240012228,0.953125,0.671875,0.149756520986557,17.70709991455078,,,,1.0,1,0.30228939396329224
block_relaxed,majority9,0,1,61,0.6315533060114831,0.5390625,0.5390625,8.856149673461914,106.563720703125,,,,1.0,2,0.010251023108139634
block_relaxed,majority9,0,2,62,0.6464537910651416,0.5390625,0.5390625,11.194181442260742,118.54539489746094,,,,1.0,2,0.02515169302932918
block_relaxed,majority9,0,3,63,0.6595616261474788,0.4609375,0.5390625,4.585783004760742,35.193016052246094,,,,1.0,2,0.03825942217372358
block_relaxed,majority9,0,4,64,0.669376288075,0.4609375,0.5390625,9.271076202392578,35.193016052246094,,,,1.0,2,0.048073966056108475
block_relaxed,majority9,0,5,65,0.6792649480048567,0.640625,0.5390625,1.090768575668335,82.14859008789062,,,,1.0,2,0.057962589198723435
block_relaxed,majority9,0,6,66,0.6888781259767711,0.5390625,0.5390625,4.4021453857421875,118.54539489746094,,,,1.0,2,0.06757583003491163
block_relaxed,majority9,0,7,67,0.6988135660067201,0.4921875,0.5390625,2.294184446334839,35.193016052246094,,,,1.0,2,0.07751128915697336
block_relaxed,majority9,0,8,68,0.7084498039912432,0.5078125,0.5390625,2.1524243354797363,47.174713134765625,,,,1.0,2,0.08714742818847299
block_relaxed,majority9,0,9,69,0.718348405091092,0.5390625,0.5390625,2.559140920639038,118.54539489746094,,,,1.0,2,0.09704617015086114
block_relaxed,majority9,0,10,70,0.7284249980002642,0.6328125,0.5390625,0.8101081848144531,61.119712829589844,,,,1.0,2,0.10712268413044512
block_relaxed,majority9,0,11,71,0.7382962449919432,0.5703125,0.5390625,1.222020149230957,61.119712829589844,,,,1.0,2,0.11699390318244696
block_relaxed,majority9,0,12,72,0.7501175270881504,0.625,0.5390625,1.4255754947662354,71.72528076171875,,,,1.0,2,0.12881620414555073
block_relaxed,majority9,0,13,73,0.7614953231532127,0.6015625,0.5390625,0.8846755027770996,71.72528076171875,,,,1.0,2,0.1401929680723697
block_relaxed,majority9,0,14,74,0.7712476211600006,0.7734375,0.5390625,0.5179937481880188,71.72528076171875,,,,1.0,2,0.1499453370925039
block_relaxed,majority9,0,15,75,0.7811512909829617,0.7890625,0.5390625,0.5642973780632019,71.72528076171875,,,,1.0,2,0.15984895103611052
block_relaxed,majority9,0,16,76,0.7908252810593694,0.6796875,0.5390625,0.6046696901321411,71.72528076171875,,,,1.0,2,0.16952294809743762
block_relaxed,majority9,0,17,77,0.8009617640636861,0.78125,0.5390625,0.5816904902458191,49.67912292480469,,,,1.0,2,0.17965946509502828
block_relaxed,majority9,0,18,78,0.8111650871578604,0.765625,0.5390625,0.4736839532852173,49.67912292480469,,,,1.0,2,0.18986271508038044
block_relaxed,majority9,0,19,79,0.8208248040173203,0.7734375,0.5390625,0.4335933029651642,39.833900451660156,,,,1.0,2,0.19952251017093658
block_relaxed,majority9,0,20,80,0.8307242910377681,0.8046875,0.5390625,0.4320419728755951,39.833900451660156,,,,1.0,2,0.2094219729769975
block_relaxed,majority9,0,21,81,0.8405888581182808,0.78125,0.5390625,0.43505802750587463,39.833900451660156,,,,1.0,2,0.21928666112944484
block_relaxed,majority9,0,22,82,0.8502466820646077,0.8125,0.5390625,0.4397224187850952,39.833900451660156,,,,1.0,2,0.22894434607587755
block_relaxed,majority9,0,23,83,0.8603149850387126,0.7890625,0.5390625,0.42442071437835693,39.833900451660156,,,,1.0,2,0.23901267116889358
block_relaxed,majority9,0,24,84,0.8704402451403439,0.8203125,0.5390625,0.39773988723754883,39.833900451660156,,,,1.0,2,0.2491379091516137
block_relaxed,majority9,0,25,85,0.8801034709904343,0.796875,0.5390625,0.39287522435188293,39.833900451660156,,,,1.0,2,0.2588011890184134
block_relaxed,majority9,0,26,86,0.8899711109697819,0.828125,0.5390625,0.37920716404914856,39.833900451660156,,,,1.0,2,0.26866884203627706
block_relaxed,majority9,0,27,87,0.899741668952629,0.8203125,0.5390625,0.3524136543273926,39.833900451660156,,,,1.0,2,0.27843929803930223
block_relaxed,majority9,0,28,88,0.9094232160132378,0.84375,0.5390625,0.3361314535140991,39.833900451660156,,,,1.0,2,0.2881209210027009
block_relaxed,majority9,0,29,89,0.9192596510984004,0.8359375,0.5390625,0.3274103105068207,39.833900451660156,,,,1.0,2,0.29795733420178294
block_relaxed,majority9,0,30,90,0.9290757721755654,0.8359375,0.5390625,0.32140442728996277,39.833900451660156,,,,1.0,2,0.3077734571415931
block_relaxed,majority9,0,1,91,0.9601830169558525,0.5390625,0.5390625,32.64736557006836,32.5015983581543,,,,1.0,3,0.010696872835978866
block_relaxed,majority9,0,2,92,0.9700272041372955,0.4609375,0.4609375,2.517615556716919,97.95394134521484,,,,1.0,3,0.02054097387008369
block_relaxed,majority9,0,3,93,0.9798273330088705,0.4609375,0.4609375,18.035173416137695,97.95394134521484,,,,1.0,3,0.030341094825416803
block_relaxed,majority9,0,4,94,0.9896137090399861,0.4609375,0.4609375,11.63681411743164,97.95394134521484,,,,1.0,3,0.04012746782973409
block_relaxed,majority9,0,5,95,0.9993591459933668,0.5390625,0.578125,4.662146091461182,1.134236454963684,,,,1.0,3,0.04987292387522757
block_relaxed,majority9,0,6,96,1.0091966029722244,0.5390625,0.578125,7.991388320922852,1.134236454963684,,,,1.0,3,0.059710299829021096
block_relaxed,majority9,0,7,97,1.01942249503918,0.4609375,0.4609375,1.1104028224945068,69.87319946289062,,,,1.0,3,0.06993621890433133
block_relaxed,majority9,0,8,98,1.0291666670236737,0.4609375,0.4609375,5.348770618438721,69.87319946289062,,,,1.0,3,0.07968041487038136
block_relaxed,majority9,0,9,99,1.0393533459864557,0.5390625,0.4609375,2.2453866004943848,54.597835540771484,,,,1.0,3,0.08986706985160708
block_relaxed,majority9,0,10,100,1.0489289229735732,0.5390625,0.4609375,2.2874557971954346,54.597835540771484,,,,1.0,3,0.09944269387051463
block_relaxed,majority9,0,11,101,1.05864861398004,0.4609375,0.4609375,3.3362224102020264,69.87319946289062,,,,1.0,3,0.1091624228283763
block_relaxed,majority9,0,12,102,1.0685141400899738,0.5390625,0.4609375,1.4403290748596191,69.87319946289062,,,,1.0,3,0.11902786395512521
block_relaxed,majority9,0,13,103,1.0782733340747654,0.65625,0.4609375,0.6501702070236206,69.87319946289062,,,,1.0,3,0.128787123830989
block_relaxed,majority9,0,14,104,1.0879925901535898,0.4609375,0.4609375,0.9680513143539429,69.87319946289062,,,,1.0,3,0.13850637595169246
block_relaxed,majority9,0,15,105,1.0976573070511222,0.5390625,0.4609375,0.8235921859741211,69.87319946289062,,,,1.0,3,0.1481710548978299
block_relaxed,majority9,0,16,106,1.1074322161730379,0.4609375,0.4609375,1.0109707117080688,69.87319946289062,,,,1.0,3,0.1579459379427135
block_relaxed,majority9,0,17,107,1.1171149669680744,0.5859375,0.4609375,0.7123929262161255,69.87319946289062,,,,1.0,3,0.16762875788845122
block_relaxed,majority9,0,18,108,1.1268582029733807,0.5234375,0.4609375,0.7439125776290894,69.87319946289062,,,,1.0,3,0.1773719519842416
block_relaxed,majority9,0,19,109,1.1365435561165214,0.6640625,0.4609375,0.639864981174469,69.87319946289062,,,,1.0,3,0.18705727881751955
block_relaxed,majority9,0,20,110,1.1465241541154683,0.640625,0.4609375,0.6544212698936462,69.87319946289062,,,,1.0,3,0.1970379389822483
block_relaxed,majority9,0,21,111,1.1563077981118113,0.609375,0.4609375,0.6607609391212463,69.87319946289062,,,,1.0,3,0.20682152989320457
block_relaxed,majority9,0,22,112,1.1660621620249003,0.6953125,0.4609375,0.6384960412979126,69.87319946289062,,,,1.0,3,0.21657592593692243
block_relaxed,majority9,0,23,113,1.1757673050742596,0.484375,0.4609375,0.8362094163894653,69.87319946289062,,,,1.0,3,0.22628105687908828
block_relaxed,majority9,0,24,114,1.1855404779780656,0.5859375,0.4609375,0.7196729779243469,69.87319946289062,,,,1.0,3,0.23605423187837005
block_relaxed,majority9,0,25,115,1.1953247799538076,0.4765625,0.4609375,0.8217658996582031,69.87319946289062,,,,1.0,3,0.24583854293450713
block_relaxed,majority9,0,26,116,1.2051041240338236,0.7421875,0.4609375,0.6491345167160034,69.87319946289062,,,,1.0,3,0.2556178867816925
block_relaxed,majority9,0,27,117,1.215036713052541,0.640625,0.4609375,0.6463866233825684,69.87319946289062,,,,1.0,3,0.26555045787245035
block_relaxed,majority9,0,28,118,1.2248423350974917,0.640625,0.4609375,0.6295888423919678,83.11102294921875,,,,1.0,3,0.2753561129793525
block_relaxed,majority9,0,29,119,1.2346406341530383,0.703125,0.4609375,0.626315712928772,83.11102294921875,,,,1.0,3,0.2851544178556651
block_relaxed,majority9,0,30,120,1.244373236084357,0.640625,0.4609375,0.6248279213905334,83.11102294921875,,,,1.0,3,0.29488702886737883
block_hard_refit,majority9,0,1,1,0.011397501919418573,0.484375,0.5,37.382957458496094,184.45082092285156,,,,1.0,0,0.011085529113188386
block_hard_refit,majority9,0,2,2,0.02143996604718268,0.59375,0.578125,25.866302490234375,160.2104034423828,,,,1.0,0,0.02112803002819419
block_hard_refit,majority9,0,3,3,0.03133534989319742,0.6875,0.59375,18.50507164001465,126.64373779296875,,,,1.0,0,0.031023367075249553
block_hard_refit,majority9,0,4,4,0.0411295578815043,0.765625,0.671875,13.315702438354492,109.43998718261719,,,,1.0,0,0.04081764095462859
block_hard_refit,majority9,0,5,5,0.05088220699690282,0.796875,0.6640625,9.119405746459961,114.09498596191406,,,,1.0,0,0.0505702830851078
block_hard_refit,majority9,0,6,6,0.06071016984060407,0.8046875,0.71875,6.167001724243164,104.74165344238281,,,,1.0,0,0.06039820006117225
block_hard_refit,majority9,0,7,7,0.07056894991546869,0.828125,0.6953125,4.410911560058594,93.82039642333984,,,,1.0,0,0.070257080020383
block_hard_refit,majority9,0,8,8,0.08054744987748563,0.859375,0.71875,3.3110454082489014,91.44956970214844,,,,1.0,0,0.0802356731146574
block_hard_refit,majority9,0,9,9,0.09049155097454786,0.8828125,0.7109375,2.7865848541259766,82.85581970214844,,,,1.0,0,0.09017963707447052
block_hard_refit,majority9,0,10,10,0.10097288899123669,0.8828125,0.703125,2.4349427223205566,72.69956970214844,,,,1.0,0,0.10066092107445002
block_hard_refit,majority9,0,11,11,0.11130519188009202,0.8828125,0.734375,1.9600468873977661,63.33540344238281,,,,1.0,0,0.1109933010302484
block_hard_refit,majority9,0,12,12,0.12509615602903068,0.90625,0.75,1.299888253211975,68.78791046142578,,,,1.0,0,0.12478452106006444
block_hard_refit,majority9,0,13,13,0.13512510992586613,0.9296875,0.7890625,0.8685574531555176,46.120826721191406,,,,1.0,0,0.13481315900571644
block_hard_refit,majority9,0,14,14,0.14531738101504743,0.9453125,0.7890625,0.5368090271949768,46.120826721191406,,,,1.0,0,0.14500537095591426
block_hard_refit,majority9,0,15,15,0.15547262504696846,0.953125,0.7890625,0.37822797894477844,46.120826721191406,,,,1.0,0,0.15516058402135968
block_hard_refit,majority9,0,16,16,0.16542877000756562,0.96875,0.8125,0.29452285170555115,36.75123977661133,,,,1.0,0,0.16511675296351314
block_hard_refit,majority9,0,17,17,0.17516093305312097,0.96875,0.8125,0.2313726842403412,36.75123977661133,,,,1.0,0,0.1748489709571004
block_hard_refit,majority9,0,18,18,0.18515291693620384,0.96875,0.8125,0.18220537900924683,36.75123977661133,,,,1.0,0,0.18484092596918344
block_hard_refit,majority9,0,19,19,0.19519265601411462,0.96875,0.78125,0.14161309599876404,32.882896423339844,,,,1.0,0,0.19488069810904562
block_hard_refit,majority9,0,20,20,0.2051378849428147,0.9765625,0.828125,0.11509495973587036,29.736236572265625,,,,1.0,0,0.20482590305618942
block_hard_refit,majority9,0,21,21,0.2150485129095614,0.984375,0.828125,0.09852535277605057,29.736236572265625,,,,1.0,0,0.21473653498105705
block_hard_refit,majority9,0,22,22,0.2253800940234214,0.984375,0.828125,0.08862030506134033,29.736236572265625,,,,1.0,0,0.22506842808797956
block_hard_refit,majority9,0,23,23,0.23530343384481966,0.9921875,0.828125,0.0836026594042778,29.736236572265625,,,,1.0,0,0.23499158304184675
block_hard_refit,majority9,0,24,24,0.24528887402266264,0.9921875,0.828125,0.08153275400400162,29.736236572265625,,,,1.0,0,0.24497703812085092
block_hard_refit,majority9,0,25,25,0.2550856729503721,0.9921875,0.828125,0.08078287541866302,29.736236572265625,,,,1.0,0,0.2547737320419401
block_hard_refit,majority9,0,26,26,0.26504197786562145,0.9921875,0.828125,0.0805295780301094,29.736236572265625,,,,1.0,0,0.2647300169337541
block_hard_refit,majority9,0,27,27,0.2749042280483991,0.9921875,0.828125,0.08045974373817444,29.736236572265625,,,,1.0,0,0.27459228108637035
block_hard_refit,majority9,0,28,28,0.2848027730360627,0.9921875,0.828125,0.08043155074119568,29.736236572265625,,,,1.0,0,0.2844909350387752
block_hard_refit,majority9,0,29,29,0.2945638238452375,0.9921875,0.828125,0.08040408790111542,29.736236572265625,,,,1.0,0,0.2942518850322813
block_hard_refit,majority9,0,30,30,0.30432951590046287,0.9921875,0.828125,0.0803755670785904,29.736236572265625,,,,1.0,0,0.3040175091009587
block_hard_refit,majority9,0,1,31,0.33821615506894886,0.546875,0.515625,30.749372482299805,187.58123779296875,,,,1.0,1,0.010484881000593305
block_hard_refit,majority9,0,2,32,0.34834123495966196,0.625,0.578125,22.34238624572754,146.91831970214844,,,,1.0,1,0.020609959959983826
block_hard_refit,majority9,0,3,33,0.35818158206529915,0.71875,0.6171875,14.723503112792969,132.0908203125,,,,1.0,1,0.030450307996943593
block_hard_refit,majority9,0,4,34,0.36820401600562036,0.75,0.5859375,10.31138801574707,121.9074935913086,,,,1.0,1,0.0404727510176599
block_hard_refit,majority9,0,5,35,0.3781593630556017,0.796875,0.609375,7.692678451538086,110.19956970214844,,,,1.0,1,0.0504280598834157
block_hard_refit,majority9,0,6,36,0.3880152879282832,0.859375,0.6484375,6.115715026855469,95.3883056640625,,,,1.0,1,0.06028401805087924
block_hard_refit,majority9,0,7,37,0.3979085839819163,0.8671875,0.671875,5.21198844909668,82.87748718261719,,,,1.0,1,0.07017726986669004
block_hard_refit,majority9,0,8,38,0.4078010849189013,0.875,0.640625,4.31542444229126,85.23207092285156,,,,1.0,1,0.0800697710365057
block_hard_refit,majority9,0,9,39,0.418172013014555,0.875,0.6484375,3.8116912841796875,81.32582092285156,,,,1.0,1,0.09044073685072362
block_hard_refit,majority9,0,10,40,0.42815421405248344,0.875,0.6875,3.334747076034546,84.42916107177734,,,,1.0,1,0.10042323102243245
block_hard_refit,majority9,0,11,41,0.4384598189499229,0.8984375,0.6875,2.9118263721466064,84.42916107177734,,,,1.0,1,0.11072849505580962
block_hard_refit,majority9,0,12,42,0.4483071400318295,0.8984375,0.6640625,2.576413869857788,86.75666809082031,,,,1.0,1,0.1205758498981595
block_hard_refit,majority9,0,13,43,0.45851148292422295,0.8984375,0.65625,2.236833095550537,87.54332733154297,,,,1.0,1,0.13078022003173828
block_hard_refit,majority9,0,14,44,0.46833702689036727,0.90625,0.65625,1.9252828359603882,86.7783203125,,,,1.0,1,0.14060588693246245
block_hard_refit,majority9,0,15,45,0.4784342588391155,0.8984375,0.671875,1.7512258291244507,79.75247955322266,,,,1.0,1,0.15070298104546964
block_hard_refit,majority9,0,16,46,0.48848387505859137,0.9140625,0.6953125,1.6142174005508423,75.84623718261719,,,,1.0,1,0.16075255488976836
block_hard_refit,majority9,0,17,47,0.49838935607112944,0.90625,0.6953125,1.5361913442611694,75.84623718261719,,,,1.0,1,0.17065810086205602
block_hard_refit,majority9,0,18,48,0.5083223648834974,0.9140625,0.7265625,1.5018500089645386,71.93998718261719,,,,1.0,1,0.18059098301455379
block_hard_refit,majority9,0,19,49,0.5180881889536977,0.9140625,0.7265625,1.5123908519744873,71.93998718261719,,,,1.0,1,0.19035689998418093
block_hard_refit,majority9,0,20,50,0.5281156890559942,0.9296875,0.7265625,1.5084590911865234,71.93998718261719,,,,1.0,1,0.200384350027889
block_hard_refit,majority9,0,21,51,0.5379279979970306,0.9296875,0.7265625,1.4959790706634521,71.93998718261719,,,,1.0,1,0.2101967460475862
block_hard_refit,majority9,0,22,52,0.5479374560527503,0.9296875,0.7265625,1.4536477327346802,71.93998718261719,,,,1.0,1,0.22020615893416107
block_hard_refit,majority9,0,23,53,0.5580302879679948,0.9296875,0.7265625,1.420333981513977,71.93998718261719,,,,1.0,1,0.23029915895313025
block_hard_refit,majority9,0,24,54,0.5684311389923096,0.9296875,0.7265625,1.391235589981079,71.93998718261719,,,,1.0,1,0.24069997598417103
block_hard_refit,majority9,0,25,55,0.578552742023021,0.9296875,0.7265625,1.3700026273727417,71.93998718261719,,,,1.0,1,0.2508214469999075
block_hard_refit,majority9,0,26,56,0.588581251911819,0.9296875,0.7265625,1.3568288087844849,71.93998718261719,,,,1.0,1,0.26085006003268063
block_hard_refit,majority9,0,27,57,0.5984798930585384,0.9375,0.7265625,1.3491322994232178,71.93998718261719,,,,1.0,1,0.27074862900190055
block_hard_refit,majority9,0,28,58,0.6087547629140317,0.9375,0.7265625,1.3438763618469238,71.93998718261719,,,,1.0,1,0.2810234730131924
block_hard_refit,majority9,0,29,59,0.618809618987143,0.9375,0.7265625,1.339638590812683,71.93998718261719,,,,1.0,1,0.29107826901599765
block_hard_refit,majority9,0,30,60,0.6289162370376289,0.9375,0.7265625,1.3353891372680664,71.93998718261719,,,,1.0,1,0.30118501698598266
block_hard_refit,majority9,0,1,61,0.6626117329578847,0.5234375,0.5390625,31.38983726501465,371.8858337402344,,,,1.0,2,0.010583067080006003
block_hard_refit,majority9,0,2,62,0.6757284179329872,0.5703125,0.546875,31.841115951538086,362.5162353515625,,,,1.0,2,0.02369981096126139
block_hard_refit,majority9,0,3,63,0.689375096000731,0.609375,0.5625,20.981430053710938,325.7974853515625,,,,1.0,2,0.03734668903052807
block_hard_refit,majority9,0,4,64,0.6994560780003667,0.6328125,0.5390625,17.590044021606445,311.745849609375,,,,1.0,2,0.04742737906053662
block_hard_refit,majority9,0,5,65,0.7093053779099137,0.6796875,0.546875,16.35988426208496,292.19293212890625,,,,1.0,2,0.057276682928204536
block_hard_refit,majority9,0,6,66,0.7192257288843393,0.7265625,0.546875,11.833488464355469,280.4849853515625,,,,1.0,2,0.06719692796468735
block_hard_refit,majority9,0,7,67,0.7291406448930502,0.7578125,0.5625,8.827790260314941,260.9483337402344,,,,1.0,2,0.07711189310066402
block_hard_refit,majority9,0,8,68,0.7388998188544065,0.78125,0.5546875,7.39177942276001,264.8545837402344,,,,1.0,2,0.08687104005366564
block_hard_refit,majority9,0,9,69,0.7487154840491712,0.7734375,0.5625,6.225971698760986,243.76083374023438,,,,1.0,2,0.09668672597035766
block_hard_refit,majority9,0,10,70,0.7586235699709505,0.765625,0.578125,6.140347480773926,214.07875061035156,,,,1.0,2,0.10659495112486184
block_hard_refit,majority9,0,11,71,0.7686869669705629,0.78125,0.609375,6.280095100402832,162.53250122070312,,,,1.0,2,0.11665819003246725
block_hard_refit,majority9,0,12,72,0.7787086318712682,0.8046875,0.609375,5.161540985107422,162.53250122070312,,,,1.0,2,0.12667994596995413
block_hard_refit,majority9,0,13,73,0.7888191558886319,0.8359375,0.59375,3.6982762813568115,144.57456970214844,,,,1.0,2,0.1367904229555279
block_hard_refit,majority9,0,14,74,0.7987681869417429,0.8203125,0.6328125,2.769383668899536,147.67250061035156,,,,1.0,2,0.14673938299529254
block_hard_refit,majority9,0,15,75,0.8087240199092776,0.8671875,0.6328125,2.443596363067627,147.67250061035156,,,,1.0,2,0.1566953279543668
block_hard_refit,majority9,0,16,76,0.8187714628875256,0.8515625,0.6328125,2.475360870361328,147.67250061035156,,,,1.0,2,0.16674270806834102
block_hard_refit,majority9,0,17,77,0.8288876579608768,0.859375,0.6328125,2.5940358638763428,147.67250061035156,,,,1.0,2,0.17685892106965184
block_hard_refit,majority9,0,18,78,0.8387114638462663,0.8828125,0.609375,2.225186347961426,146.90208435058594,,,,1.0,2,0.18668267806060612
block_hard_refit,majority9,0,19,79,0.8485748108942062,0.8828125,0.6328125,1.7438817024230957,121.13707733154297,,,,1.0,2,0.1965460400097072
block_hard_refit,majority9,0,20,80,0.8584135640412569,0.875,0.6328125,1.5049413442611694,121.13707733154297,,,,1.0,2,0.20638481294736266
block_hard_refit,majority9,0,21,81,0.8685029579792172,0.8671875,0.6328125,1.4815884828567505,121.13707733154297,,,,1.0,2,0.21647417009808123
block_hard_refit,majority9,0,22,82,0.878517024917528,0.8984375,0.6328125,1.595384955406189,121.13707733154297,,,,1.0,2,0.22648828709498048
block_hard_refit,majority9,0,23,83,0.8885897879954427,0.8984375,0.640625,1.6006661653518677,113.32456970214844,,,,1.0,2,0.2365610459819436
block_hard_refit,majority9,0,24,84,0.8984678350389004,0.8828125,0.640625,1.5368319749832153,113.32456970214844,,,,1.0,2,0.24643902899697423
block_hard_refit,majority9,0,25,85,0.9083276940509677,0.875,0.640625,1.4713170528411865,113.32456970214844,,,,1.0,2,0.2562990190926939
block_hard_refit,majority9,0,26,86,0.9182325499132276,0.8671875,0.640625,1.4800816774368286,113.32456970214844,,,,1.0,2,0.26620375108905137
block_hard_refit,majority9,0,27,87,0.9280874249525368,0.890625,0.640625,1.5394963026046753,113.32456970214844,,,,1.0,2,0.27605857397429645
block_hard_refit,majority9,0,28,88,0.938009544974193,0.890625,0.6484375,1.5456202030181885,89.1220703125,,,,1.0,2,0.28598076314665377
block_hard_refit,majority9,0,29,89,0.9481597768608481,0.890625,0.6484375,1.4418545961380005,89.1220703125,,,,1.0,2,0.2961309510283172
block_hard_refit,majority9,0,30,90,0.9581335559487343,0.890625,0.6484375,1.3421038389205933,89.1220703125,,,,1.0,2,0.30610481509938836
block_hard_refit,majority9,0,1,91,0.9938531660009176,0.5859375,0.515625,27.439044952392578,108.68580627441406,,,,1.0,3,0.010734976967796683
block_hard_refit,majority9,0,2,92,1.0040219340007752,0.6171875,0.5859375,27.61922836303711,107.12330627441406,,,,1.0,3,0.020903904922306538
block_hard_refit,majority9,0,3,93,1.0139208170585334,0.65625,0.6015625,23.77822494506836,111.00248718261719,,,,1.0,3,0.03080277913250029
block_hard_refit,majority9,0,4,94,1.023907446069643,0.6875,0.625,19.154603958129883,101.65455627441406,,,,1.0,3,0.04078942094929516
block_hard_refit,majority9,0,5,95,1.0337091588880867,0.625,0.5703125,21.36431121826172,86.05121612548828,,,,1.0,3,0.05059115309268236
block_hard_refit,majority9,0,6,96,1.043747056974098,0.6328125,0.6171875,20.104257583618164,81.3582992553711,,,,1.0,3,0.06062891706824303
block_hard_refit,majority9,0,7,97,1.0535068279132247,0.6953125,0.6640625,14.705795288085938,89.13832092285156,,,,1.0,3,0.07038883795030415
block_hard_refit,majority9,0,8,98,1.0633575608953834,0.734375,0.6640625,12.87028694152832,89.13832092285156,,,,1.0,3,0.08023930713534355
block_hard_refit,majority9,0,9,99,1.073243404040113,0.75,0.6484375,12.029998779296875,89.94664001464844,,,,1.0,3,0.0901252031326294
block_hard_refit,majority9,0,10,100,1.08350664190948,0.75,0.609375,10.301629066467285,78.24954986572266,,,,1.0,3,0.10038867592811584
block_hard_refit,majority9,0,11,101,1.0933242558967322,0.765625,0.609375,9.615850448608398,78.24954986572266,,,,1.0,3,0.1102061269339174
block_hard_refit,majority9,0,12,102,1.1032869920600206,0.7578125,0.5546875,9.770679473876953,97.74290466308594,,,,1.0,3,0.12016874202527106
block_hard_refit,majority9,0,13,103,1.11337213893421,0.8046875,0.6015625,8.260945320129395,66.5091323852539,,,,1.0,3,0.13025394501164556
block_hard_refit,majority9,0,14,104,1.12328414991498,0.796875,0.65625,6.9133219718933105,62.597469329833984,,,,1.0,3,0.14016596996225417
block_hard_refit,majority9,0,15,105,1.1331598809920251,0.828125,0.6953125,6.135377407073975,62.597476959228516,,,,1.0,3,0.15004173503257334
block_hard_refit,majority9,0,16,106,1.1431466359645128,0.84375,0.6953125,5.67700719833374,62.597476959228516,,,,1.0,3,0.16002857103012502
block_hard_refit,majority9,0,17,107,1.152993228053674,0.8515625,0.671875,5.383016109466553,61.0403938293457,,,,1.0,3,0.16987504111602902
block_hard_refit,majority9,0,18,108,1.1629471669439226,0.84375,0.6875,5.128378391265869,64.19246673583984,,,,1.0,3,0.17982902796939015
block_hard_refit,majority9,0,19,109,1.1730384598486125,0.859375,0.640625,4.727688312530518,75.8408203125,,,,1.0,3,0.18992027710191905
block_hard_refit,majority9,0,20,110,1.1831421628594398,0.8671875,0.640625,4.231975555419922,74.28373718261719,,,,1.0,3,0.20002395007759333
block_hard_refit,majority9,0,21,111,1.1930134480353445,0.8671875,0.640625,3.930298328399658,74.28373718261719,,,,1.0,3,0.20989528205245733
block_hard_refit,majority9,0,22,112,1.2028509699739516,0.859375,0.640625,3.7404775619506836,74.28373718261719,,,,1.0,3,0.21973278606310487
block_hard_refit,majority9,0,23,113,1.2128200409933925,0.859375,0.65625,3.6032936573028564,86.78914642333984,,,,1.0,3,0.22970186499878764
block_hard_refit,majority9,0,24,114,1.2228820640593767,0.8671875,0.65625,3.3585519790649414,89.91414642333984,,,,1.0,3,0.23976384312845767
block_hard_refit,majority9,0,25,115,1.2328942299354821,0.8671875,0.6328125,3.1723861694335938,94.60706329345703,,,,1.0,3,0.24977605906315148
block_hard_refit,majority9,0,26,116,1.2430698990356177,0.875,0.6328125,3.109624147415161,93.82581329345703,,,,1.0,3,0.2599516329355538
block_hard_refit,majority9,0,27,117,1.2531916089355946,0.875,0.59375,3.021787643432617,103.17373657226562,,,,1.0,3,0.2700733430683613
block_hard_refit,majority9,0,28,118,1.2631336578633636,0.8828125,0.609375,2.9076168537139893,118.01748657226562,,,,1.0,3,0.2800154590513557
block_hard_refit,majority9,0,29,119,1.2729451400227845,0.8828125,0.609375,2.851548910140991,118.01748657226562,,,,1.0,3,0.28982695401646197
block_hard_refit,majority9,0,30,120,1.2828553458675742,0.8828125,0.609375,2.727283477783203,118.01748657226562,,,,1.0,3,0.2997371880337596
block_hard_task_refit,majority9,0,1,1,0.011565775843337178,0.484375,0.5,37.382957458496094,184.45082092285156,,,,1.0,0,0.011129055172204971
block_hard_task_refit,majority9,0,2,2,0.021461067954078317,0.59375,0.578125,25.866302490234375,160.2104034423828,,,,1.0,0,0.021024217130616307
block_hard_task_refit,majority9,0,3,3,0.03166621387936175,0.6875,0.59375,18.50507164001465,126.64373779296875,,,,1.0,0,0.03122938913293183
block_hard_task_refit,majority9,0,4,4,0.0415494570042938,0.765625,0.671875,13.315702438354492,109.43998718261719,,,,1.0,0,0.0411125379614532
block_hard_task_refit,majority9,0,5,5,0.051805922063067555,0.796875,0.6640625,9.119405746459961,114.09498596191406,,,,1.0,0,0.05136902118101716
block_hard_task_refit,majority9,0,6,6,0.061680916929617524,0.8046875,0.71875,6.167001724243164,104.74165344238281,,,,1.0,0,0.06124404398724437
block_hard_task_refit,majority9,0,7,7,0.0714923229534179,0.828125,0.6953125,4.410911560058594,93.82039642333984,,,,1.0,0,0.07105552102439106
block_hard_task_refit,majority9,0,8,8,0.08146084705367684,0.859375,0.71875,3.3110454082489014,91.44956970214844,,,,1.0,0,0.08102395897731185
block_hard_task_refit,majority9,0,9,9,0.09142900793813169,0.8828125,0.7109375,2.7865848541259766,82.85581970214844,,,,1.0,0,0.090992147102952
block_hard_task_refit,majority9,0,10,10,0.10287065687589347,0.8828125,0.703125,2.4349427223205566,72.69956970214844,,,,1.0,0,0.10243448708206415
block_hard_task_refit,majority9,0,11,11,0.11580034904181957,0.8828125,0.734375,1.9600468873977661,63.33540344238281,,,,1.0,0,0.11536348215304315
block_hard_task_refit,majority9,0,12,12,0.1256232368759811,0.90625,0.75,1.299888253211975,68.78791046142578,,,,1.0,0,0.12518641515634954
block_hard_task_refit,majority9,0,13,13,0.13551031006500125,0.9296875,0.7890625,0.8685574531555176,46.120826721191406,,,,1.0,0,0.1350734520237893
block_hard_task_refit,majority9,0,14,14,0.14540476188994944,0.9453125,0.7890625,0.5368090271949768,46.120826721191406,,,,1.0,0,0.14496788708493114
block_hard_task_refit,majority9,0,15,15,0.15556502691470087,0.953125,0.7890625,0.37822797894477844,46.120826721191406,,,,1.0,0,0.15512808202765882
block_hard_task_refit,majority9,0,16,16,0.1654067209456116,0.96875,0.8125,0.29452285170555115,36.75123977661133,,,,1.0,0,0.16496981517411768
block_hard_task_refit,majority9,0,17,17,0.17503817891702056,0.96875,0.8125,0.2313726842403412,36.75123977661133,,,,1.0,0,0.1746013241354376
block_hard_task_refit,majority9,0,18,18,0.18492673290893435,0.96875,0.8125,0.18220537900924683,36.75123977661133,,,,1.0,0,0.18448979104869068
block_hard_task_refit,majority9,0,19,19,0.19444351992569864,0.96875,0.78125,0.14161309599876404,32.882896423339844,,,,1.0,0,0.19400660297833383
block_hard_task_refit,majority9,0,20,20,0.20410564192570746,0.9765625,0.828125,0.11509495973587036,29.736236572265625,,,,1.0,0,0.2036687631625682
block_hard_task_refit,majority9,0,21,21,0.21402299404144287,0.984375,0.828125,0.09852535277605057,29.736236572265625,,,,1.0,0,0.21358622214756906
block_hard_task_refit,majority9,0,22,22,0.22393321595154703,0.984375,0.828125,0.08862030506134033,29.736236572265625,,,,1.0,0,0.22349633905105293
block_hard_task_refit,majority9,0,23,23,0.2336927899159491,0.9921875,0.828125,0.0836026594042778,29.736236572265625,,,,1.0,0,0.2332559630740434
block_hard_task_refit,majority9,0,24,24,0.2435464458540082,0.9921875,0.828125,0.08153275400400162,29.736236572265625,,,,1.0,0,0.24310954613611102
block_hard_task_refit,majority9,0,25,25,0.2532133408822119,0.9921875,0.828125,0.08078287541866302,29.736236572265625,,,,1.0,0,0.25277645397000015
block_hard_task_refit,majority9,0,26,26,0.2628826049622148,0.9921875,0.828125,0.0805295780301094,29.736236572265625,,,,1.0,0,0.2624457501806319
block_hard_task_refit,majority9,0,27,27,0.2725835300516337,0.9921875,0.828125,0.08045974373817444,29.736236572265625,,,,1.0,0,0.2721466280054301
block_hard_task_refit,majority9,0,28,28,0.28259590291418135,0.9921875,0.828125,0.08043155074119568,29.736236572265625,,,,1.0,0,0.2821590229868889
block_hard_task_refit,majority9,0,29,29,0.29215254192240536,0.9921875,0.828125,0.08040408790111542,29.736236572265625,,,,1.0,0,0.2917156401090324
block_hard_task_refit,majority9,0,30,30,0.30202537402510643,0.9921875,0.828125,0.0803755670785904,29.736236572265625,,,,1.0,0,0.30158850899897516
block_hard_task_refit,majority9,0,1,31,0.918889933032915,0.4296875,0.5390625,43.09331512451172,186.7675018310547,,,,1.0,1,0.010711642913520336
block_hard_task_refit,majority9,0,2,32,0.9287907748948783,0.5546875,0.578125,31.02459716796875,165.67916870117188,,,,1.0,1,0.020612381864339113
block_hard_task_refit,majority9,0,3,33,0.9385400370229036,0.625,0.6015625,22.094390869140625,172.6995849609375,,,,1.0,1,0.030361722921952605
block_hard_task_refit,majority9,0,4,34,0.9483971148729324,0.6875,0.578125,15.367620468139648,150.0595703125,,,,1.0,1,0.04021880682557821
block_hard_task_refit,majority9,0,5,35,0.958283380838111,0.765625,0.59375,10.8250150680542,147.70498657226562,,,,1.0,1,0.05010503879748285
block_hard_task_refit,majority9,0,6,36,0.9679416979197413,0.828125,0.546875,7.700156211853027,149.28372192382812,,,,1.0,1,0.05976350582204759
block_hard_task_refit,majority9,0,7,37,0.9776457569096237,0.8515625,0.5546875,5.885711193084717,138.34083557128906,,,,1.0,1,0.0694674497935921
block_hard_task_refit,majority9,0,8,38,0.9872814069967717,0.8671875,0.5546875,4.834545612335205,138.34083557128906,,,,1.0,1,0.0791031289845705
block_hard_task_refit,majority9,0,9,39,0.9969918970018625,0.8671875,0.5703125,4.009494781494141,143.79873657226562,,,,1.0,1,0.08881359081715345
block_hard_task_refit,majority9,0,10,40,1.0066073269117624,0.8828125,0.625,3.4022836685180664,103.97664642333984,,,,1.0,1,0.09842905891127884
block_hard_task_refit,majority9,0,11,41,1.0162145460490137,0.890625,0.625,2.9699621200561523,103.97664642333984,,,,1.0,1,0.10803622496314347
block_hard_task_refit,majority9,0,12,42,1.0260762348771095,0.890625,0.6484375,2.467881202697754,88.35164642333984,,,,1.0,1,0.11789792287163436
block_hard_task_refit,majority9,0,13,43,1.0358025829773396,0.9296875,0.640625,2.2131075859069824,119.5637435913086,,,,1.0,1,0.12762433080933988
block_hard_task_refit,majority9,0,14,44,1.045859517995268,0.9296875,0.640625,2.1117403507232666,119.5637435913086,,,,1.0,1,0.13768118782900274
block_hard_task_refit,majority9,0,15,45,1.0555383008904755,0.9453125,0.640625,2.0742571353912354,119.5637435913086,,,,1.0,1,0.14736002800054848
block_hard_task_refit,majority9,0,16,46,1.0652316499035805,0.9375,0.640625,1.9928661584854126,119.5637435913086,,,,1.0,1,0.15705333184450865
block_hard_task_refit,majority9,0,17,47,1.0751979439519346,0.9375,0.640625,1.9140737056732178,119.5637435913086,,,,1.0,1,0.16701966477558017
block_hard_task_refit,majority9,0,18,48,1.084956303006038,0.9453125,0.640625,1.8448673486709595,119.5637435913086,,,,1.0,1,0.17677801195532084
block_hard_task_refit,majority9,0,19,49,1.0948716448619962,0.9453125,0.6328125,1.796931505203247,127.37083435058594,,,,1.0,1,0.18669330491684377
block_hard_task_refit,majority9,0,20,50,1.1046258879359812,0.953125,0.6328125,1.6479737758636475,127.37083435058594,,,,1.0,1,0.19644772890023887
block_hard_task_refit,majority9,0,21,51,1.1144351840484887,0.9453125,0.6328125,1.5068354606628418,127.37083435058594,,,,1.0,1,0.20625683292746544
block_hard_task_refit,majority9,0,22,52,1.124366109026596,0.953125,0.6328125,1.4882005453109741,127.37083435058594,,,,1.0,1,0.21618773182854056
block_hard_task_refit,majority9,0,23,53,1.1340408700052649,0.9453125,0.6328125,1.5084493160247803,127.37083435058594,,,,1.0,1,0.22586255497299135
block_hard_task_refit,majority9,0,24,54,1.143801406957209,0.953125,0.6328125,1.4361917972564697,127.37083435058594,,,,1.0,1,0.2356230898294598
block_hard_task_refit,majority9,0,25,55,1.1534594718832523,0.953125,0.6328125,1.360190510749817,127.37083435058594,,,,1.0,1,0.2452810718677938
block_hard_task_refit,majority9,0,26,56,1.1631396589800715,0.9453125,0.6328125,1.3910295963287354,127.37083435058594,,,,1.0,1,0.25496129086241126
block_hard_task_refit,majority9,0,27,57,1.1728652380406857,0.9453125,0.625,1.39761483669281,108.65873718261719,,,,1.0,1,0.26468692999333143
block_hard_task_refit,majority9,0,28,58,1.1826167169492692,0.9453125,0.625,1.3834723234176636,108.65873718261719,,,,1.0,1,0.2744383839890361
block_hard_task_refit,majority9,0,29,59,1.192690301919356,0.953125,0.625,1.3180872201919556,108.65873718261719,,,,1.0,1,0.28451195382513106
block_hard_task_refit,majority9,0,30,60,1.202516296878457,0.953125,0.640625,1.2792689800262451,108.65873718261719,,,,1.0,1,0.29433806077577174
block_hard_task_refit,majority9,0,1,61,1.8126140569802374,0.5,0.546875,31.67197036743164,207.8720703125,,,,1.0,2,0.010861755814403296
block_hard_task_refit,majority9,0,2,62,1.822543886024505,0.5625,0.5625,24.271053314208984,213.32998657226562,,,,1.0,2,0.020791415823623538
block_hard_task_refit,majority9,0,3,63,1.832159143872559,0.59375,0.546875,16.701557159423828,171.1533203125,,,,1.0,2,0.03040666482411325
block_hard_task_refit,majority9,0,4,64,1.8418605539482087,0.6484375,0.578125,13.412391662597656,141.4658203125,,,,1.0,2,0.04010809794999659
block_hard_task_refit,majority9,0,5,65,1.8515746388584375,0.71875,0.59375,9.814552307128906,123.49165344238281,,,,1.0,2,0.049822174943983555
block_hard_task_refit,majority9,0,6,66,1.8612052139360458,0.7734375,0.59375,7.814852714538574,123.49165344238281,,,,1.0,2,0.05945276981219649
block_hard_task_refit,majority9,0,7,67,1.8710904750041664,0.7734375,0.6015625,6.377044677734375,124.2783203125,,,,1.0,2,0.06933788699097931
block_hard_task_refit,majority9,0,8,68,1.8807559409178793,0.7890625,0.640625,6.0635085105896,108.6533203125,,,,1.0,2,0.07900338689796627
block_hard_task_refit,majority9,0,9,69,1.8903957919683307,0.8125,0.640625,5.645596027374268,117.23623657226562,,,,1.0,2,0.08864331082440913
block_hard_task_refit,majority9,0,10,70,1.9000730188563466,0.8359375,0.640625,4.748076915740967,117.23623657226562,,,,1.0,2,0.09832054586149752
block_hard_task_refit,majority9,0,11,71,1.9098303199280053,0.8515625,0.6484375,3.85351824760437,121.13706970214844,,,,1.0,2,0.10807785182259977
block_hard_task_refit,majority9,0,12,72,1.9194873089436442,0.8828125,0.6640625,3.599464178085327,106.28790283203125,,,,1.0,2,0.1177349928766489
block_hard_task_refit,majority9,0,13,73,1.9295058390125632,0.8984375,0.6640625,3.396437883377075,106.28790283203125,,,,1.0,2,0.12775347381830215
block_hard_task_refit,majority9,0,14,74,1.9394281930290163,0.8984375,0.6796875,3.080338954925537,107.85041046142578,,,,1.0,2,0.13767566881142557
block_hard_task_refit,majority9,0,15,75,1.9491747650317848,0.90625,0.640625,2.943942070007324,96.9074935913086,,,,1.0,2,0.14742230880074203
block_hard_task_refit,majority9,0,16,76,1.9589062228333205,0.8984375,0.640625,2.694223165512085,96.9074935913086,,,,1.0,2,0.15715376986190677
block_hard_task_refit,majority9,0,17,77,1.96858329186216,0.8984375,0.6953125,2.529670476913452,84.4345703125,,,,1.0,2,0.16683078184723854
block_hard_task_refit,majority9,0,18,78,1.9783679489046335,0.8984375,0.6953125,2.403245449066162,85.9970703125,,,,1.0,2,0.17661548894830048
block_hard_task_refit,majority9,0,19,79,1.9880058779381216,0.8984375,0.6953125,2.4060750007629395,92.25248718261719,,,,1.0,2,0.18625347595661879
block_hard_task_refit,majority9,0,20,80,1.9976706239394844,0.8984375,0.6953125,2.243730068206787,92.25248718261719,,,,1.0,2,0.19591813790611923
block_hard_task_refit,majority9,0,21,81,2.007568073924631,0.9140625,0.6953125,1.873443841934204,92.25248718261719,,,,1.0,2,0.20581554900854826
block_hard_task_refit,majority9,0,22,82,2.0173025438562036,0.9140625,0.734375,1.7372277975082397,89.90331268310547,,,,1.0,2,0.21555000287480652
block_hard_task_refit,majority9,0,23,83,2.0271386730019003,0.9140625,0.734375,1.6416716575622559,89.90331268310547,,,,1.0,2,0.22538619278930128
block_hard_task_refit,majority9,0,24,84,2.0370912989601493,0.921875,0.6953125,1.5338879823684692,103.96040344238281,,,,1.0,2,0.23533895798027515
block_hard_task_refit,majority9,0,25,85,2.0469705499708652,0.9375,0.6796875,1.3082691431045532,111.77290344238281,,,,1.0,2,0.24521803483366966
block_hard_task_refit,majority9,0,26,86,2.056650198996067,0.9375,0.6796875,1.246306300163269,111.77290344238281,,,,1.0,2,0.2548979308921844
block_hard_task_refit,majority9,0,27,87,2.0666017329785973,0.9296875,0.6796875,1.2530968189239502,111.77290344238281,,,,1.0,2,0.26484923297539353
block_hard_task_refit,majority9,0,28,88,2.0762694608420134,0.953125,0.6796875,1.1949211359024048,111.77290344238281,,,,1.0,2,0.27451695781201124
block_hard_task_refit,majority9,0,29,89,2.086023391922936,0.953125,0.65625,1.1696746349334717,125.02166748046875,,,,1.0,2,0.28427097387611866
block_hard_task_refit,majority9,0,30,90,2.0959557578898966,0.953125,0.6796875,1.166351318359375,108.63166046142578,,,,1.0,2,0.2942032909486443
block_hard_task_refit,majority9,0,1,91,2.704779249848798,0.6328125,0.6484375,21.043601989746094,85.22123718261719,,,,1.0,3,0.010912696830928326
block_hard_task_refit,majority9,0,2,92,2.714904093882069,0.5703125,0.6640625,33.23112487792969,78.21705627441406,,,,1.0,3,0.02103742491453886
block_hard_task_refit,majority9,0,3,93,2.724618033040315,0.5859375,0.65625,33.98757553100586,86.78373718261719,,,,1.0,3,0.030751371989026666
block_hard_task_refit,majority9,0,4,94,2.7344972589053214,0.6640625,0.671875,20.71390151977539,70.38289642333984,,,,1.0,3,0.040630455827340484
block_hard_task_refit,majority9,0,5,95,2.7440873419400305,0.7109375,0.671875,13.048144340515137,70.38289642333984,,,,1.0,3,0.05022051278501749
block_hard_task_refit,majority9,0,6,96,2.7538337679579854,0.7265625,0.671875,11.887612342834473,70.38289642333984,,,,1.0,3,0.05996700096875429
block_hard_task_refit,majority9,0,7,97,2.7635147380642593,0.7421875,0.671875,10.835794448852539,70.38289642333984,,,,1.0,3,0.0696478458121419
block_hard_task_refit,majority9,0,8,98,2.7732016230002046,0.7265625,0.7109375,12.224162101745605,70.3720703125,,,,1.0,3,0.07933477684855461
block_hard_task_refit,majority9,0,9,99,2.7828105268999934,0.7265625,0.7109375,12.867027282714844,70.3720703125,,,,1.0,3,0.08894371776841581
block_hard_task_refit,majority9,0,10,100,2.792479885974899,0.734375,0.703125,11.280672073364258,66.47664642333984,,,,1.0,3,0.09861318184994161
block_hard_task_refit,majority9,0,11,101,2.802269160049036,0.7578125,0.703125,9.046087265014648,66.47664642333984,,,,1.0,3,0.10840237280353904
block_hard_task_refit,majority9,0,12,102,2.8123499208595604,0.8125,0.703125,8.162956237792969,66.47664642333984,,,,1.0,3,0.11848305189050734
block_hard_task_refit,majority9,0,13,103,2.8221599759999663,0.8203125,0.703125,7.80366849899292,66.47664642333984,,,,1.0,3,0.1282931959722191
block_hard_task_refit,majority9,0,14,104,2.8320692849811167,0.8125,0.703125,7.509415626525879,66.47664642333984,,,,1.0,3,0.13820258690975606
block_hard_task_refit,majority9,0,15,105,2.8418623509351164,0.8046875,0.6796875,7.657078742980957,60.99165344238281,,,,1.0,3,0.14799555880017579
block_hard_task_refit,majority9,0,16,106,2.8516144149471074,0.796875,0.6796875,7.874502658843994,60.99165344238281,,,,1.0,3,0.15774757997132838
block_hard_task_refit,majority9,0,17,107,2.8613219568505883,0.8125,0.75,7.390819549560547,57.11248016357422,,,,1.0,3,0.167455144925043
block_hard_task_refit,majority9,0,18,108,2.8710350189357996,0.8359375,0.75,6.784794807434082,57.11248016357422,,,,1.0,3,0.17716824589297175
block_hard_task_refit,majority9,0,19,109,2.880938309011981,0.8359375,0.75,6.422790050506592,57.11248016357422,,,,1.0,3,0.18707150779664516
block_hard_task_refit,majority9,0,20,110,2.8907597039360553,0.8359375,0.7265625,6.267764568328857,56.31498718261719,,,,1.0,3,0.19689295999705791
block_hard_task_refit,majority9,0,21,111,2.9007202540524304,0.8359375,0.7265625,6.071465492248535,56.31498718261719,,,,1.0,3,0.20685345586389303
block_hard_task_refit,majority9,0,22,112,2.9105709448922426,0.8359375,0.71875,5.783725261688232,58.64790344238281,,,,1.0,3,0.21670412179082632
block_hard_task_refit,majority9,0,23,113,2.920368602965027,0.84375,0.71875,5.346282005310059,58.64790344238281,,,,1.0,3,0.2265018247999251
block_hard_task_refit,majority9,0,24,114,2.93021389702335,0.8515625,0.71875,5.0787553787231445,58.64790344238281,,,,1.0,3,0.23634709999896586
block_hard_task_refit,majority9,0,25,115,2.939862909959629,0.8515625,0.71875,4.962819576263428,58.64790344238281,,,,1.0,3,0.24599611177109182
block_hard_task_refit,majority9,0,26,116,2.9495448160450906,0.84375,0.71875,4.880617141723633,58.64790344238281,,,,1.0,3,0.255677955923602
block_hard_task_refit,majority9,0,27,117,2.9596252769697458,0.8515625,0.71875,4.702787399291992,58.64790344238281,,,,1.0,3,0.2657584729604423
block_hard_task_refit,majority9,0,28,118,2.969395156018436,0.859375,0.71875,4.488526344299316,58.64790344238281,,,,1.0,3,0.2755283529404551
block_hard_task_refit,majority9,0,29,119,2.979288076981902,0.8515625,0.7578125,4.362456321716309,63.373313903808594,,,,1.0,3,0.2854213279206306
block_hard_task_refit,majority9,0,30,120,2.9889700619969517,0.859375,0.7578125,4.2247090339660645,63.373313903808594,,,,1.0,3,0.2951032789424062
dlgn,random_sparse10,0,1,1,0.0840089418925345,0.515625,0.49609375,19.87015151977539,159.06288146972656,0.515625,19.87015151977539,0.2414688766002655,1.0,,
dlgn,random_sparse10,0,2,2,0.1662468109279871,0.484375,0.51171875,7.266088008880615,218.39187622070312,0.484375,7.266088008880615,0.2408209890127182,1.0,,
dlgn,random_sparse10,0,3,3,0.2485695770010352,0.515625,0.48828125,4.497716426849365,158.27081298828125,0.515625,4.497716426849365,0.2407313734292984,1.0,,
dlgn,random_sparse10,0,4,4,0.32919787196442485,0.515625,0.484375,1.9877276420593262,141.10226440429688,0.515625,1.9877276420593262,0.24075691401958466,1.0,,
dlgn,random_sparse10,0,5,5,0.41027509002014995,0.51953125,0.4921875,1.1378785371780396,156.29873657226562,0.51953125,1.1378785371780396,0.2409628927707672,1.0,,
dlgn,random_sparse10,0,6,6,0.4922780639026314,0.5234375,0.515625,1.028145670890808,160.5928955078125,0.5234375,1.028145670890808,0.2413126826286316,1.0,,
dlgn,random_sparse10,0,7,7,0.5748425768688321,0.515625,0.51953125,1.1594380140304565,145.77352905273438,0.515625,1.1594380140304565,0.2418079972267151,1.0,,
dlgn,random_sparse10,0,8,8,0.6571714279707521,0.5703125,0.515625,0.8092831969261169,147.33331298828125,0.5703125,0.8092831969261169,0.24235299229621887,1.0,,
dlgn,random_sparse10,0,9,9,0.7392958209384233,0.578125,0.49609375,0.7153298258781433,174.2945556640625,0.578125,0.7153298258781433,0.24286332726478577,1.0,,
dlgn,random_sparse10,0,10,10,0.8211345449090004,0.6328125,0.5,0.6644538640975952,175.4501953125,0.6328125,0.6644538640975952,0.24333497881889343,1.0,,
dlgn,random_sparse10,0,11,11,0.9035789929330349,0.63671875,0.53125,0.6230369210243225,137.96914672851562,0.63671875,0.6230369210243225,0.24371734261512756,1.0,,
dlgn,random_sparse10,0,12,12,0.9857286049518734,0.66015625,0.51171875,0.6147738099098206,153.59414672851562,0.66015625,0.6147738099098206,0.2440139502286911,1.0,,
dlgn,random_sparse10,0,13,13,1.067210845882073,0.609375,0.51171875,0.7914826273918152,154.37269592285156,0.609375,0.7914826273918152,0.24432651698589325,1.0,,
dlgn,random_sparse10,0,14,14,1.1494767919648439,0.66796875,0.53515625,0.5942338109016418,145.38560485839844,0.66796875,0.5942338109016418,0.24468974769115448,1.0,,
dlgn,random_sparse10,0,15,15,1.2313526859506965,0.703125,0.52734375,0.580608606338501,154.36184692382812,0.703125,0.580608606338501,0.24506348371505737,1.0,,
dlgn,random_sparse10,0,16,16,1.3129214870277792,0.703125,0.52734375,0.5889859199523926,153.5697784423828,0.703125,0.5889859199523926,0.245432510972023,1.0,,
dlgn,random_sparse10,0,17,17,1.395089264959097,0.7421875,0.4921875,0.5432971715927124,160.6118621826172,0.7421875,0.5432971715927124,0.24580398201942444,1.0,,
dlgn,random_sparse10,0,18,18,1.4771193659398705,0.75,0.4921875,0.5331539511680603,160.61997985839844,0.75,0.5331539511680603,0.2461952418088913,1.0,,
dlgn,random_sparse10,0,19,19,1.5666238779667765,0.75,0.49609375,0.5109683871269226,151.61123657226562,0.75,0.5109683871269226,0.24670790135860443,1.0,,
dlgn,random_sparse10,0,20,20,1.6495928459335119,0.7578125,0.484375,0.5160849094390869,156.70018005371094,0.7578125,0.5160849094390869,0.24733489751815796,1.0,,
dlgn,random_sparse10,0,21,21,1.7346161878667772,0.76953125,0.48828125,0.5209664702415466,144.98956298828125,0.76953125,0.5209664702415466,0.2480359822511673,1.0,,
dlgn,random_sparse10,0,22,22,1.8197377619799227,0.77734375,0.48046875,0.4618132710456848,128.98207092285156,0.77734375,0.4618132710456848,0.24881556630134583,1.0,,
dlgn,random_sparse10,0,23,23,1.9030072479508817,0.79296875,0.48046875,0.4668891727924347,128.98207092285156,0.79296875,0.4668891727924347,0.24964934587478638,1.0,,
dlgn,random_sparse10,0,24,24,1.9859143488574773,0.75,0.48046875,0.4755220413208008,128.98207092285156,0.75,0.4755220413208008,0.25052452087402344,1.0,,
dlgn,random_sparse10,0,25,25,2.0691783069632947,0.80859375,0.4765625,0.4420987069606781,126.24227142333984,0.80859375,0.4420987069606781,0.25145259499549866,1.0,,
dlgn,random_sparse10,0,26,26,2.1527276469860226,0.81640625,0.50390625,0.3896956443786621,133.6533203125,0.81640625,0.3896956443786621,0.25238969922065735,1.0,,
dlgn,random_sparse10,0,27,27,2.2363674419466406,0.76953125,0.5234375,0.43032634258270264,126.62749481201172,0.76953125,0.43032634258270264,0.253399133682251,1.0,,
dlgn,random_sparse10,0,28,28,2.3206149658653885,0.6640625,0.50390625,0.7063777446746826,113.76123809814453,0.6640625,0.7063777446746826,0.2544609308242798,1.0,,
dlgn,random_sparse10,0,29,29,2.4040882389526814,0.68359375,0.50390625,0.6883244514465332,113.76123809814453,0.68359375,0.6883244514465332,0.25557053089141846,1.0,,
dlgn,random_sparse10,0,30,30,2.4893560158088803,0.890625,0.50390625,0.3041703402996063,110.63894653320312,0.890625,0.3041703402996063,0.2566421329975128,1.0,,
dlgn,random_sparse10,0,31,31,2.5737617798149586,0.82421875,0.53515625,0.35676926374435425,116.49018859863281,0.82421875,0.35676926374435425,0.2576551139354706,1.0,,
dlgn,random_sparse10,0,32,32,2.656954055884853,0.83984375,0.5390625,0.32140421867370605,107.5085220336914,0.83984375,0.32140421867370605,0.2585966885089874,1.0,,
dlgn,random_sparse10,0,33,33,2.7416742919012904,0.91796875,0.5234375,0.2258918136358261,125.83541870117188,0.91796875,0.2258918136358261,0.2595303952693939,1.0,,
dlgn,random_sparse10,0,34,34,2.825200418010354,0.921875,0.515625,0.19527241587638855,135.99977111816406,0.921875,0.19527241587638855,0.26045334339141846,1.0,,
dlgn,random_sparse10,0,35,35,2.9106529948767275,0.91015625,0.51171875,0.2034386694431305,137.17434692382812,0.91015625,0.2034386694431305,0.2612474262714386,1.0,,
dlgn,random_sparse10,0,36,36,2.994754842016846,0.94921875,0.5,0.15695343911647797,141.4739532470703,0.94921875,0.15695343911647797,0.26207971572875977,1.0,,
dlgn,random_sparse10,0,37,37,3.078398388810456,0.9609375,0.5,0.1434677094221115,141.4739532470703,0.9609375,0.1434677094221115,0.26287540793418884,1.0,,
dlgn,random_sparse10,0,38,38,3.1620510709472,0.96875,0.515625,0.12329932302236557,120.7789535522461,0.96875,0.12329932302236557,0.26362431049346924,1.0,,
dlgn,random_sparse10,0,39,39,3.2454854818060994,0.9765625,0.515625,0.11235672235488892,120.7789535522461,0.9765625,0.11235672235488892,0.2644122838973999,1.0,,
dlgn,random_sparse10,0,40,40,3.3293136968277395,0.953125,0.51171875,0.13510024547576904,121.5547866821289,0.953125,0.13510024547576904,0.2652798891067505,1.0,,
dlgn,random_sparse10,0,41,41,3.4134472589939833,0.95703125,0.51171875,0.13206984102725983,121.5547866821289,0.95703125,0.13206984102725983,0.26617106795310974,1.0,,
dlgn,random_sparse10,0,42,42,3.4972694888710976,0.984375,0.51171875,0.09112199395895004,121.5547866821289,0.984375,0.09112199395895004,0.2670744061470032,1.0,,
dlgn,random_sparse10,0,43,43,3.5807562118861824,0.9921875,0.55078125,0.07842838019132614,114.92769622802734,0.9921875,0.07842838019132614,0.267992228269577,1.0,,
dlgn,random_sparse10,0,44,44,3.663627802859992,0.98828125,0.55078125,0.07985252141952515,114.92769622802734,0.98828125,0.07985252141952515,0.26884618401527405,1.0,,
dlgn,random_sparse10,0,45,45,3.747648859862238,0.99609375,0.5390625,0.06453865766525269,114.92498779296875,0.99609375,0.06453865766525269,0.26967909932136536,1.0,,
dlgn,random_sparse10,0,46,46,3.831814397824928,0.99609375,0.5703125,0.06126914173364639,100.0866470336914,0.99609375,0.06126914173364639,0.27051520347595215,1.0,,
dlgn,random_sparse10,0,47,47,3.916250641923398,1.0,0.59375,0.05106427147984505,105.90540313720703,1.0,0.05106427147984505,0.2713986933231354,1.0,,
dlgn,random_sparse10,0,48,48,4.000344418920577,1.0,0.59375,0.04602929577231407,105.90540313720703,1.0,0.04602929577231407,0.272306352853775,1.0,,
dlgn,random_sparse10,0,49,49,4.084330815821886,0.99609375,0.59375,0.05679679289460182,105.90540313720703,0.99609375,0.05679679289460182,0.2731817066669464,1.0,,
dlgn,random_sparse10,0,50,50,4.168210336007178,1.0,0.609375,0.04128342494368553,128.1629180908203,1.0,0.04128342494368553,0.2739945352077484,1.0,,
dlgn,random_sparse10,0,51,51,4.251834286842495,1.0,0.609375,0.038778502494096756,128.1629180908203,1.0,0.038778502494096756,0.27480053901672363,1.0,,
dlgn,random_sparse10,0,52,52,4.3358361108694226,1.0,0.609375,0.02953483723104,128.16021728515625,1.0,0.02953483723104,0.27557262778282166,1.0,,
dlgn,random_sparse10,0,53,53,4.4193598898127675,1.0,0.5625,0.02635268121957779,170.75997924804688,1.0,0.02635268121957779,0.27629655599594116,1.0,,
dlgn,random_sparse10,0,54,54,4.5019363588653505,1.0,0.5625,0.024797620251774788,176.6085205078125,1.0,0.024797620251774788,0.27696627378463745,1.0,,
dlgn,random_sparse10,0,55,55,4.582125111948699,1.0,0.55078125,0.02108379639685154,197.29269409179688,1.0,0.02108379639685154,0.2775839865207672,1.0,,
dlgn,random_sparse10,0,56,56,4.664147674804553,1.0,0.546875,0.0199449323117733,188.70436096191406,1.0,0.0199449323117733,0.2781636416912079,1.0,,
dlgn,random_sparse10,0,57,57,4.748655451927334,1.0,0.546875,0.01766679249703884,188.70436096191406,1.0,0.01766679249703884,0.27869725227355957,1.0,,
dlgn,random_sparse10,0,58,58,4.832700654864311,1.0,0.53515625,0.016085082665085793,211.35519409179688,1.0,0.016085082665085793,0.27919724583625793,1.0,,
dlgn,random_sparse10,0,59,59,4.916330762906,1.0,0.53515625,0.014614811167120934,211.35519409179688,1.0,0.014614811167120934,0.2796623706817627,1.0,,
dlgn,random_sparse10,0,60,60,5.000942557817325,1.0,0.53515625,0.013631496578454971,211.35519409179688,1.0,0.013631496578454971,0.280092716217041,1.0,,
dlgn,random_sparse10,0,61,61,5.086192057002336,1.0,0.53515625,0.01249624788761139,211.35519409179688,1.0,0.01249624788761139,0.2804989814758301,1.0,,
dlgn,random_sparse10,0,62,62,5.170034113805741,1.0,0.54296875,0.011615035124123096,205.891845703125,1.0,0.011615035124123096,0.2808837294578552,1.0,,
dlgn,random_sparse10,0,63,63,5.253290249966085,1.0,0.54296875,0.010655048303306103,205.891845703125,1.0,0.010655048303306103,0.2812563478946686,1.0,,
dlgn,random_sparse10,0,64,64,5.336950292810798,1.0,0.54296875,0.010211694985628128,205.891845703125,1.0,0.010211694985628128,0.2816053628921509,1.0,,
dlgn,random_sparse10,0,65,65,5.421282804803923,1.0,0.54296875,0.009258327074348927,205.891845703125,1.0,0.009258327074348927,0.28193336725234985,1.0,,
dlgn,random_sparse10,0,66,66,5.504978911951184,1.0,0.54296875,0.008788698352873325,201.2097625732422,1.0,0.008788698352873325,0.28224092721939087,1.0,,
dlgn,random_sparse10,0,67,67,5.588563089957461,1.0,0.54296875,0.008349629119038582,201.2097625732422,1.0,0.008349629119038582,0.28254133462905884,1.0,,
dlgn,random_sparse10,0,68,68,5.671332663856447,1.0,0.54296875,0.007654053159058094,201.2097625732422,1.0,0.007654053159058094,0.2828190326690674,1.0,,
dlgn,random_sparse10,0,69,69,5.755359477829188,1.0,0.54296875,0.007202738430351019,201.2097625732422,1.0,0.007202738430351019,0.28307652473449707,1.0,,
dlgn,random_sparse10,0,70,70,5.83804158703424,1.0,0.546875,0.007050307467579842,185.19683837890625,1.0,0.007050307467579842,0.28333011269569397,1.0,,
dlgn,random_sparse10,0,71,71,5.9220071758609265,1.0,0.5390625,0.0063813216984272,193.7906036376953,1.0,0.0063813216984272,0.2835739850997925,1.0,,
dlgn,random_sparse10,0,72,72,6.006276754895225,1.0,0.5390625,0.006119986996054649,193.7906036376953,1.0,0.006119986996054649,0.2838009297847748,1.0,,
dlgn,random_sparse10,0,73,73,6.089737928006798,1.0,0.5390625,0.006071959622204304,193.7906036376953,1.0,0.006071959622204304,0.28402823209762573,1.0,,
dlgn,random_sparse10,0,74,74,6.1731017348356545,1.0,0.52734375,0.005485556088387966,196.9264373779297,1.0,0.005485556088387966,0.2842649817466736,1.0,,
dlgn,random_sparse10,0,75,75,6.257155753904954,1.0,0.52734375,0.005202650558203459,196.9264373779297,1.0,0.005202650558203459,0.28451046347618103,1.0,,
dlgn,random_sparse10,0,76,76,6.3409667569212615,1.0,0.52734375,0.00506287906318903,196.9264373779297,1.0,0.00506287906318903,0.2847403585910797,1.0,,
dlgn,random_sparse10,0,77,77,6.4246451780200005,1.0,0.5390625,0.004968529567122459,193.0147705078125,1.0,0.004968529567122459,0.28496813774108887,1.0,,
dlgn,random_sparse10,0,78,78,6.509429623838514,1.0,0.52734375,0.004546905867755413,196.9264373779297,1.0,0.004546905867755413,0.2851804196834564,1.0,,
dlgn,random_sparse10,0,79,79,6.593710898887366,1.0,0.52734375,0.004350331146270037,196.9264373779297,1.0,0.004350331146270037,0.28539323806762695,1.0,,
dlgn,random_sparse10,0,80,80,6.677849835017696,1.0,0.52734375,0.004271498881280422,196.9264373779297,1.0,0.004271498881280422,0.2855975329875946,1.0,,
dlgn,random_sparse10,0,81,81,6.768488857895136,1.0,0.52734375,0.0040061636827886105,196.9264373779297,1.0,0.0040061636827886105,0.2857927083969116,1.0,,
dlgn,random_sparse10,0,82,82,6.851784593891352,1.0,0.52734375,0.003914693370461464,196.9264373779297,1.0,0.003914693370461464,0.2859785854816437,1.0,,
dlgn,random_sparse10,0,83,83,6.93575723702088,1.0,0.52734375,0.003711046651005745,196.9264373779297,1.0,0.003711046651005745,0.2861611545085907,1.0,,
dlgn,random_sparse10,0,84,84,7.019509454024956,1.0,0.52734375,0.003587178187444806,196.9264373779297,1.0,0.003587178187444806,0.2863363027572632,1.0,,
dlgn,random_sparse10,0,85,85,7.102417642949149,1.0,0.52734375,0.003473451593890786,196.9264373779297,1.0,0.003473451593890786,0.28650712966918945,1.0,,
dlgn,random_sparse10,0,86,86,7.187329159816727,1.0,0.5234375,0.003324038116261363,205.89456176757812,1.0,0.003324038116261363,0.28667205572128296,1.0,,
dlgn,random_sparse10,0,87,87,7.272247205954045,1.0,0.5234375,0.0032210657373070717,205.89456176757812,1.0,0.0032210657373070717,0.28682786226272583,1.0,,
dlgn,random_sparse10,0,88,88,7.356562322936952,1.0,0.5234375,0.003129580756649375,205.89456176757812,1.0,0.003129580756649375,0.28697720170021057,1.0,,
dlgn,random_sparse10,0,89,89,7.440838709939271,1.0,0.5234375,0.003032869193702936,205.89456176757812,1.0,0.003032869193702936,0.2871270179748535,1.0,,
dlgn,random_sparse10,0,90,90,7.5252787948120385,1.0,0.5234375,0.0028993780724704266,205.89456176757812,1.0,0.0028993780724704266,0.2872692346572876,1.0,,
dlgn,random_sparse10,0,91,91,7.60963667393662,1.0,0.5234375,0.0028183027170598507,205.89456176757812,1.0,0.0028183027170598507,0.28740912675857544,1.0,,
dlgn,random_sparse10,0,92,92,7.6939337470103055,1.0,0.5390625,0.0027619865722954273,173.88226318359375,1.0,0.0027619865722954273,0.2875484824180603,1.0,,
dlgn,random_sparse10,0,93,93,7.778440498979762,1.0,0.5390625,0.0026736489962786436,173.88226318359375,1.0,0.0026736489962786436,0.287678986787796,1.0,,
dlgn,random_sparse10,0,94,94,7.862702441867441,1.0,0.54296875,0.002594908932223916,173.8741455078125,1.0,0.002594908932223916,0.28780871629714966,1.0,,
dlgn,random_sparse10,0,95,95,7.946911824867129,1.0,0.51953125,0.002500014379620552,205.50936889648438,1.0,0.002500014379620552,0.2879350781440735,1.0,,
dlgn,random_sparse10,0,96,96,8.031229170970619,1.0,0.54296875,0.002438043709844351,173.8741455078125,1.0,0.002438043709844351,0.28805509209632874,1.0,,
dlgn,random_sparse10,0,97,97,8.116113235009834,1.0,0.54296875,0.0023836628533899784,173.8741455078125,1.0,0.0023836628533899784,0.2881743013858795,1.0,,
dlgn,random_sparse10,0,98,98,8.20066697197035,1.0,0.54296875,0.0023263876792043447,173.8741455078125,1.0,0.0023263876792043447,0.288288950920105,1.0,,
dlgn,random_sparse10,0,99,99,8.285307390848175,1.0,0.57421875,0.0022465959191322327,157.46519470214844,1.0,0.0022465959191322327,0.28840264678001404,1.0,,
dlgn,random_sparse10,0,100,100,8.369112612912431,1.0,0.57421875,0.0021795218344777822,157.46519470214844,1.0,0.0021795218344777822,0.28851833939552307,1.0,,
dlgn,random_sparse10,0,101,101,8.452789893839508,1.0,0.57421875,0.0021368837915360928,157.46519470214844,1.0,0.0021368837915360928,0.2886272966861725,1.0,,
dlgn,random_sparse10,0,102,102,8.536489290883765,1.0,0.57421875,0.0021013296209275723,157.46519470214844,1.0,0.0021013296209275723,0.2887330651283264,1.0,,
dlgn,random_sparse10,0,103,103,8.619889467023313,1.0,0.5859375,0.0020310666877776384,158.63165283203125,1.0,0.0020310666877776384,0.28883761167526245,1.0,,
dlgn,random_sparse10,0,104,104,8.703873201971874,1.0,0.57421875,0.0019786914344877005,150.8326873779297,1.0,0.0019786914344877005,0.28893792629241943,1.0,,
dlgn,random_sparse10,0,105,105,8.788022291846573,1.0,0.57421875,0.0019422991899773479,150.8326873779297,1.0,0.0019422991899773479,0.28903940320014954,1.0,,
dlgn,random_sparse10,0,106,106,8.87275767303072,1.0,0.57421875,0.0019004633650183678,150.8326873779297,1.0,0.0019004633650183678,0.2891375422477722,1.0,,
dlgn,random_sparse10,0,107,107,8.957448626868427,1.0,0.57421875,0.001859850948676467,150.8326873779297,1.0,0.001859850948676467,0.28923454880714417,1.0,,
dlgn,random_sparse10,0,108,108,9.053256820887327,1.0,0.57421875,0.0018118731677532196,150.8326873779297,1.0,0.0018118731677532196,0.28932636976242065,1.0,,
dlgn,random_sparse10,0,109,109,9.155478312866762,1.0,0.57421875,0.0017685693455860019,150.8326873779297,1.0,0.0017685693455860019,0.28941917419433594,1.0,,
dlgn,random_sparse10,0,110,110,9.253031472908333,1.0,0.57421875,0.0017360273050144315,150.8326873779297,1.0,0.0017360273050144315,0.28950515389442444,1.0,,
dlgn,random_sparse10,0,111,111,9.351163537008688,1.0,0.57421875,0.0016955516766756773,150.8326873779297,1.0,0.0016955516766756773,0.2895906865596771,1.0,,
dlgn,random_sparse10,0,112,112,9.457397826947272,1.0,0.57421875,0.001661918475292623,150.8326873779297,1.0,0.001661918475292623,0.28968366980552673,1.0,,
dlgn,random_sparse10,0,113,113,9.549464268842712,1.0,0.5859375,0.0016279079718515277,142.2416534423828,1.0,0.0016279079718515277,0.289767861366272,1.0,,
dlgn,random_sparse10,0,114,114,9.637397950980812,1.0,0.5859375,0.0015952156390994787,142.2416534423828,1.0,0.0015952156390994787,0.289850652217865,1.0,,
dlgn,random_sparse10,0,115,115,9.725221326807514,1.0,0.5859375,0.0015543513000011444,142.2416534423828,1.0,0.0015543513000011444,0.28993019461631775,1.0,,
dlgn,random_sparse10,0,116,116,9.818643957842141,1.0,0.5859375,0.0015262465458363295,142.2416534423828,1.0,0.0015262465458363295,0.29000985622406006,1.0,,
dlgn,random_sparse10,0,117,117,9.904450584901497,1.0,0.5859375,0.001495462958700955,132.47061157226562,1.0,0.001495462958700955,0.29009246826171875,1.0,,
dlgn,random_sparse10,0,118,118,9.992667496902868,1.0,0.5859375,0.0014656491111963987,132.47061157226562,1.0,0.0014656491111963987,0.29017114639282227,1.0,,
dlgn,random_sparse10,0,119,119,10.08994210488163,1.0,0.5859375,0.001443210756406188,132.47061157226562,1.0,0.001443210756406188,0.29024946689605713,1.0,,
dlgn,random_sparse10,0,120,120,10.18817049684003,1.0,0.5859375,0.0014111679047346115,132.47061157226562,1.0,0.0014111679047346115,0.2903243899345398,1.0,,
dlgn_anneal,random_sparse10,0,1,1,0.10400320193730295,0.484375,0.48046875,2.1600306034088135,246.89935302734375,0.484375,2.1600306034088135,0.24124979972839355,2.0,,
dlgn_anneal,random_sparse10,0,2,2,0.20521458704024553,0.484375,0.4765625,0.8331170082092285,261.74041748046875,0.484375,0.8331170082092285,0.24127916991710663,1.961673089081334,,
dlgn_anneal,random_sparse10,0,3,3,0.31127708102576435,0.515625,0.47265625,0.8338057398796082,227.3654022216797,0.515625,0.8338057398796082,0.24137988686561584,1.9240806542129518,,
dlgn_anneal,random_sparse10,0,4,4,0.41597705986350775,0.515625,0.484375,0.7634556293487549,213.69894409179688,0.515625,0.7634556293487549,0.24162420630455017,1.8872086202957776,,
dlgn_anneal,random_sparse10,0,5,5,0.5175618620123714,0.515625,0.46875,0.7018647789955139,223.85519409179688,0.515625,0.7018647789955139,0.2420419454574585,1.8510431819582702,,
dlgn_anneal,random_sparse10,0,6,6,0.6225960059091449,0.51953125,0.4765625,0.6881840825080872,221.92373657226562,0.51953125,0.6881840825080872,0.2425830364227295,1.815570798387511,,
dlgn_anneal,random_sparse10,0,7,7,0.7257616070564836,0.515625,0.48046875,0.6924777626991272,212.1553955078125,0.515625,0.6924777626991272,0.24328096210956573,1.7807781882593463,,
dlgn_anneal,random_sparse10,0,8,8,0.8270520728547126,0.515625,0.484375,0.8739099502563477,235.18331909179688,0.515625,0.8739099502563477,0.24421186745166779,1.7466523247656867,,
dlgn_anneal,random_sparse10,0,9,9,0.9372500469908118,0.52734375,0.4921875,0.6794944405555725,201.99644470214844,0.52734375,0.6794944405555725,0.24535760283470154,1.713180430737099,,
dlgn_anneal,random_sparse10,0,10,10,1.074908650945872,0.515625,0.4921875,0.7741810083389282,224.24853515625,0.515625,0.7741810083389282,0.24670206010341644,1.6803499738588679,,
dlgn_anneal,random_sparse10,0,11,11,1.1720442189835012,0.63671875,0.48828125,0.6484420895576477,230.11062622070312,0.63671875,0.6484420895576477,0.24817363917827606,1.648148661978732,,
dlgn_anneal,random_sparse10,0,12,12,1.273462604964152,0.515625,0.47265625,0.7571631073951721,238.32455444335938,0.515625,0.7571631073951721,0.24980294704437256,1.6165644385045432,,
dlgn_anneal,random_sparse10,0,13,13,1.364867732860148,0.65625,0.48046875,0.6324284076690674,248.0874786376953,0.65625,0.6324284076690674,0.2517087161540985,1.58558547789012,,
dlgn_anneal,random_sparse10,0,14,14,1.4503354059997946,0.54296875,0.4921875,0.7609176635742188,244.5989532470703,0.54296875,0.7609176635742188,0.2540014386177063,1.5552001812076075,,
dlgn_anneal,random_sparse10,0,15,15,1.5363707509823143,0.66015625,0.48828125,0.6189696192741394,271.5114440917969,0.66015625,0.6189696192741394,0.2562991976737976,1.5253971718046888,,
dlgn_anneal,random_sparse10,0,16,16,1.6219168109819293,0.67578125,0.49609375,0.6220037937164307,291.4278869628906,0.67578125,0.6220037937164307,0.25844430923461914,1.4961652910450172,,
dlgn_anneal,random_sparse10,0,17,17,1.7066680029965937,0.65234375,0.5,0.6629800796508789,284.7900085449219,0.65234375,0.6629800796508789,0.2601969540119171,1.467493594130276,,
dlgn_anneal,random_sparse10,0,18,18,1.7926838279236108,0.68359375,0.49609375,0.6103611588478088,310.9564514160156,0.68359375,0.6103611588478088,0.2614898681640625,1.439371346002304,,
dlgn_anneal,random_sparse10,0,19,19,1.8850881098769605,0.6796875,0.4921875,0.5809999704360962,334.77374267578125,0.6796875,0.5809999704360962,0.2624552845954895,1.4117880173237487,,
dlgn_anneal,random_sparse10,0,20,20,1.971366467885673,0.70703125,0.5078125,0.5540624856948853,303.9197998046875,0.70703125,0.5540624856948853,0.26317042112350464,1.384733280535745,,
dlgn_anneal,random_sparse10,0,21,21,2.0569650609977543,0.67578125,0.50390625,0.6901912689208984,283.22210693359375,0.67578125,0.6901912689208984,0.2638246417045593,1.3581970059911423,,
dlgn_anneal,random_sparse10,0,22,22,2.1422137098852545,0.75,0.49609375,0.5385299921035767,316.03729248046875,0.75,0.5385299921035767,0.26449692249298096,1.3321692581618316,,
dlgn_anneal,random_sparse10,0,23,23,2.2286408660002053,0.76953125,0.5,0.49184879660606384,324.6283264160156,0.76953125,0.49184879660606384,0.26533016562461853,1.3066402919187547,,
dlgn_anneal,random_sparse10,0,24,24,2.3155341220553964,0.765625,0.50390625,0.47515973448753357,328.9170837402344,0.765625,0.47515973448753357,0.26623275876045227,1.2816005488831999,,
dlgn_anneal,random_sparse10,0,25,25,2.402206155937165,0.70703125,0.50390625,0.625183641910553,294.5502014160156,0.70703125,0.625183641910553,0.2670319080352783,1.2570406538480199,,
dlgn_anneal,random_sparse10,0,26,26,2.4882415828760713,0.70703125,0.5,0.6098979711532593,306.6650085449219,0.70703125,0.6098979711532593,0.2680106461048126,1.2329514112674327,,
dlgn_anneal,random_sparse10,0,27,27,2.574352686991915,0.66015625,0.51953125,0.8107951283454895,253.53726196289062,0.66015625,0.8107951283454895,0.26925718784332275,1.2093238018140875,,
dlgn_anneal,random_sparse10,0,28,28,2.660491839982569,0.76953125,0.52734375,0.4831509292125702,205.51475524902344,0.76953125,0.4831509292125702,0.2704460322856903,1.186148979002112,,
dlgn_anneal,random_sparse10,0,29,29,2.746422305935994,0.83203125,0.58203125,0.3657558560371399,203.54537963867188,0.83203125,0.3657558560371399,0.2716618776321411,1.1634182658748717,,
dlgn_anneal,random_sparse10,0,30,30,2.8327601009514183,0.8984375,0.609375,0.26723000407218933,205.1051788330078,0.8984375,0.26723000407218933,0.27285492420196533,1.1411231517562042,,
dlgn_anneal,random_sparse10,0,31,31,2.9290716310497373,0.859375,0.6328125,0.30941513180732727,150.81103515625,0.859375,0.30941513180732727,0.274236798286438,1.1192552890639105,,
dlgn_anneal,random_sparse10,0,32,32,3.014308901038021,0.9140625,0.62109375,0.18852606415748596,144.1812286376953,0.9140625,0.18852606415748596,0.2757070064544678,1.0978064901843114,,
dlgn_anneal,random_sparse10,0,33,33,3.099908401025459,0.82421875,0.6171875,0.40767765045166016,144.1812286376953,0.82421875,0.40767765045166016,0.27739793062210083,1.0767687244066977,,
dlgn_anneal,random_sparse10,0,34,34,3.184854259947315,0.8984375,0.625,0.2023870348930359,135.98353576660156,0.8984375,0.2023870348930359,0.2791302800178528,1.056134114916527,,
dlgn_anneal,random_sparse10,0,35,35,3.270205297973007,0.8984375,0.62890625,0.19265860319137573,148.07937622070312,0.8984375,0.19265860319137573,0.28055769205093384,1.0358949358462424,,
dlgn_anneal,random_sparse10,0,36,36,3.3709336849860847,0.95703125,0.62890625,0.09250887483358383,133.6370849609375,0.95703125,0.09250887483358383,0.2817346453666687,1.0160436093826042,,
dlgn_anneal,random_sparse10,0,37,37,3.456367223057896,0.96875,0.63671875,0.07398480176925659,123.48895263671875,0.96875,0.07398480176925659,0.28276878595352173,0.9965727029294608,,
dlgn_anneal,random_sparse10,0,38,38,3.541380116948858,0.97265625,0.64453125,0.07034920156002045,115.29936218261719,0.97265625,0.07034920156002045,0.28366339206695557,0.977474926324885,,
dlgn_anneal,random_sparse10,0,39,39,3.6256354909855872,0.97265625,0.6640625,0.047930825501680374,98.8714599609375,0.97265625,0.047930825501680374,0.28460368514060974,0.9587431291116433,,
dlgn_anneal,random_sparse10,0,40,40,3.7099823439493775,0.9921875,0.671875,0.02644294872879982,94.97062683105469,0.9921875,0.02644294872879982,0.2853885889053345,0.9403702978599707,,
dlgn_anneal,random_sparse10,0,41,41,3.7944698869250715,0.9921875,0.67578125,0.019258547574281693,99.6500015258789,0.9921875,0.019258547574281693,0.2859598398208618,0.9223495535416515,,
dlgn_anneal,random_sparse10,0,42,42,3.880397656932473,0.9921875,0.67578125,0.012552978470921516,99.6500015258789,0.9921875,0.012552978470921516,0.2864174544811249,0.9046741489544204,,
dlgn_anneal,random_sparse10,0,43,43,3.964884476037696,1.0,0.69921875,0.011060809716582298,93.4027099609375,1.0,0.011060809716582298,0.28671881556510925,0.8873374661957224,,
dlgn_anneal,random_sparse10,0,44,44,4.0490564939100295,0.99609375,0.6953125,0.009256832301616669,93.39187622070312,0.99609375,0.009256832301616669,0.28693369030952454,0.8703330141848833,,
dlgn_anneal,random_sparse10,0,45,45,4.134187028976157,1.0,0.69140625,0.00626347353681922,93.78791809082031,1.0,0.00626347353681922,0.28709521889686584,0.8536544262327642,,
dlgn_anneal,random_sparse10,0,46,46,4.219146586954594,1.0,0.6953125,0.0030744452960789204,93.79875183105469,1.0,0.0030744452960789204,0.2872026264667511,0.8372954576579903,,
dlgn_anneal,random_sparse10,0,47,47,4.303461345843971,1.0,0.6953125,0.0026198767591267824,93.79875183105469,1.0,0.0026198767591267824,0.28727447986602783,0.8212499834488596,,
dlgn_anneal,random_sparse10,0,48,48,4.387246106984094,1.0,0.703125,0.0025810340885072947,77.7939453125,1.0,0.0025810340885072947,0.2873274087905884,0.8055119959700594,,
dlgn_anneal,random_sparse10,0,49,49,4.471607035957277,1.0,0.703125,0.0039693270809948444,77.7939453125,1.0,0.0039693270809948444,0.28736746311187744,0.7900756027133288,,
dlgn_anneal,random_sparse10,0,50,50,4.555700664874166,1.0,0.703125,0.004743761848658323,77.7939453125,1.0,0.004743761848658323,0.2873998284339905,0.7749350240912263,,
dlgn_anneal,random_sparse10,0,51,51,4.6404183600097895,1.0,0.703125,0.004600699059665203,77.7939453125,1.0,0.004600699059665203,0.2874290645122528,0.7600845912731768,,
dlgn_anneal,random_sparse10,0,52,52,4.724713533883914,1.0,0.703125,0.004050497896969318,77.7939453125,1.0,0.004050497896969318,0.28745365142822266,0.7455187440629881,,
dlgn_anneal,random_sparse10,0,53,53,4.808982504997402,1.0,0.703125,0.003874442307278514,74.28372955322266,1.0,0.003874442307278514,0.2874791920185089,0.7312320288170391,,
dlgn_anneal,random_sparse10,0,54,54,4.8938159418758005,1.0,0.703125,0.0032977391965687275,74.28372955322266,1.0,0.0032977391965687275,0.2875140905380249,0.717219096402366,,
dlgn_anneal,random_sparse10,0,55,55,4.979006503010169,1.0,0.703125,0.003281194716691971,74.28372955322266,1.0,0.003281194716691971,0.28755006194114685,0.7034747001938764,,
dlgn_anneal,random_sparse10,0,56,56,5.0637830009218305,1.0,0.70703125,0.0034843022003769875,74.26207733154297,1.0,0.0034843022003769875,0.2875842750072479,0.6899936941099433,,
dlgn_anneal,random_sparse10,0,57,57,5.147537628887221,1.0,0.70703125,0.0029124373104423285,74.26207733154297,1.0,0.0029124373104423285,0.28761690855026245,0.6767710306856468,,
dlgn_anneal,random_sparse10,0,58,58,5.232404401991516,1.0,0.70703125,0.0021134589333087206,74.26207733154297,1.0,0.0021134589333087206,0.28765735030174255,0.6638017591829355,,
dlgn_anneal,random_sparse10,0,59,59,5.31681019696407,1.0,0.703125,0.0021894064266234636,73.86874389648438,1.0,0.0021894064266234636,0.2876829206943512,0.6510810237370065,,
dlgn_anneal,random_sparse10,0,60,60,5.402151440037414,1.0,0.703125,0.002235109219327569,73.86874389648438,1.0,0.002235109219327569,0.2877090275287628,0.6386040615382055,,
dlgn_anneal,random_sparse10,0,61,61,5.487715642899275,1.0,0.6953125,0.0016933386214077473,73.87416076660156,1.0,0.0016933386214077473,0.28774911165237427,0.626366201048769,,
dlgn_anneal,random_sparse10,0,62,62,5.574175695888698,1.0,0.6953125,0.0015336390351876616,73.87416076660156,1.0,0.0015336390351876616,0.2877771854400635,0.6143628602537393,,
dlgn_anneal,random_sparse10,0,63,63,5.660297560039908,1.0,0.6953125,0.0016643564449623227,73.87416076660156,1.0,0.0016643564449623227,0.2878147065639496,0.6025895449453983,,
dlgn_anneal,random_sparse10,0,64,64,5.749476675875485,1.0,0.6796875,0.0014967871829867363,75.45832061767578,1.0,0.0014967871829867363,0.2878440320491791,0.5910418470405774,,
dlgn_anneal,random_sparse10,0,65,65,5.840086888987571,1.0,0.6796875,0.0016741059953346848,75.45832061767578,1.0,0.0016741059953346848,0.28788769245147705,0.5797154429302135,,
dlgn_anneal,random_sparse10,0,66,66,5.931073782034218,1.0,0.6796875,0.002399608725681901,75.45832061767578,1.0,0.002399608725681901,0.2879272997379303,0.5686060918605329,,
dlgn_anneal,random_sparse10,0,67,67,6.02408735291101,1.0,0.6796875,0.0013794261030852795,75.45832061767578,1.0,0.0013794261030852795,0.2879880666732788,0.5577096343452581,,
dlgn_anneal,random_sparse10,0,68,68,6.118119708029553,1.0,0.6796875,0.0015360524412244558,75.45832061767578,1.0,0.0015360524412244558,0.28801876306533813,0.5470219906082419,,
dlgn_anneal,random_sparse10,0,69,69,6.214232543949038,1.0,0.6796875,0.0023568239994347095,75.45832061767578,1.0,0.0023568239994347095,0.2880527377128601,0.5365391590559452,,
dlgn_anneal,random_sparse10,0,70,70,6.312678023939952,1.0,0.6796875,0.0012585445074364543,74.28644561767578,1.0,0.0012585445074364543,0.28810781240463257,0.5262572147791885,,
dlgn_anneal,random_sparse10,0,71,71,6.413971057860181,1.0,0.6796875,0.0015460929134860635,74.28644561767578,1.0,0.0015460929134860635,0.2881520390510559,0.5161723080836149,,
dlgn_anneal,random_sparse10,0,72,72,6.518713474972174,1.0,0.68359375,0.002528898185119033,75.45832061767578,1.0,0.002528898185119033,0.28820979595184326,0.5062806630483135,,
dlgn_anneal,random_sparse10,0,73,73,6.626777835888788,1.0,0.68359375,0.002727994229644537,75.45832061767578,1.0,0.002727994229644537,0.28827986121177673,0.49657857611206563,,
dlgn_anneal,random_sparse10,0,74,74,6.735797199886292,1.0,0.68359375,0.003206589724868536,75.45832061767578,1.0,0.003206589724868536,0.2883576452732086,0.487062414686683,,
dlgn_anneal,random_sparse10,0,75,75,6.847282108850777,1.0,0.69140625,0.004404970910400152,73.50248718261719,1.0,0.004404970910400152,0.28837308287620544,0.4777286157969196,,
dlgn_anneal,random_sparse10,0,76,76,6.958812122931704,0.99609375,0.7109375,0.005846745800226927,73.89311981201172,0.99609375,0.005846745800226927,0.2884187698364258,0.4685736847464466,,
dlgn_anneal,random_sparse10,0,77,77,7.068888403940946,0.99609375,0.7109375,0.006363394670188427,73.89311981201172,0.99609375,0.006363394670188427,0.2885013818740845,0.45959419380939254,,
dlgn_anneal,random_sparse10,0,78,78,7.179794671013951,0.99609375,0.671875,0.00639391178265214,89.11124420166016,0.99609375,0.00639391178265214,0.2885782718658447,0.4507867809469581,,
dlgn_anneal,random_sparse10,0,79,79,7.291838778881356,0.99609375,0.671875,0.00580944400280714,89.11124420166016,0.99609375,0.00580944400280714,0.2886650562286377,0.44214814854862505,,
dlgn_anneal,random_sparse10,0,80,80,7.404673469020054,0.99609375,0.671875,0.0056523485109210014,89.11124420166016,0.99609375,0.0056523485109210014,0.2887764871120453,0.43367506219748697,,
dlgn_anneal,random_sparse10,0,81,81,7.517181019997224,1.0,0.671875,0.003166853915899992,89.11124420166016,1.0,0.003166853915899992,0.2888623774051666,0.4253643494592419,,
dlgn_anneal,random_sparse10,0,82,82,7.630167353898287,1.0,0.671875,0.0018619049806147814,89.11124420166016,1.0,0.0018619049806147814,0.2889697253704071,0.4172128986943916,,
dlgn_anneal,random_sparse10,0,83,83,7.742046619998291,1.0,0.6875,0.0011574880918487906,77.41686248779297,1.0,0.0011574880918487906,0.28907284140586853,0.4092176578932024,,
dlgn_anneal,random_sparse10,0,84,84,7.855663805035874,1.0,0.6875,0.0015196941094473004,77.41686248779297,1.0,0.0015196941094473004,0.2891368269920349,0.40137563353299355,,
dlgn_anneal,random_sparse10,0,85,85,7.968459900934249,1.0,0.6875,0.0016788496868684888,76.63020324707031,1.0,0.0016788496868684888,0.2891884744167328,0.39368388945732236,,
dlgn_anneal,random_sparse10,0,86,86,8.081452867016196,1.0,0.68359375,0.0021626208908855915,80.13499450683594,1.0,0.0021626208908855915,0.28925567865371704,0.38613954577665005,,
dlgn_anneal,random_sparse10,0,87,87,8.1951988870278,1.0,0.68359375,0.0027157433796674013,80.13499450683594,1.0,0.0027157433796674013,0.28934335708618164,0.3787397777900722,,
dlgn_anneal,random_sparse10,0,88,88,8.308932831976563,1.0,0.68359375,0.002331117633730173,80.13499450683594,1.0,0.002331117633730173,0.2894115447998047,0.3714818149277145,,
dlgn_anneal,random_sparse10,0,89,89,8.423325747950003,1.0,0.69140625,0.002457060618326068,77.40872955322266,1.0,0.002457060618326068,0.2894793450832367,0.36436293971339495,,
dlgn_anneal,random_sparse10,0,90,90,8.537343333940953,0.99609375,0.6875,0.005736377090215683,78.9658203125,0.99609375,0.005736377090215683,0.2895609736442566,0.3573804867471657,,
dlgn_anneal,random_sparse10,0,91,91,8.650340324034914,0.9921875,0.69921875,0.01619495265185833,76.23143768310547,0.9921875,0.01619495265185833,0.2896595597267151,0.3505318417073517,,
dlgn_anneal,random_sparse10,0,92,92,8.762500888900831,0.99609375,0.68359375,0.007174545433372259,84.81707763671875,0.99609375,0.007174545433372259,0.28980061411857605,0.34381444037171494,,
dlgn_anneal,random_sparse10,0,93,93,8.874097866937518,0.9765625,0.6953125,0.15949948132038116,81.71102905273438,0.9765625,0.15949948132038116,0.2901877164840698,0.337225767657376,,
dlgn_anneal,random_sparse10,0,94,94,8.981830873060971,0.9921875,0.64453125,0.04781007021665573,120.75999450683594,0.9921875,0.04781007021665573,0.29079946875572205,0.33076335667913453,,
dlgn_anneal,random_sparse10,0,95,95,9.090121353976429,0.984375,0.69921875,0.08491276949644089,89.1220703125,0.984375,0.08491276949644089,0.2912948429584503,0.3244247878258345,,
dlgn_anneal,random_sparse10,0,96,96,9.197608101880178,0.9921875,0.69921875,0.014462755993008614,85.99707794189453,0.9921875,0.014462755993008614,0.29183292388916016,0.31820768785443054,,
dlgn_anneal,random_sparse10,0,97,97,9.297748208977282,0.9921875,0.73046875,0.07945095747709274,75.03791046142578,0.9921875,0.07945095747709274,0.29214465618133545,0.3121097290014148,,
dlgn_anneal,random_sparse10,0,98,98,9.399698321940377,0.99609375,0.7734375,0.051496513187885284,48.48352813720703,0.99609375,0.051496513187885284,0.2932860255241394,0.30612862811127173,,
dlgn_anneal,random_sparse10,0,99,99,9.496793432859704,0.99609375,0.7109375,0.042353641241788864,66.45498657226562,0.99609375,0.042353641241788864,0.29430943727493286,0.30026214578163474,,
dlgn_anneal,random_sparse10,0,100,100,9.594448182033375,1.0,0.77734375,4.6566125955216364e-10,50.8272819519043,1.0,4.6566125955216364e-10,0.2942667305469513,0.29450808552482455,,
dlgn_anneal,random_sparse10,0,101,101,9.690869020065293,1.0,0.75,7.729934736744326e-08,54.74436569213867,1.0,7.729934736744326e-08,0.29432690143585205,0.2888642929454562,,
dlgn_anneal,random_sparse10,0,102,102,9.784116685856134,0.99609375,0.796875,0.0650491714477539,43.39457702636719,0.99609375,0.0650491714477539,0.29423800110816956,0.2833286549338042,,
dlgn_anneal,random_sparse10,0,103,103,9.875150820007548,1.0,0.77734375,0.0,43.4026985168457,1.0,0.0,0.2941526770591736,0.27789909887462755,,
dlgn_anneal,random_sparse10,0,104,104,9.9661768109072,0.99609375,0.78125,0.0027378024533391,50.43124771118164,0.99609375,0.0027378024533391,0.29414811730384827,0.2725735918711548,,
dlgn_anneal,random_sparse10,0,105,105,10.058472426841035,1.0,0.7890625,1.0062541150546167e-05,37.942073822021484,1.0,1.0062541150546167e-05,0.29421761631965637,0.2673501399839416,,
dlgn_anneal,random_sparse10,0,106,106,10.15129898302257,1.0,0.81640625,0.0,32.46249008178711,1.0,0.0,0.2942948341369629,0.2622267874843129,,
dlgn_anneal,random_sparse10,0,107,107,10.24036113684997,1.0,0.8125,0.0,36.75666046142578,1.0,0.0,0.29435890913009644,0.25720161612211323,,
dlgn_anneal,random_sparse10,0,108,108,10.330117862904444,1.0,0.81640625,0.0,41.446868896484375,1.0,0.0,0.2944197356700897,0.25227274440748865,,
dlgn_anneal,random_sparse10,0,109,109,10.41913730185479,1.0,0.80078125,0.0,47.295413970947266,1.0,0.0,0.294462651014328,0.24743832690643208,,
dlgn_anneal,random_sparse10,0,110,110,10.507255478063598,1.0,0.80078125,0.0,47.295413970947266,1.0,0.0,0.29449278116226196,0.24269655354982883,,
dlgn_anneal,random_sparse10,0,111,111,10.59436365403235,1.0,0.80078125,0.0,47.295413970947266,1.0,0.0,0.29451459646224976,0.238045648955743,,
dlgn_anneal,random_sparse10,0,112,112,10.681546134874225,1.0,0.80078125,0.0,47.295413970947266,1.0,0.0,0.29452285170555115,0.23348387176469163,,
dlgn_anneal,random_sparse10,0,113,113,10.769792001927271,1.0,0.80078125,0.0,47.295413970947266,1.0,0.0,0.2945329248905182,0.22900951398765637,,
dlgn_anneal,random_sparse10,0,114,114,10.85861362889409,1.0,0.80078125,0.0,47.295413970947266,1.0,0.0,0.29454392194747925,0.22462090036659044,,
dlgn_anneal,random_sparse10,0,115,115,10.946958540938795,1.0,0.80078125,9.313224635931761e-10,47.295413970947266,1.0,9.313224635931761e-10,0.2945552468299866,0.22031638774718,,
dlgn_anneal,random_sparse10,0,116,116,11.035840908065438,1.0,0.80078125,4.6566125955216364e-10,47.295413970947266,1.0,4.6566125955216364e-10,0.2945568561553955,0.2160943644636258,,
dlgn_anneal,random_sparse10,0,117,117,11.124872497981414,1.0,0.80078125,4.6566125955216364e-10,47.295413970947266,1.0,4.6566125955216364e-10,0.2945595979690552,0.21195324973521423,,
dlgn_anneal,random_sparse10,0,118,118,11.213207088876516,1.0,0.80078125,9.313218640727428e-09,47.295413970947266,1.0,9.313218640727428e-09,0.2945663034915924,0.2078914930744526,,
dlgn_anneal,random_sparse10,0,119,119,11.301300154998899,1.0,0.80078125,2.5889949029078707e-07,47.295413970947266,1.0,2.5889949029078707e-07,0.2945719361305237,0.20390757370654605,,
dlgn_anneal,random_sparse10,0,120,120,11.390329229878262,1.0,0.80078125,9.831283023231663e-06,47.295413970947266,1.0,9.831283023231663e-06,0.2945784032344818,0.2,,
gumbel_st,random_sparse10,0,1,1,0.08555545099079609,0.484375,0.49609375,15.773720741271973,220.33685302734375,0.484375,15.773720741271973,0.24148163199424744,1.0,,
gumbel_st,random_sparse10,0,2,2,0.1701856879517436,0.484375,0.49609375,2.0201241970062256,215.2614288330078,0.484375,2.0201241970062256,0.24146150052547455,1.0,,
gumbel_st,random_sparse10,0,3,3,0.2543318779207766,0.515625,0.48046875,18.556049346923828,162.1635284423828,0.515625,18.556049346923828,0.2412254959344864,1.0,,
gumbel_st,random_sparse10,0,4,4,0.3393836198374629,0.515625,0.50390625,27.326637268066406,112.18248748779297,0.515625,27.326637268066406,0.2409253716468811,1.0,,
gumbel_st,random_sparse10,0,5,5,0.42485922086052597,0.515625,0.50390625,39.247894287109375,101.26664733886719,0.515625,39.247894287109375,0.24060845375061035,1.0,,
gumbel_st,random_sparse10,0,6,6,0.5095854320097715,0.515625,0.484375,45.34195327758789,120.01937103271484,0.515625,45.34195327758789,0.24027414619922638,1.0,,
gumbel_st,random_sparse10,0,7,7,0.5964163348544389,0.515625,0.55078125,54.486568450927734,89.55872344970703,0.515625,54.486568450927734,0.24007083475589752,1.0,,
gumbel_st,random_sparse10,0,8,8,0.6814218950457871,0.515625,0.5234375,55.38870620727539,112.5920639038086,0.515625,55.38870620727539,0.23993492126464844,1.0,,
gumbel_st,random_sparse10,0,9,9,0.7655723309144378,0.515625,0.515625,63.640830993652344,114.15185546875,0.515625,63.640830993652344,0.23971909284591675,1.0,,
gumbel_st,random_sparse10,0,10,10,0.8537391179706901,0.515625,0.51953125,67.64089965820312,155.1485137939453,0.515625,67.64089965820312,0.2395256906747818,1.0,,
gumbel_st,random_sparse10,0,11,11,0.9431831650435925,0.515625,0.52734375,66.54978942871094,260.56585693359375,0.515625,66.54978942871094,0.23932084441184998,1.0,,
gumbel_st,random_sparse10,0,12,12,1.0302631668746471,0.515625,0.52734375,62.620216369628906,205.50125122070312,0.515625,62.620216369628906,0.23906977474689484,1.0,,
gumbel_st,random_sparse10,0,13,13,1.1153362288605422,0.515625,0.51171875,55.11639404296875,164.52622985839844,0.515625,55.11639404296875,0.23874707520008087,1.0,,
gumbel_st,random_sparse10,0,14,14,1.200746671995148,0.515625,0.5,51.2102165222168,154.3754119873047,0.515625,51.2102165222168,0.23834925889968872,1.0,,
gumbel_st,random_sparse10,0,15,15,1.2856681479606777,0.515625,0.46484375,43.48757553100586,132.88560485839844,0.515625,43.48757553100586,0.23802973330020905,1.0,,
gumbel_st,random_sparse10,0,16,16,1.3706218970473856,0.515625,0.484375,36.95718765258789,157.1016387939453,0.515625,36.95718765258789,0.23784905672073364,1.0,,
gumbel_st,random_sparse10,0,17,17,1.455499836942181,0.515625,0.48828125,29.388813018798828,132.1287384033203,0.515625,29.388813018798828,0.23752202093601227,1.0,,
gumbel_st,random_sparse10,0,18,18,1.5397244540508837,0.515625,0.4375,27.734115600585938,155.94061279296875,0.515625,27.734115600585938,0.23718835413455963,1.0,,
gumbel_st,random_sparse10,0,19,19,1.624170335009694,0.515625,0.4375,29.65787696838379,194.98143005371094,0.515625,29.65787696838379,0.2369065284729004,1.0,,
gumbel_st,random_sparse10,0,20,20,1.70804255688563,0.515625,0.4765625,29.691829681396484,186.3822784423828,0.515625,29.691829681396484,0.23667435348033905,1.0,,
gumbel_st,random_sparse10,0,21,21,1.7930978839285672,0.515625,0.4609375,35.46802520751953,159.85496520996094,0.515625,35.46802520751953,0.23657700419425964,1.0,,
gumbel_st,random_sparse10,0,22,22,1.8774759690277278,0.515625,0.4609375,34.469322204589844,174.29185485839844,0.515625,34.469322204589844,0.23633037507534027,1.0,,
gumbel_st,random_sparse10,0,23,23,1.9626127609517425,0.515625,0.4921875,29.151708602905273,173.49977111816406,0.515625,29.151708602905273,0.2361009269952774,1.0,,
gumbel_st,random_sparse10,0,24,24,2.0460526519455016,0.515625,0.48046875,11.772899627685547,182.4760284423828,0.515625,11.772899627685547,0.23586443066596985,1.0,,
gumbel_st,random_sparse10,0,25,25,2.131062618922442,0.484375,0.46875,2.88059663772583,153.59414672851562,0.484375,2.88059663772583,0.2355869859457016,1.0,,
gumbel_st,random_sparse10,0,26,26,2.2161561648827046,0.484375,0.47265625,14.468262672424316,139.5262451171875,0.484375,14.468262672424316,0.23543627560138702,1.0,,
gumbel_st,random_sparse10,0,27,27,2.3004540149122477,0.484375,0.5234375,11.728582382202148,130.56082153320312,0.484375,11.728582382202148,0.23518729209899902,1.0,,
gumbel_st,random_sparse10,0,28,28,2.386015052907169,0.484375,0.4765625,14.678512573242188,143.0337371826172,0.484375,14.678512573242188,0.23485593497753143,1.0,,
gumbel_st,random_sparse10,0,29,29,2.471785777946934,0.484375,0.46875,20.489471435546875,158.66685485839844,0.484375,20.489471435546875,0.23458929359912872,1.0,,
gumbel_st,random_sparse10,0,30,30,2.5564063950441778,0.484375,0.4609375,22.824634552001953,173.11184692382812,0.484375,22.824634552001953,0.23433980345726013,1.0,,
gumbel_st,random_sparse10,0,31,31,2.6410680098924786,0.484375,0.453125,8.86780071258545,150.45289611816406,0.484375,8.86780071258545,0.23391729593276978,1.0,,
gumbel_st,random_sparse10,0,32,32,2.724535788875073,0.515625,0.52734375,7.208126068115234,138.3326873779297,0.515625,7.208126068115234,0.2334466576576233,1.0,,
gumbel_st,random_sparse10,0,33,33,2.8094918178394437,0.515625,0.5234375,22.70319938659668,159.80352783203125,0.515625,22.70319938659668,0.23315316438674927,1.0,,
gumbel_st,random_sparse10,0,34,34,2.8935844670049846,0.515625,0.52734375,27.716270446777344,209.41563415527344,0.515625,27.716270446777344,0.23274223506450653,1.0,,
gumbel_st,random_sparse10,0,35,35,2.9784955689683557,0.515625,0.50390625,27.703083038330078,154.35643005371094,0.515625,27.703083038330078,0.23233552277088165,1.0,,
gumbel_st,random_sparse10,0,36,36,3.0642577179241925,0.515625,0.5234375,40.61298370361328,128.19540405273438,0.515625,40.61298370361328,0.2318151742219925,1.0,,
gumbel_st,random_sparse10,0,37,37,3.1491802639793605,0.515625,0.484375,51.51304626464844,126.25581359863281,0.515625,51.51304626464844,0.23147082328796387,1.0,,
gumbel_st,random_sparse10,0,38,38,3.2341922358609736,0.515625,0.48828125,57.51457595825195,106.75435638427734,0.515625,57.51457595825195,0.2313043773174286,1.0,,
gumbel_st,random_sparse10,0,39,39,3.319359425920993,0.515625,0.49609375,58.432708740234375,137.58123779296875,0.515625,58.432708740234375,0.23126640915870667,1.0,,
gumbel_st,random_sparse10,0,40,40,3.4041240699589252,0.515625,0.49609375,52.40260696411133,173.4835205078125,0.515625,52.40260696411133,0.23130182921886444,1.0,,
gumbel_st,random_sparse10,0,41,41,3.489841586910188,0.515625,0.5234375,44.126407623291016,178.1764373779297,0.515625,44.126407623291016,0.23119673132896423,1.0,,
gumbel_st,random_sparse10,0,42,42,3.5747190460097045,0.515625,0.5078125,46.15278244018555,191.07789611816406,0.515625,46.15278244018555,0.23101142048835754,1.0,,
gumbel_st,random_sparse10,0,43,43,3.659018981968984,0.515625,0.52734375,57.20642852783203,111.80268859863281,0.515625,57.20642852783203,0.23065191507339478,1.0,,
gumbel_st,random_sparse10,0,44,44,3.7440501579549164,0.515625,0.55078125,58.06073760986328,77.88328552246094,0.515625,58.06073760986328,0.23022796213626862,1.0,,
gumbel_st,random_sparse10,0,45,45,3.8293058848939836,0.515625,0.5234375,51.28132247924805,128.1981201171875,0.515625,51.28132247924805,0.22990353405475616,1.0,,
gumbel_st,random_sparse10,0,46,46,3.9141893738415092,0.515625,0.515625,49.30610275268555,117.26873779296875,0.515625,49.30610275268555,0.22971944510936737,1.0,,
gumbel_st,random_sparse10,0,47,47,3.9976013640407473,0.515625,0.53515625,45.892520904541016,152.38165283203125,0.515625,45.892520904541016,0.22948262095451355,1.0,,
gumbel_st,random_sparse10,0,48,48,4.081507222028449,0.515625,0.5859375,37.06480026245117,134.8170623779297,0.515625,37.06480026245117,0.2292049527168274,1.0,,
gumbel_st,random_sparse10,0,49,49,4.164850166067481,0.515625,0.55078125,35.13998794555664,210.56040954589844,0.515625,35.13998794555664,0.22875678539276123,1.0,,
gumbel_st,random_sparse10,0,50,50,4.248969885054976,0.515625,0.546875,35.75705337524414,224.62831115722656,0.515625,35.75705337524414,0.22824418544769287,1.0,,
gumbel_st,random_sparse10,0,51,51,4.332811412867159,0.515625,0.55859375,29.14569854736328,200.8083038330078,0.515625,29.14569854736328,0.22779200971126556,1.0,,
gumbel_st,random_sparse10,0,52,52,4.417130962945521,0.515625,0.56640625,23.73349380493164,215.2614288330078,0.515625,23.73349380493164,0.22753088176250458,1.0,,
gumbel_st,random_sparse10,0,53,53,4.502728583058342,0.515625,0.55859375,22.78176498413086,216.81040954589844,0.515625,22.78176498413086,0.22725652158260345,1.0,,
gumbel_st,random_sparse10,0,54,54,4.586706469068304,0.515625,0.5234375,13.42445182800293,254.7037353515625,0.515625,13.42445182800293,0.2269321084022522,1.0,,
gumbel_st,random_sparse10,0,55,55,4.671714195981622,0.515625,0.5625,16.077728271484375,201.9937286376953,0.515625,16.077728271484375,0.22654810547828674,1.0,,
gumbel_st,random_sparse10,0,56,56,4.756265597883612,0.515625,0.515625,28.359996795654297,260.1670837402344,0.515625,28.359996795654297,0.22636088728904724,1.0,,
gumbel_st,random_sparse10,0,57,57,4.841328223934397,0.515625,0.53125,34.73145294189453,225.02435302734375,0.515625,34.73145294189453,0.22622869908809662,1.0,,
gumbel_st,random_sparse10,0,58,58,4.9261868628673255,0.515625,0.5546875,30.416648864746094,164.1139373779297,0.515625,30.416648864746094,0.22608588635921478,1.0,,
gumbel_st,random_sparse10,0,59,59,5.011686727870256,0.515625,0.51171875,26.726146697998047,189.4883270263672,0.515625,26.726146697998047,0.2258065789937973,1.0,,
gumbel_st,random_sparse10,0,60,60,5.09613679186441,0.515625,0.53515625,22.28227996826172,140.6899871826172,0.515625,22.28227996826172,0.22556060552597046,1.0,,
gumbel_st,random_sparse10,0,61,61,5.18068858794868,0.515625,0.52734375,16.02558135986328,241.41168212890625,0.515625,16.02558135986328,0.22536450624465942,1.0,,
gumbel_st,random_sparse10,0,62,62,5.264930947916582,0.515625,0.53515625,6.606159687042236,183.6451873779297,0.515625,6.606159687042236,0.2252959907054901,1.0,,
gumbel_st,random_sparse10,0,63,63,5.351123844040558,0.515625,0.58203125,9.794897079467773,103.60227966308594,0.515625,9.794897079467773,0.22517438232898712,1.0,,
gumbel_st,random_sparse10,0,64,64,5.43623005785048,0.515625,0.56640625,9.373659133911133,123.4997787475586,0.515625,9.373659133911133,0.22502268850803375,1.0,,
gumbel_st,random_sparse10,0,65,65,5.520574641879648,0.515625,0.546875,7.645489692687988,121.93186950683594,0.515625,7.645489692687988,0.22489185631275177,1.0,,
gumbel_st,random_sparse10,0,66,66,5.605080914916471,0.484375,0.5234375,3.1291022300720215,109.4508285522461,0.484375,3.1291022300720215,0.2249026894569397,1.0,,
gumbel_st,random_sparse10,0,67,67,5.689459807937965,0.484375,0.5625,13.082229614257812,95.81143951416016,0.484375,13.082229614257812,0.22485768795013428,1.0,,
gumbel_st,random_sparse10,0,68,68,5.773797490866855,0.484375,0.53125,13.588329315185547,89.54247283935547,0.484375,13.588329315185547,0.22478234767913818,1.0,,
gumbel_st,random_sparse10,0,69,69,5.85974857583642,0.484375,0.484375,7.576175689697266,104.3835220336914,0.484375,7.576175689697266,0.22471854090690613,1.0,,
gumbel_st,random_sparse10,0,70,70,5.944888937054202,0.484375,0.48828125,2.0296075344085693,181.67581176757812,0.484375,2.0296075344085693,0.2245776355266571,1.0,,
gumbel_st,random_sparse10,0,71,71,6.0305965398438275,0.484375,0.53515625,5.3021745681762695,165.26687622070312,0.484375,5.3021745681762695,0.2244921624660492,1.0,,
gumbel_st,random_sparse10,0,72,72,6.115084717981517,0.5078125,0.52734375,0.7900432348251343,109.47789764404297,0.5078125,0.7900432348251343,0.22432094812393188,1.0,,
gumbel_st,random_sparse10,0,73,73,6.198279401054606,0.515625,0.55078125,12.228050231933594,113.3408203125,0.515625,12.228050231933594,0.2241365611553192,1.0,,
gumbel_st,random_sparse10,0,74,74,6.283493082970381,0.515625,0.55078125,16.483394622802734,146.53041076660156,0.515625,16.483394622802734,0.22393567860126495,1.0,,
gumbel_st,random_sparse10,0,75,75,6.368025369010866,0.515625,0.5859375,7.912537574768066,135.60916137695312,0.515625,7.912537574768066,0.22369839251041412,1.0,,
gumbel_st,random_sparse10,0,76,76,6.4518486759625375,0.515625,0.5625,12.747384071350098,116.44416046142578,0.515625,12.747384071350098,0.22359944880008698,1.0,,
gumbel_st,random_sparse10,0,77,77,6.536570376018062,0.515625,0.53515625,17.517120361328125,141.85372924804688,0.515625,17.517120361328125,0.2234947383403778,1.0,,
gumbel_st,random_sparse10,0,78,78,6.620199719909579,0.515625,0.52734375,28.859228134155273,141.10227966308594,0.515625,28.859228134155273,0.22329235076904297,1.0,,
gumbel_st,random_sparse10,0,79,79,6.705798507900909,0.515625,0.578125,40.76077651977539,124.28915405273438,0.515625,40.76077651977539,0.2231253981590271,1.0,,
gumbel_st,random_sparse10,0,80,80,6.790347269969061,0.515625,0.578125,54.099220275878906,144.2001953125,0.515625,54.099220275878906,0.22296898066997528,1.0,,
gumbel_st,random_sparse10,0,81,81,6.8750389779452235,0.515625,0.578125,64.46011352539062,166.42518615722656,0.515625,64.46011352539062,0.22291991114616394,1.0,,
gumbel_st,random_sparse10,0,82,82,6.960779991000891,0.515625,0.55859375,59.012489318847656,150.45562744140625,0.515625,59.012489318847656,0.22291816771030426,1.0,,
gumbel_st,random_sparse10,0,83,83,7.046258843038231,0.515625,0.59765625,52.49878692626953,124.68790435791016,0.515625,52.49878692626953,0.2227584719657898,1.0,,
gumbel_st,random_sparse10,0,84,84,7.130263325059786,0.515625,0.55078125,43.73008728027344,134.83602905273438,0.515625,43.73008728027344,0.2225840985774994,1.0,,
gumbel_st,random_sparse10,0,85,85,7.2156310570426285,0.515625,0.55859375,37.37694549560547,143.79872131347656,0.515625,37.37694549560547,0.22243955731391907,1.0,,
gumbel_st,random_sparse10,0,86,86,7.3038150439970195,0.515625,0.58984375,34.30144500732422,132.50039672851562,0.515625,34.30144500732422,0.22228427231311798,1.0,,
gumbel_st,random_sparse10,0,87,87,7.388307844987139,0.515625,0.58203125,32.485694885253906,110.22665405273438,0.515625,32.485694885253906,0.22197416424751282,1.0,,
gumbel_st,random_sparse10,0,88,88,7.472989883041009,0.515625,0.55859375,24.70018768310547,123.89311981201172,0.515625,24.70018768310547,0.2216787338256836,1.0,,
gumbel_st,random_sparse10,0,89,89,7.559528234880418,0.515625,0.6015625,19.68889617919922,153.57518005371094,0.515625,19.68889617919922,0.2213822901248932,1.0,,
gumbel_st,random_sparse10,0,90,90,7.644785112934187,0.515625,0.546875,11.991402626037598,156.3041534423828,0.515625,11.991402626037598,0.22113411128520966,1.0,,
gumbel_st,random_sparse10,0,91,91,7.729459794005379,0.515625,0.5546875,9.714181900024414,143.42977905273438,0.515625,9.714181900024414,0.22098329663276672,1.0,,
gumbel_st,random_sparse10,0,92,92,7.813773527974263,0.515625,0.55859375,14.703348159790039,137.95291137695312,0.515625,14.703348159790039,0.22084921598434448,1.0,,
gumbel_st,random_sparse10,0,93,93,7.89886861294508,0.515625,0.57421875,11.93421745300293,147.3306121826172,0.515625,11.93421745300293,0.22067642211914062,1.0,,
gumbel_st,random_sparse10,0,94,94,7.984453561948612,0.515625,0.58984375,9.774121284484863,121.55477905273438,0.515625,9.774121284484863,0.22049762308597565,1.0,,
gumbel_st,random_sparse10,0,95,95,8.069012362044305,0.515625,0.61328125,1.6718963384628296,113.7287368774414,0.515625,1.6718963384628296,0.2204975187778473,1.0,,
gumbel_st,random_sparse10,0,96,96,8.153005653060973,0.484375,0.59765625,7.575159072875977,120.75186920166016,0.484375,7.575159072875977,0.2203356921672821,1.0,,
gumbel_st,random_sparse10,0,97,97,8.237158360891044,0.484375,0.57421875,7.078511714935303,114.90332794189453,0.484375,7.078511714935303,0.21996119618415833,1.0,,
gumbel_st,random_sparse10,0,98,98,8.320487482938915,0.515625,0.5390625,3.940816879272461,186.38226318359375,0.515625,3.940816879272461,0.21941787004470825,1.0,,
gumbel_st,random_sparse10,0,99,99,8.420241100015119,0.515625,0.51953125,13.940011978149414,184.8170623779297,0.515625,13.940011978149414,0.21882884204387665,1.0,,
gumbel_st,random_sparse10,0,100,100,8.50652728206478,0.515625,0.546875,19.404129028320312,176.62203979492188,0.515625,19.404129028320312,0.2183123528957367,1.0,,
gumbel_st,random_sparse10,0,101,101,8.592840313911438,0.515625,0.60546875,26.017044067382812,137.1689453125,0.515625,26.017044067382812,0.21784713864326477,1.0,,
gumbel_st,random_sparse10,0,102,102,8.678305161884055,0.515625,0.61328125,27.60417366027832,115.3102035522461,0.515625,27.60417366027832,0.21750229597091675,1.0,,
gumbel_st,random_sparse10,0,103,103,8.764574447879568,0.515625,0.63671875,30.387874603271484,98.10103607177734,0.515625,30.387874603271484,0.217071071267128,1.0,,
gumbel_st,random_sparse10,0,104,104,8.850017708027735,0.515625,0.6484375,26.899925231933594,110.2185287475586,0.515625,26.899925231933594,0.21673208475112915,1.0,,
gumbel_st,random_sparse10,0,105,105,8.936345122987404,0.515625,0.61328125,20.719467163085938,111.01602935791016,0.515625,20.719467163085938,0.21647891402244568,1.0,,
gumbel_st,random_sparse10,0,106,106,9.022488242946565,0.515625,0.63671875,13.811898231506348,82.11248016357422,0.515625,13.811898231506348,0.21638214588165283,1.0,,
gumbel_st,random_sparse10,0,107,107,9.108664290048182,0.515625,0.63671875,11.733869552612305,90.70894622802734,0.515625,11.733869552612305,0.2162960022687912,1.0,,
gumbel_st,random_sparse10,0,108,108,9.195341099984944,0.515625,0.62109375,11.947897911071777,88.35977935791016,0.515625,11.947897911071777,0.21623612940311432,1.0,,
gumbel_st,random_sparse10,0,109,109,9.281045675976202,0.515625,0.625,17.42657470703125,100.83811950683594,0.515625,17.42657470703125,0.21624073386192322,1.0,,
gumbel_st,random_sparse10,0,110,110,9.36612243601121,0.515625,0.609375,19.79831314086914,105.12416076660156,0.515625,19.79831314086914,0.2162827104330063,1.0,,
gumbel_st,random_sparse10,0,111,111,9.451957200886682,0.515625,0.57421875,22.124048233032227,112.1689453125,0.515625,22.124048233032227,0.21622569859027863,1.0,,
gumbel_st,random_sparse10,0,112,112,9.537841263925657,0.515625,0.578125,27.971750259399414,122.32791137695312,0.515625,27.971750259399414,0.21610680222511292,1.0,,
gumbel_st,random_sparse10,0,113,113,9.623829131945968,0.515625,0.6015625,36.028045654296875,82.11248016357422,0.515625,36.028045654296875,0.2161005735397339,1.0,,
gumbel_st,random_sparse10,0,114,114,9.709649049909785,0.515625,0.59765625,40.504215240478516,80.96768188476562,0.515625,40.504215240478516,0.21617579460144043,1.0,,
gumbel_st,random_sparse10,0,115,115,9.79494234896265,0.515625,0.5703125,39.13638687133789,100.46915435791016,0.515625,39.13638687133789,0.21618202328681946,1.0,,
gumbel_st,random_sparse10,0,116,116,9.882295009912923,0.515625,0.58984375,44.06089401245117,81.33123016357422,0.515625,44.06089401245117,0.21632514894008636,1.0,,
gumbel_st,random_sparse10,0,117,117,9.967240025056526,0.515625,0.59375,38.183631896972656,84.08185577392578,0.515625,38.183631896972656,0.21637357771396637,1.0,,
gumbel_st,random_sparse10,0,118,118,10.053582316963002,0.515625,0.6171875,38.20152282714844,87.57040405273438,0.515625,38.20152282714844,0.21621045470237732,1.0,,
gumbel_st,random_sparse10,0,119,119,10.140107082901523,0.515625,0.59375,40.119384765625,117.62686920166016,0.515625,40.119384765625,0.21603724360466003,1.0,,
gumbel_st,random_sparse10,0,120,120,10.226065926020965,0.515625,0.61328125,39.64324188232422,112.93936920166016,0.515625,39.64324188232422,0.2157413512468338,1.0,,
hard_st_cage,random_sparse10,0,1,1,0.08567860489711165,0.515625,0.54296875,14.475805282592773,159.42913818359375,0.54296875,159.42913818359375,0.24059535562992096,2.9721502185153934,,
hard_st_cage,random_sparse10,0,2,2,0.17048236285336316,0.515625,0.52734375,14.342422485351562,129.73623657226562,0.52734375,129.73623657226562,0.23892278969287872,2.946134831564929,,
hard_st_cage,random_sparse10,0,3,3,0.2570385120343417,0.515625,0.60546875,8.712093353271484,94.6178970336914,0.60546875,94.6178970336914,0.23725003004074097,2.921908975435841,,
hard_st_cage,random_sparse10,0,4,4,0.34260256006382406,0.515625,0.55859375,6.326318264007568,97.34956359863281,0.55859375,97.34956359863281,0.23557588458061218,2.8993618134138623,,
hard_st_cage,random_sparse10,0,5,5,0.42792894993908703,0.515625,0.59765625,6.427603244781494,103.59144592285156,0.59765625,103.59144592285156,0.23394107818603516,2.8783994185827413,,
hard_st_cage,random_sparse10,0,6,6,0.5152132648508996,0.515625,0.6171875,7.728812217712402,77.04789733886719,0.6171875,77.04789733886719,0.23253649473190308,2.858887985801475,,
hard_st_cage,random_sparse10,0,7,7,0.6006817049346864,0.515625,0.65234375,9.142579078674316,64.91686248779297,0.65234375,64.91686248779297,0.23113133013248444,2.8407447841655635,,
hard_st_cage,random_sparse10,0,8,8,0.6865348590072244,0.515625,0.64453125,9.909893989562988,73.5241470336914,0.64453125,73.5241470336914,0.22996485233306885,2.823858100686717,,
hard_st_cage,random_sparse10,0,9,9,0.7720065950416028,0.515625,0.640625,11.441816329956055,63.378726959228516,0.640625,63.378726959228516,0.22894388437271118,2.808127368658005,,
hard_st_cage,random_sparse10,0,10,10,0.8556960988789797,0.515625,0.609375,12.20030689239502,100.83269500732422,0.609375,100.83269500732422,0.2278834879398346,2.7934774628955017,,
hard_st_cage,random_sparse10,0,11,11,0.9369912268593907,0.515625,0.6796875,12.078947067260742,52.45205307006836,0.6796875,52.45205307006836,0.22681325674057007,2.779853214379153,,
hard_st_cage,random_sparse10,0,12,12,1.0185918579809368,0.515625,0.5859375,11.36518383026123,91.48477172851562,0.5859375,91.48477172851562,0.2257489562034607,2.767190694565269,,
hard_st_cage,random_sparse10,0,13,13,1.1025227368809283,0.515625,0.65625,11.691496849060059,74.31893157958984,0.65625,74.31893157958984,0.22455543279647827,2.7554446062416,,
hard_st_cage,random_sparse10,0,14,14,1.186260704882443,0.515625,0.62890625,11.704326629638672,61.04038619995117,0.62890625,61.04038619995117,0.22337724268436432,2.74458007190463,,
hard_st_cage,random_sparse10,0,15,15,1.2703173940535635,0.515625,0.5703125,12.84447956085205,88.37329864501953,0.5703125,88.37329864501953,0.22243061661720276,2.734509322232168,,
hard_st_cage,random_sparse10,0,16,16,1.3566958489827812,0.515625,0.58203125,12.979886054992676,85.22936248779297,0.58203125,85.22936248779297,0.22151418030261993,2.7251715189555887,,
hard_st_cage,random_sparse10,0,17,17,1.4426703609060496,0.515625,0.67578125,14.404508590698242,55.57434844970703,0.67578125,55.57434844970703,0.22062720358371735,2.7165208759225887,,
hard_st_cage,random_sparse10,0,18,18,1.5275550649967045,0.515625,0.72265625,15.0454683303833,55.9351921081543,0.72265625,55.9351921081543,0.21990418434143066,2.708503611924591,,
hard_st_cage,random_sparse10,0,19,19,1.6128582009114325,0.515625,0.7109375,15.62555980682373,44.6043586730957,0.7109375,44.6043586730957,0.21935054659843445,2.7010507774995425,,
hard_st_cage,random_sparse10,0,20,20,1.6983317120466381,0.515625,0.6875,18.01273536682129,69.60435485839844,0.6875,69.60435485839844,0.21884235739707947,2.694119827063122,,
hard_st_cage,random_sparse10,0,21,21,1.7850159748923033,0.515625,0.6328125,21.163475036621094,155.13499450683594,0.6328125,155.13499450683594,0.21854627132415771,2.687648141535582,,
hard_st_cage,random_sparse10,0,22,22,1.8700732218567282,0.515625,0.55078125,22.407081604003906,209.00062561035156,0.55078125,209.00062561035156,0.21820320188999176,2.6816101490852184,,
hard_st_cage,random_sparse10,0,23,23,1.9550908850505948,0.515625,0.671875,20.49068832397461,42.67831039428711,0.671875,42.67831039428711,0.2180033177137375,2.6759634062418867,,
hard_st_cage,random_sparse10,0,24,24,2.040403926046565,0.515625,0.6796875,19.922937393188477,44.63684844970703,0.6796875,44.63684844970703,0.21793848276138306,2.670663767434833,,
hard_st_cage,random_sparse10,0,25,25,2.1275758610572666,0.515625,0.69140625,17.97530746459961,56.72186279296875,0.69140625,56.72186279296875,0.2176036536693573,2.6657080195262983,,
hard_st_cage,random_sparse10,0,26,26,2.215595353860408,0.515625,0.72265625,18.86754608154297,46.96977233886719,0.72265625,46.96977233886719,0.21732334792613983,2.6610932323949847,,
hard_st_cage,random_sparse10,0,27,27,2.3015123470686376,0.515625,0.80078125,19.675106048583984,27.8399715423584,0.80078125,27.8399715423584,0.21694177389144897,2.6567997790589817,,
hard_st_cage,random_sparse10,0,28,28,2.3867560669314116,0.515625,0.69140625,19.956981658935547,60.64164352416992,0.69140625,60.64164352416992,0.21654178202152252,2.652820690665631,,
hard_st_cage,random_sparse10,0,29,29,2.4737154310569167,0.515625,0.7265625,20.83911895751953,37.20143127441406,0.7265625,37.20143127441406,0.21633267402648926,2.6491195874166253,,
hard_st_cage,random_sparse10,0,30,30,2.563499078853056,0.515625,0.8125,20.572654724121094,27.4195613861084,0.8125,27.4195613861084,0.21600642800331116,2.645675139408466,,
hard_st_cage,random_sparse10,0,31,31,2.6491788069251925,0.515625,0.6484375,19.539710998535156,57.50851821899414,0.6484375,57.50851821899414,0.21566221117973328,2.6424876275974896,,
hard_st_cage,random_sparse10,0,32,32,2.734751831041649,0.515625,0.62890625,20.429828643798828,71.54936218261719,0.62890625,71.54936218261719,0.2152944952249527,2.6395405922392916,,
hard_st_cage,random_sparse10,0,33,33,2.8212616690434515,0.515625,0.75390625,21.081825256347656,46.55207061767578,0.75390625,46.55207061767578,0.2150142788887024,2.636816629422588,,
hard_st_cage,random_sparse10,0,34,34,2.9074761159718037,0.515625,0.703125,20.31525230407715,59.423744201660156,0.703125,59.423744201660156,0.214546799659729,2.634308906943775,,
hard_st_cage,random_sparse10,0,35,35,2.9938816279172897,0.515625,0.6875,20.506383895874023,47.74560546875,0.6875,47.74560546875,0.2140967845916748,2.6320289887836523,,
hard_st_cage,random_sparse10,0,36,36,3.0798524930141866,0.515625,0.68359375,21.46984100341797,70.38832092285156,0.68359375,70.38832092285156,0.21364545822143555,2.629946668885429,,
hard_st_cage,random_sparse10,0,37,37,3.164980785921216,0.515625,0.77734375,21.587827682495117,35.636226654052734,0.77734375,35.636226654052734,0.21325242519378662,2.6280520819128466,,
hard_st_cage,random_sparse10,0,38,38,3.250287297880277,0.515625,0.71875,21.941951751708984,43.07163619995117,0.71875,43.07163619995117,0.21305662393569946,2.6263101226637535,,
hard_st_cage,random_sparse10,0,39,39,3.3360260820481926,0.515625,0.76171875,22.592449188232422,34.494136810302734,0.76171875,34.494136810302734,0.21282173693180084,2.624705830744712,,
hard_st_cage,random_sparse10,0,40,40,3.42107341485098,0.515625,0.67578125,22.04145050048828,66.47935485839844,0.67578125,66.47935485839844,0.2125309258699417,2.623235226730869,,
hard_st_cage,random_sparse10,0,41,41,3.506167643936351,0.515625,0.7578125,22.974647521972656,35.2158203125,0.7578125,35.2158203125,0.21235927939414978,2.621888461164104,,
hard_st_cage,random_sparse10,0,42,42,3.591648831963539,0.515625,0.76953125,22.726024627685547,54.75790023803711,0.76953125,54.75790023803711,0.21221470832824707,2.6206405108188013,,
hard_st_cage,random_sparse10,0,43,43,3.677915667882189,0.515625,0.765625,23.44390869140625,43.41082000732422,0.765625,43.41082000732422,0.21200887858867645,2.619496720032136,,
hard_st_cage,random_sparse10,0,44,44,3.762368608964607,0.515625,0.734375,23.084346771240234,52.02352523803711,0.734375,52.02352523803711,0.21177829802036285,2.618451594979115,,
hard_st_cage,random_sparse10,0,45,45,3.8481760979630053,0.515625,0.7421875,21.636884689331055,33.6695671081543,0.7421875,33.6695671081543,0.21151742339134216,2.6175072899787724,,
hard_st_cage,random_sparse10,0,46,46,3.933396383887157,0.515625,0.8203125,21.85621452331543,23.505189895629883,0.8203125,23.505189895629883,0.21127328276634216,2.616660255650411,,
hard_st_cage,random_sparse10,0,47,47,4.018612083978951,0.515625,0.79296875,21.954788208007812,31.33393669128418,0.79296875,31.33393669128418,0.2110835462808609,2.615895208771785,,
hard_st_cage,random_sparse10,0,48,48,4.103902881033719,0.515625,0.8203125,22.154870986938477,28.984769821166992,0.8203125,28.984769821166992,0.2109488546848297,2.61519690078597,,
hard_st_cage,random_sparse10,0,49,49,4.189159743022174,0.515625,0.76953125,22.93223762512207,57.882904052734375,0.76953125,57.882904052734375,0.2108324021100998,2.61456241072083,,
hard_st_cage,random_sparse10,0,50,50,4.275309688877314,0.515625,0.6015625,24.165817260742188,115.29395294189453,0.6015625,115.29395294189453,0.21091529726982117,2.6139660583382325,,
hard_st_cage,random_sparse10,0,51,51,4.3615573309361935,0.515625,0.78515625,26.50558853149414,43.790618896484375,0.78515625,43.790618896484375,0.21122117340564728,2.6133752115606304,,
hard_st_cage,random_sparse10,0,52,52,4.446449901908636,0.515625,0.8046875,27.637401580810547,34.423736572265625,0.8046875,34.423736572265625,0.21161288022994995,2.6127525787882773,,
hard_st_cage,random_sparse10,0,53,53,4.532617649063468,0.515625,0.84375,28.892610549926758,17.637693405151367,0.84375,17.637693405151367,0.21181786060333252,2.612121504383725,,
hard_st_cage,random_sparse10,0,54,54,4.616980973863974,0.515625,0.765625,29.156993865966797,53.165618896484375,0.765625,53.165618896484375,0.21196496486663818,2.611504887990003,,
hard_st_cage,random_sparse10,0,55,55,4.703014062950388,0.515625,0.80859375,29.930248260498047,28.982065200805664,0.80859375,28.982065200805664,0.21211646497249603,2.61090156692579,,
hard_st_cage,random_sparse10,0,56,56,4.788386422907934,0.515625,0.80859375,30.897533416748047,23.524141311645508,0.80859375,23.524141311645508,0.212222620844841,2.610315537412022,,
hard_st_cage,random_sparse10,0,57,57,4.874329007929191,0.515625,0.86328125,30.67192840576172,16.498308181762695,0.86328125,16.498308181762695,0.2125004678964615,2.6097277100762675,,
hard_st_cage,random_sparse10,0,58,58,4.960406126920134,0.515625,0.87109375,31.32611656188965,11.37144660949707,0.87109375,11.37144660949707,0.21269667148590088,2.6091397278353967,,
hard_st_cage,random_sparse10,0,59,59,5.046260240022093,0.515625,0.77734375,31.286466598510742,28.567068099975586,0.77734375,28.567068099975586,0.21279078722000122,2.6085648692551087,,
hard_st_cage,random_sparse10,0,60,60,5.131505629979074,0.515625,0.8828125,32.1888542175293,12.944775581359863,0.8828125,12.944775581359863,0.21289248764514923,2.608008397567455,,
hard_st_cage,random_sparse10,0,61,61,5.218484977027401,0.515625,0.87109375,32.59929656982422,28.18186378479004,0.87109375,28.18186378479004,0.21285571157932281,2.6074794761709126,,
hard_st_cage,random_sparse10,0,62,62,5.306271746987477,0.515625,0.78515625,32.5081672668457,41.4793586730957,0.78515625,41.4793586730957,0.21276354789733887,2.606994652121345,,
hard_st_cage,random_sparse10,0,63,63,5.391382502857596,0.515625,0.86328125,31.62850570678711,22.734771728515625,0.86328125,22.734771728515625,0.21285319328308105,2.6065379294361373,,
hard_st_cage,random_sparse10,0,64,64,5.476179085904732,0.515625,0.8515625,31.027381896972656,19.590818405151367,0.8515625,19.590818405151367,0.2131769359111786,2.606069162952966,,
hard_st_cage,random_sparse10,0,65,65,5.561432312009856,0.515625,0.8515625,30.575942993164062,14.113944053649902,0.8515625,14.113944053649902,0.213421031832695,2.605586765822084,,
hard_st_cage,random_sparse10,0,66,66,5.647233919939026,0.515625,0.88671875,30.06900405883789,17.643108367919922,0.88671875,17.643108367919922,0.21364903450012207,2.6050947934614395,,
hard_st_cage,random_sparse10,0,67,67,5.732804344035685,0.515625,0.88671875,31.130470275878906,14.108528137207031,0.88671875,14.108528137207031,0.21393811702728271,2.604589726064696,,
hard_st_cage,random_sparse10,0,68,68,5.818319228943437,0.515625,0.84765625,31.104263305664062,22.68603515625,0.84765625,22.68603515625,0.21435528993606567,2.6040600389603084,,
hard_st_cage,random_sparse10,0,69,69,5.90250455099158,0.515625,0.8203125,31.51297378540039,37.93395233154297,0.8203125,37.93395233154297,0.21460601687431335,2.603508651615956,,
hard_st_cage,random_sparse10,0,70,70,5.987386611057445,0.515625,0.85546875,31.57967758178711,10.999773979187012,0.85546875,10.999773979187012,0.21483130753040314,2.6029514915707184,,
hard_st_cage,random_sparse10,0,71,71,6.073507264954969,0.515625,0.8515625,32.123008728027344,18.812274932861328,0.8515625,18.812274932861328,0.21495118737220764,2.6024048270183813,,
hard_st_cage,random_sparse10,0,72,72,6.161144267069176,0.515625,0.85546875,33.0755615234375,28.564363479614258,0.85546875,28.564363479614258,0.2150273472070694,2.6018727257800887,,
hard_st_cage,random_sparse10,0,73,73,6.246978424955159,0.515625,0.90234375,33.347251892089844,10.1941556930542,0.90234375,10.1941556930542,0.215249165892601,2.6013483897901093,,
hard_st_cage,random_sparse10,0,74,74,6.331769278971478,0.515625,0.76171875,31.82478904724121,50.81916046142578,0.76171875,50.81916046142578,0.21536484360694885,2.6008335594036254,,
hard_st_cage,random_sparse10,0,75,75,6.417018712032586,0.515625,0.85546875,31.78180694580078,26.616655349731445,0.85546875,26.616655349731445,0.21555764973163605,2.600317784432013,,
hard_st_cage,random_sparse10,0,76,76,6.501817798940465,0.515625,0.8359375,31.47736930847168,11.789146423339844,0.8359375,11.789146423339844,0.21575379371643066,2.599806676770948,,
hard_st_cage,random_sparse10,0,77,77,6.588182182982564,0.515625,0.85546875,31.192752838134766,21.12353515625,0.85546875,21.12353515625,0.2159595489501953,2.5992906028256395,,
hard_st_cage,random_sparse10,0,78,78,6.6740356660448015,0.515625,0.91015625,31.46772575378418,8.639778137207031,0.91015625,8.639778137207031,0.21608921885490417,2.5987818904182736,,
hard_st_cage,random_sparse10,0,79,79,6.7583451920654625,0.515625,0.890625,30.86971664428711,9.410198211669922,0.890625,9.410198211669922,0.2161286324262619,2.598287117430528,,
hard_st_cage,random_sparse10,0,80,80,6.842390930978581,0.515625,0.87890625,31.758548736572266,14.8816556930542,0.87890625,14.8816556930542,0.2162204384803772,2.5978177731976357,,
hard_st_cage,random_sparse10,0,81,81,6.927048656856641,0.515625,0.8828125,31.89405059814453,10.983529090881348,0.8828125,10.983529090881348,0.21647995710372925,2.5973383953781592,,
hard_st_cage,random_sparse10,0,82,82,7.011930262902752,0.515625,0.88671875,32.263404846191406,14.523521423339844,0.88671875,14.523521423339844,0.2165650874376297,2.5968633077434564,,
hard_st_cage,random_sparse10,0,83,83,7.0991998699028045,0.515625,0.88671875,32.25580978393555,12.559566497802734,0.88671875,12.559566497802734,0.21662917733192444,2.5964096485083004,,
hard_st_cage,random_sparse10,0,84,84,7.185278929071501,0.515625,0.94921875,31.77063751220703,2.012692451477051,0.94921875,2.012692451477051,0.21676307916641235,2.5959614131202144,,
hard_st_cage,random_sparse10,0,85,85,7.271457268856466,0.515625,0.92578125,31.55177116394043,7.066448211669922,0.92578125,7.066448211669922,0.21687749028205872,2.5955224604275395,,
hard_st_cage,random_sparse10,0,86,86,7.357393425889313,0.515625,0.8203125,31.28470230102539,20.75457000732422,0.8203125,20.75457000732422,0.2169809341430664,2.595094318116894,,
hard_st_cage,random_sparse10,0,87,87,7.443488931050524,0.515625,0.7734375,32.7518310546875,49.65540313720703,0.7734375,49.65540313720703,0.2170206606388092,2.594677195492851,,
hard_st_cage,random_sparse10,0,88,88,7.529714409029111,0.515625,0.90625,33.820587158203125,17.228113174438477,0.90625,17.228113174438477,0.21729658544063568,2.594266097837182,,
hard_st_cage,random_sparse10,0,89,89,7.614803886972368,0.515625,0.86328125,34.25858688354492,10.999773979187012,0.86328125,10.999773979187012,0.21769343316555023,2.5938171630491698,,
hard_st_cage,random_sparse10,0,90,90,7.701425863895565,0.515625,0.87109375,33.48725128173828,9.817069053649902,0.87109375,9.817069053649902,0.2179424911737442,2.593344789090794,,
hard_st_cage,random_sparse10,0,91,91,7.78697234694846,0.515625,0.88671875,33.53792190551758,17.659353256225586,0.88671875,17.659353256225586,0.21814323961734772,2.5928656705669706,,
hard_st_cage,random_sparse10,0,92,92,7.873256424907595,0.515625,0.88671875,34.31922912597656,12.543320655822754,0.88671875,12.543320655822754,0.2183418869972229,2.592384608575139,,
hard_st_cage,random_sparse10,0,93,93,7.95846434799023,0.515625,0.8828125,34.3001594543457,23.49165153503418,0.8828125,23.49165153503418,0.21853825449943542,2.5919009694900805,,
hard_st_cage,random_sparse10,0,94,94,8.043138881912455,0.515625,0.8984375,33.471866607666016,14.876240730285645,0.8984375,14.876240730285645,0.21880841255187988,2.5914088360577923,,
hard_st_cage,random_sparse10,0,95,95,8.128114010905847,0.515625,0.93359375,32.146446228027344,7.853114128112793,0.93359375,7.853114128112793,0.21914318203926086,2.5908965335812244,,
hard_st_cage,random_sparse10,0,96,96,8.213000807911158,0.515625,0.890625,31.86389923095703,20.749155044555664,0.890625,20.749155044555664,0.21964967250823975,2.590341193290339,,
hard_st_cage,random_sparse10,0,97,97,8.297320985933766,0.515625,0.88671875,32.39053726196289,8.262691497802734,0.88671875,8.262691497802734,0.21986590325832367,2.589766566884271,,
hard_st_cage,random_sparse10,0,98,98,8.382208839990199,0.515625,0.92578125,32.562828063964844,9.052064895629883,0.92578125,9.052064895629883,0.21999263763427734,2.5892030281655645,,
hard_st_cage,random_sparse10,0,99,99,8.469419193919748,0.515625,0.86328125,33.13420486450195,22.707693099975586,0.86328125,22.707693099975586,0.22012339532375336,2.588651314665866,,
hard_st_cage,random_sparse10,0,100,100,8.556966594886035,0.515625,0.77734375,32.480167388916016,40.66561508178711,0.77734375,40.66561508178711,0.22019320726394653,2.5881195192964075,,
hard_st_cage,random_sparse10,0,101,101,8.642604222055525,0.515625,0.83203125,32.99394989013672,37.16353225708008,0.83203125,37.16353225708008,0.2203514128923416,2.587602100592414,,
hard_st_cage,random_sparse10,0,102,102,8.727835716912523,0.515625,0.89453125,32.197757720947266,15.684565544128418,0.89453125,15.684565544128418,0.22074291110038757,2.5870636840835246,,
hard_st_cage,random_sparse10,0,103,103,8.812759350985289,0.515625,0.91015625,32.356441497802734,10.969990730285645,0.91015625,10.969990730285645,0.22097322344779968,2.5865111782058072,,
hard_st_cage,random_sparse10,0,104,104,8.897673308849335,0.515625,0.89453125,32.04087829589844,12.939361572265625,0.89453125,12.939361572265625,0.2212381660938263,2.585954196079682,,
hard_st_cage,random_sparse10,0,105,105,8.983026316855103,0.515625,0.92578125,31.629379272460938,9.04394245147705,0.92578125,9.04394245147705,0.22138983011245728,2.5854029140321457,,
hard_st_cage,random_sparse10,0,106,106,9.068194445921108,0.515625,0.875,31.071269989013672,17.228113174438477,0.875,17.228113174438477,0.22167330980300903,2.5848410263765063,,
hard_st_cage,random_sparse10,0,107,107,9.153797189006582,0.515625,0.8828125,32.485530853271484,14.127480506896973,0.8828125,14.127480506896973,0.22175146639347076,2.5842884847940994,,
hard_st_cage,random_sparse10,0,108,108,9.2382578169927,0.515625,0.7421875,33.33531951904297,59.423736572265625,0.7421875,59.423736572265625,0.22189000248908997,2.5837522869073246,,
hard_st_cage,random_sparse10,0,109,109,9.323207146953791,0.515625,0.93359375,33.043556213378906,9.817069053649902,0.93359375,9.817069053649902,0.2221798449754715,2.583213212555996,,
hard_st_cage,random_sparse10,0,110,110,9.408095615915954,0.515625,0.87109375,31.86371421813965,13.332694053649902,0.87109375,13.332694053649902,0.22267809510231018,2.5826429254242385,,
hard_st_cage,random_sparse10,0,111,111,9.497094929916784,0.515625,0.91015625,31.64167022705078,14.895194053649902,0.91015625,14.895194053649902,0.22297203540802002,2.5820393700400306,,
hard_st_cage,random_sparse10,0,112,112,9.58366687502712,0.515625,0.8359375,30.977947235107422,23.07936668395996,0.8359375,23.07936668395996,0.22310948371887207,2.581441945915782,,
hard_st_cage,random_sparse10,0,113,113,9.670521944062784,0.515625,0.76171875,29.665071487426758,35.595611572265625,0.76171875,35.595611572265625,0.22315022349357605,2.5808684318458974,,
hard_st_cage,random_sparse10,0,114,114,9.755941984942183,0.515625,0.84375,30.06052017211914,37.15270233154297,0.84375,37.15270233154297,0.22334247827529907,2.5803159194706926,,
hard_st_cage,random_sparse10,0,115,115,9.840871965046972,0.515625,0.87109375,29.204822540283203,14.111235618591309,0.87109375,14.111235618591309,0.2237677276134491,2.579737084946904,,
hard_st_cage,random_sparse10,0,116,116,9.926037454046309,0.515625,0.83984375,28.959068298339844,22.710405349731445,0.83984375,22.710405349731445,0.22403904795646667,2.5791389104965696,,
hard_st_cage,random_sparse10,0,117,117,10.011376959038898,0.515625,0.89453125,31.014732360839844,18.394575119018555,0.89453125,18.394575119018555,0.2241474986076355,2.5785478472767425,,
hard_st_cage,random_sparse10,0,118,118,10.09628570987843,0.515625,0.82421875,31.511001586914062,44.55020523071289,0.82421875,44.55020523071289,0.22422978281974792,2.577976611542668,,
hard_st_cage,random_sparse10,0,119,119,10.191442312905565,0.515625,0.86328125,30.664743423461914,16.83478355407715,0.86328125,16.83478355407715,0.22471657395362854,2.5773923948477298,,
hard_st_cage,random_sparse10,0,120,120,10.276124633848667,0.515625,0.91796875,30.462356567382812,9.426445007324219,0.91796875,9.426445007324219,0.2250995934009552,2.576771519646109,,
block_relaxed,random_sparse10,0,1,1,0.022196972044184804,0.59765625,0.53515625,29.549348831176758,111.01602172851562,,,,1.0,0,0.021864445181563497
block_relaxed,random_sparse10,0,2,2,0.04184455797076225,0.6171875,0.58984375,18.27472686767578,132.08270263671875,,,,1.0,0,0.04151186207309365
block_relaxed,random_sparse10,0,3,3,0.0607530758716166,0.67578125,0.56640625,13.413186073303223,125.45561218261719,,,,1.0,0,0.06042044120840728
block_relaxed,random_sparse10,0,4,4,0.0793404660653323,0.69921875,0.578125,12.763654708862305,132.86123657226562,,,,1.0,0,0.0790078011341393
block_relaxed,random_sparse10,0,5,5,0.09781480790115893,0.6953125,0.55078125,10.89932918548584,129.7470703125,,,,1.0,0,0.09748197114095092
block_relaxed,random_sparse10,0,6,6,0.11628572596237063,0.71875,0.57421875,8.79594898223877,96.57373046875,,,,1.0,0,0.11595283006317914
block_relaxed,random_sparse10,0,7,7,0.13488180097192526,0.74609375,0.60546875,7.160514831542969,93.04998779296875,,,,1.0,0,0.13454900705255568
block_relaxed,random_sparse10,0,8,8,0.1533509809523821,0.75390625,0.6171875,6.089181900024414,94.59353637695312,,,,1.0,0,0.15301820100285113
block_relaxed,random_sparse10,0,9,9,0.171817613998428,0.73828125,0.59375,5.518815517425537,83.69122314453125,,,,1.0,0,0.17148490203544497
block_relaxed,random_sparse10,0,10,10,0.19025469897314906,0.76171875,0.65234375,4.950632572174072,65.72247314453125,,,,1.0,0,0.18992188619449735
block_relaxed,random_sparse10,0,11,11,0.20977533794939518,0.7734375,0.66796875,4.640653133392334,58.32225799560547,,,,1.0,0,0.20944266417063773
block_relaxed,random_sparse10,0,12,12,0.22858917992562056,0.7734375,0.66015625,3.9323201179504395,64.9358139038086,,,,1.0,0,0.2282563701737672
block_relaxed,random_sparse10,0,13,13,0.24691180791705847,0.7890625,0.61328125,3.373769998550415,55.58788299560547,,,,1.0,0,0.24657898303121328
block_relaxed,random_sparse10,0,14,14,0.2655907538719475,0.8125,0.66796875,2.6937761306762695,50.51246643066406,,,,1.0,0,0.265257929218933
block_relaxed,random_sparse10,0,15,15,0.28445936902426183,0.81640625,0.6484375,2.525782346725464,58.6966438293457,,,,1.0,0,0.28412668011151254
block_relaxed,random_sparse10,0,16,16,0.30296984198503196,0.81640625,0.640625,2.477278470993042,63.40309143066406,,,,1.0,0,0.3026372301392257
block_relaxed,random_sparse10,0,17,17,0.32151691103354096,0.8203125,0.640625,1.953551173210144,63.40309143066406,,,,1.0,0,0.32118432503193617
block_relaxed,random_sparse10,0,18,18,0.34021176607348025,0.8125,0.6171875,1.8055872917175293,58.31414031982422,,,,1.0,0,0.33987904409877956
block_relaxed,random_sparse10,0,19,19,0.3588081239722669,0.8359375,0.640625,1.5530860424041748,55.58247375488281,,,,1.0,0,0.3584754702169448
block_relaxed,random_sparse10,0,20,20,0.3772362759336829,0.84765625,0.640625,1.4909733533859253,55.58247375488281,,,,1.0,0,0.37690358818508685
block_relaxed,random_sparse10,0,21,21,0.39576626592315733,0.85546875,0.609375,1.2172971963882446,51.687049865722656,,,,1.0,0,0.39543378399685025
block_relaxed,random_sparse10,0,22,22,0.4142050319351256,0.859375,0.59765625,1.1261472702026367,57.5437126159668,,,,1.0,0,0.4138725020457059
block_relaxed,random_sparse10,0,23,23,0.43259695800952613,0.859375,0.59765625,1.1141810417175293,57.5437126159668,,,,1.0,0,0.4322642642073333
block_relaxed,random_sparse10,0,24,24,0.45115684205666184,0.86328125,0.59765625,0.8529430627822876,57.5437126159668,,,,1.0,0,0.45082421600818634
block_relaxed,random_sparse10,0,25,25,0.4705759750213474,0.875,0.609375,0.8673703670501709,51.687049865722656,,,,1.0,0,0.47024327400140464
block_relaxed,random_sparse10,0,26,26,0.4896566108800471,0.87109375,0.59765625,0.9225351810455322,66.90247344970703,,,,1.0,0,0.48932387912645936
block_relaxed,random_sparse10,0,27,27,0.5080607258714736,0.88671875,0.578125,0.737865686416626,64.17081451416016,,,,1.0,0,0.5077281151898205
block_relaxed,random_sparse10,0,28,28,0.5267489980906248,0.8984375,0.58203125,0.7613204717636108,72.73748016357422,,,,1.0,0,0.526416146196425
block_relaxed,random_sparse10,0,29,29,0.5450225558597594,0.89453125,0.578125,0.8529058694839478,64.17081451416016,,,,1.0,0,0.5446896841749549
block_relaxed,random_sparse10,0,30,30,0.5641673149075359,0.88671875,0.59375,0.7177534699440002,61.439144134521484,,,,1.0,0,0.5638345740735531
block_relaxed,random_sparse10,0,1,31,0.6028570409398526,0.609375,0.53125,6.445776462554932,34.88706588745117,,,,1.0,1,0.021294096019119024
block_relaxed,random_sparse10,0,2,32,0.6219916900154203,0.640625,0.53125,4.9711079597473145,34.88706588745117,,,,1.0,1,0.04042863007634878
block_relaxed,random_sparse10,0,3,33,0.6410621220711619,0.67578125,0.59765625,3.937190055847168,33.55942153930664,,,,1.0,1,0.05949899205006659
block_relaxed,random_sparse10,0,4,34,0.6596447099000216,0.7109375,0.59375,3.1376264095306396,24.251802444458008,,,,1.0,1,0.07808161596767604
block_relaxed,random_sparse10,0,5,35,0.6781934818718582,0.72265625,0.55859375,2.6443943977355957,29.74823760986328,,,,1.0,1,0.09663034789264202
block_relaxed,random_sparse10,0,6,36,0.6970169430132955,0.6953125,0.56640625,2.435974597930908,26.889354705810547,,,,1.0,1,0.11545386700890958
block_relaxed,random_sparse10,0,7,37,0.715549424989149,0.69921875,0.54296875,2.249021291732788,29.825138092041016,,,,1.0,1,0.13398633198812604
block_relaxed,random_sparse10,0,8,38,0.7342417610343546,0.671875,0.65234375,2.6843433380126953,22.273788452148438,,,,1.0,1,0.1526786161120981
block_relaxed,random_sparse10,0,9,39,0.7528655850328505,0.7578125,0.53125,1.6149346828460693,31.069799423217773,,,,1.0,1,0.17130280891433358
block_relaxed,random_sparse10,0,10,40,0.7712914058938622,0.703125,0.484375,2.4752376079559326,86.13072204589844,,,,1.0,1,0.18972831894643605
block_relaxed,random_sparse10,0,11,41,0.7901011928915977,0.765625,0.5703125,1.4253841638565063,24.855722427368164,,,,1.0,1,0.20853816298767924
block_relaxed,random_sparse10,0,12,42,0.8090808449778706,0.7421875,0.5703125,1.9299359321594238,24.855722427368164,,,,1.0,1,0.2275177480187267
block_relaxed,random_sparse10,0,13,43,0.827774859033525,0.77734375,0.4921875,1.2062968015670776,50.643089294433594,,,,1.0,1,0.2462117939721793
block_relaxed,random_sparse10,0,14,44,0.8503586130682379,0.7890625,0.48828125,1.147628903388977,62.892311096191406,,,,1.0,1,0.2687956281006336
block_relaxed,random_sparse10,0,15,45,0.8699132970068604,0.80859375,0.5703125,0.9561729431152344,25.868553161621094,,,,1.0,1,0.28835020493716
block_relaxed,random_sparse10,0,16,46,0.8884896759409457,0.796875,0.56640625,0.9353758096694946,21.812118530273438,,,,1.0,1,0.3069265850353986
block_relaxed,random_sparse10,0,17,47,0.9072666640859097,0.80078125,0.5,0.92976975440979,49.10916519165039,,,,1.0,1,0.3257035790011287
block_relaxed,random_sparse10,0,18,48,0.9263840068597347,0.8125,0.5,0.8371760845184326,49.10916519165039,,,,1.0,1,0.3448208989575505
block_relaxed,random_sparse10,0,19,49,0.9453294230625033,0.80078125,0.48828125,0.9035640358924866,60.660186767578125,,,,1.0,1,0.3637662869878113
block_relaxed,random_sparse10,0,20,50,0.9642204220872372,0.79296875,0.4921875,0.9429779648780823,61.71259307861328,,,,1.0,1,0.38265749905258417
block_relaxed,random_sparse10,0,21,51,0.9831220889464021,0.83203125,0.4921875,0.6995528936386108,61.71259307861328,,,,1.0,1,0.40155897405929863
block_relaxed,random_sparse10,0,22,52,1.0020989910699427,0.83984375,0.4921875,0.6641722321510315,61.71259307861328,,,,1.0,1,0.4205358379986137
block_relaxed,random_sparse10,0,23,53,1.0209048150572926,0.8359375,0.49609375,0.6555489897727966,48.28236389160156,,,,1.0,1,0.43934174394235015
block_relaxed,random_sparse10,0,24,54,1.0395436568651348,0.83203125,0.5234375,0.7153375744819641,32.68131637573242,,,,1.0,1,0.4579806209076196
block_relaxed,random_sparse10,0,25,55,1.0581144290044904,0.828125,0.5234375,0.7073955535888672,32.68131637573242,,,,1.0,1,0.47655132692307234
block_relaxed,random_sparse10,0,26,56,1.076914720935747,0.83984375,0.55859375,0.6690244674682617,24.374210357666016,,,,1.0,1,0.49535169498994946
block_relaxed,random_sparse10,0,27,57,1.0955493589863181,0.828125,0.53125,0.7621959447860718,33.966552734375,,,,1.0,1,0.5139864541124552
block_relaxed,random_sparse10,0,28,58,1.1140280759427696,0.84375,0.53125,0.6723111867904663,33.966552734375,,,,1.0,1,0.5324649859685451
block_relaxed,random_sparse10,0,29,59,1.1327537489123642,0.84765625,0.53125,0.4985601305961609,33.966552734375,,,,1.0,1,0.5511905821040273
block_relaxed,random_sparse10,0,30,60,1.1510528090875596,0.8671875,0.53125,0.4966862201690674,33.966552734375,,,,1.0,1,0.5694897300563753
block_relaxed,random_sparse10,0,1,61,1.2046022529248148,0.484375,0.484375,10.964219093322754,48.9204216003418,,,,1.0,2,0.020509381080046296
block_relaxed,random_sparse10,0,2,62,1.2233897889964283,0.515625,0.46484375,6.78453254699707,7.88593864440918,,,,1.0,2,0.03929667407646775
block_relaxed,random_sparse10,0,3,63,1.241968987043947,0.49609375,0.484375,2.3708627223968506,31.672271728515625,,,,1.0,2,0.0578759650234133
block_relaxed,random_sparse10,0,4,64,1.2606098970863968,0.51953125,0.484375,1.6567054986953735,31.672271728515625,,,,1.0,2,0.07651663315482438
block_relaxed,random_sparse10,0,5,65,1.2791347650345415,0.5078125,0.484375,1.7608739137649536,19.545249938964844,,,,1.0,2,0.09504161309450865
block_relaxed,random_sparse10,0,6,66,1.2978138029575348,0.51953125,0.484375,1.5673753023147583,19.545249938964844,,,,1.0,2,0.11372059304267168
block_relaxed,random_sparse10,0,7,67,1.3168235190678388,0.5078125,0.484375,1.3795485496520996,19.545249938964844,,,,1.0,2,0.13273066305555403
block_relaxed,random_sparse10,0,8,68,1.3356910969596356,0.515625,0.484375,1.3171278238296509,19.545249938964844,,,,1.0,2,0.15159787493757904
block_relaxed,random_sparse10,0,9,69,1.3542275328654796,0.52734375,0.4609375,1.2518510818481445,10.041657447814941,,,,1.0,2,0.17013428709469736
block_relaxed,random_sparse10,0,10,70,1.3729880398605019,0.53515625,0.484375,1.1953364610671997,27.990917205810547,,,,1.0,2,0.18889481504447758
block_relaxed,random_sparse10,0,11,71,1.3917305159848183,0.5625,0.484375,1.144275188446045,27.990917205810547,,,,1.0,2,0.20763735193759203
block_relaxed,random_sparse10,0,12,72,1.410414142999798,0.5625,0.484375,1.1613134145736694,32.134315490722656,,,,1.0,2,0.2263209279626608
block_relaxed,random_sparse10,0,13,73,1.4293425809592009,0.58203125,0.484375,1.040265440940857,32.134315490722656,,,,1.0,2,0.2452497489284724
block_relaxed,random_sparse10,0,14,74,1.448266576975584,0.57421875,0.484375,1.0572620630264282,19.68366050720215,,,,1.0,2,0.26417330699041486
block_relaxed,random_sparse10,0,15,75,1.466806260868907,0.58203125,0.484375,0.9731807708740234,19.68366050720215,,,,1.0,2,0.2827131119556725
block_relaxed,random_sparse10,0,16,76,1.4855982379522175,0.59375,0.484375,0.9263787865638733,19.68366050720215,,,,1.0,2,0.30150499613955617
block_relaxed,random_sparse10,0,17,77,1.5041901809163392,0.56640625,0.484375,1.0861074924468994,26.85486602783203,,,,1.0,2,0.3200970711186528
block_relaxed,random_sparse10,0,18,78,1.5228179320693016,0.58984375,0.484375,0.973441481590271,26.85486602783203,,,,1.0,2,0.3387247361242771
block_relaxed,random_sparse10,0,19,79,1.5416501509025693,0.62890625,0.484375,0.854099690914154,26.85486602783203,,,,1.0,2,0.3575569100212306
block_relaxed,random_sparse10,0,20,80,1.5612782570533454,0.64453125,0.484375,0.9124709367752075,36.50514221191406,,,,1.0,2,0.37718501198105514
block_relaxed,random_sparse10,0,21,81,1.5804363929200917,0.63671875,0.484375,0.8587449789047241,36.50514221191406,,,,1.0,2,0.3963432169985026
block_relaxed,random_sparse10,0,22,82,1.599513507913798,0.64453125,0.484375,0.807553768157959,36.50514221191406,,,,1.0,2,0.41542031592689455
block_relaxed,random_sparse10,0,23,83,1.6185345840640366,0.66796875,0.484375,0.7634955048561096,34.08436965942383,,,,1.0,2,0.43444160697981715
block_relaxed,random_sparse10,0,24,84,1.6374061300884932,0.64453125,0.484375,0.7825669050216675,34.08436965942383,,,,1.0,2,0.4533129690680653
block_relaxed,random_sparse10,0,25,85,1.6561486369464546,0.69140625,0.484375,0.7309406995773315,34.08436965942383,,,,1.0,2,0.47205565101467073
block_relaxed,random_sparse10,0,26,86,1.6752168680541217,0.6953125,0.484375,0.7178587317466736,34.08436965942383,,,,1.0,2,0.4911237461492419
block_relaxed,random_sparse10,0,27,87,1.694060490000993,0.67578125,0.484375,0.7241703867912292,34.08436965942383,,,,1.0,2,0.509967212099582
block_relaxed,random_sparse10,0,28,88,1.7129725529812276,0.71484375,0.484375,0.6982883214950562,34.08436965942383,,,,1.0,2,0.5288793719373643
block_relaxed,random_sparse10,0,29,89,1.7321877209469676,0.66796875,0.484375,0.7186596989631653,34.08436965942383,,,,1.0,2,0.5480945829767734
block_relaxed,random_sparse10,0,30,90,1.7512226479593664,0.73046875,0.484375,0.6667550206184387,34.08436965942383,,,,1.0,2,0.5671293949708343
block_relaxed,random_sparse10,0,1,91,1.8175841008778661,0.515625,0.484375,13.708760261535645,165.04605102539062,,,,1.0,3,0.019974254071712494
block_relaxed,random_sparse10,0,2,92,1.8364660600200295,0.484375,0.484375,8.44419002532959,236.80380249023438,,,,1.0,3,0.0388561540748924
block_relaxed,random_sparse10,0,3,93,1.8551446429919451,0.515625,0.484375,5.207126140594482,190.0587921142578,,,,1.0,3,0.05753471911884844
block_relaxed,random_sparse10,0,4,94,1.873736996902153,0.47265625,0.484375,1.4465893507003784,215.192138671875,,,,1.0,3,0.07612707512453198
block_relaxed,random_sparse10,0,5,95,1.8925178400240839,0.484375,0.484375,1.921915888786316,215.192138671875,,,,1.0,3,0.09490788402035832
block_relaxed,random_sparse10,0,6,96,1.9114200440235436,0.484375,0.484375,0.8627986907958984,215.192138671875,,,,1.0,3,0.11381047894246876
block_relaxed,random_sparse10,0,7,97,1.9303306359797716,0.4921875,0.484375,0.8694620728492737,215.192138671875,,,,1.0,3,0.13272073003463447
block_relaxed,random_sparse10,0,8,98,1.9493320118635893,0.4609375,0.484375,1.0115209817886353,215.192138671875,,,,1.0,3,0.15172212198376656
block_relaxed,random_sparse10,0,9,99,1.968304943991825,0.4453125,0.484375,0.9551879167556763,215.192138671875,,,,1.0,3,0.17069499799981713
block_relaxed,random_sparse10,0,10,100,1.9869454528670758,0.53125,0.484375,0.9715534448623657,215.192138671875,,,,1.0,3,0.18933554692193866
block_relaxed,random_sparse10,0,11,101,2.0056194078642875,0.515625,0.484375,1.28635835647583,215.192138671875,,,,1.0,3,0.20800952706485987
block_relaxed,random_sparse10,0,12,102,2.0244493898935616,0.51171875,0.484375,0.8736247420310974,215.192138671875,,,,1.0,3,0.22683980013243854
block_relaxed,random_sparse10,0,13,103,2.044445076957345,0.49609375,0.484375,0.8405203223228455,215.192138671875,,,,1.0,3,0.24683525413274765
block_relaxed,random_sparse10,0,14,104,2.0640090990345925,0.4921875,0.484375,0.8308613896369934,215.192138671875,,,,1.0,3,0.2663992620073259
block_relaxed,random_sparse10,0,15,105,2.083128846017644,0.5234375,0.484375,1.0043138265609741,215.192138671875,,,,1.0,3,0.2855189819820225
block_relaxed,random_sparse10,0,16,106,2.1019608119968325,0.4921875,0.484375,0.8276253342628479,215.192138671875,,,,1.0,3,0.30435091396793723
block_relaxed,random_sparse10,0,17,107,2.1205472610890865,0.47265625,0.484375,0.9829015135765076,215.192138671875,,,,1.0,3,0.3229373819194734
block_relaxed,random_sparse10,0,18,108,2.1390640309546143,0.51953125,0.484375,1.0359621047973633,215.192138671875,,,,1.0,3,0.34145409311167896
block_relaxed,random_sparse10,0,19,109,2.1574507988989353,0.52734375,0.484375,0.9039083123207092,215.192138671875,,,,1.0,3,0.35984085709787905
block_relaxed,random_sparse10,0,20,110,2.1761307229753584,0.47265625,0.484375,1.0223917961120605,226.837646484375,,,,1.0,3,0.3785208649933338
block_relaxed,random_sparse10,0,21,111,2.19492838694714,0.53125,0.484375,0.8615624904632568,226.837646484375,,,,1.0,3,0.39731851406395435
block_relaxed,random_sparse10,0,22,112,2.213593609863892,0.52734375,0.484375,1.0285484790802002,226.837646484375,,,,1.0,3,0.4159837020561099
block_relaxed,random_sparse10,0,23,113,2.232499364996329,0.48828125,0.484375,0.8163620233535767,226.837646484375,,,,1.0,3,0.4348894450813532
block_relaxed,random_sparse10,0,24,114,2.251093100057915,0.51171875,0.484375,0.8609054088592529,226.837646484375,,,,1.0,3,0.4534834949299693
block_relaxed,random_sparse10,0,25,115,2.2696638270281255,0.51171875,0.484375,0.8731822967529297,221.84262084960938,,,,1.0,3,0.47205390594899654
block_relaxed,random_sparse10,0,26,116,2.288242741022259,0.4921875,0.484375,0.8091030120849609,221.84262084960938,,,,1.0,3,0.49063285905867815
block_relaxed,random_sparse10,0,27,117,2.3067861029412597,0.515625,0.484375,0.8082711696624756,221.84262084960938,,,,1.0,3,0.5091761690564454
block_relaxed,random_sparse10,0,28,118,2.325718907872215,0.515625,0.484375,1.2097468376159668,197.36900329589844,,,,1.0,3,0.5281089979689568
block_relaxed,random_sparse10,0,29,119,2.3450733909849077,0.5234375,0.484375,0.8066846132278442,197.36900329589844,,,,1.0,3,0.5474636359140277
block_relaxed,random_sparse10,0,30,120,2.3637126460671425,0.52734375,0.484375,0.7641204595565796,197.36900329589844,,,,1.0,3,0.5661027340684086
block_hard_refit,random_sparse10,0,1,1,0.019943614955991507,0.59765625,0.53515625,29.549348831176758,111.01602172851562,,,,1.0,0,0.019603921100497246
block_hard_refit,random_sparse10,0,2,2,0.03865422215312719,0.6171875,0.58984375,18.27472686767578,132.08270263671875,,,,1.0,0,0.03831448615528643
block_hard_refit,random_sparse10,0,3,3,0.05742701096460223,0.67578125,0.56640625,13.413186073303223,125.45561218261719,,,,1.0,0,0.05708729196339846
block_hard_refit,random_sparse10,0,4,4,0.07660063216462731,0.69921875,0.578125,12.763654708862305,132.86123657226562,,,,1.0,0,0.07626084610819817
block_hard_refit,random_sparse10,0,5,5,0.09518617112189531,0.6953125,0.55078125,10.89932918548584,129.7470703125,,,,1.0,0,0.09484634711407125
block_hard_refit,random_sparse10,0,6,6,0.1139992990065366,0.71875,0.57421875,8.79594898223877,96.57373046875,,,,1.0,0,0.11365951714105904
block_hard_refit,random_sparse10,0,7,7,0.1328268030192703,0.74609375,0.60546875,7.160514831542969,93.04998779296875,,,,1.0,0,0.13248713314533234
block_hard_refit,random_sparse10,0,8,8,0.15143566904589534,0.75390625,0.6171875,6.089181900024414,94.59353637695312,,,,1.0,0,0.15109584014862776
block_hard_refit,random_sparse10,0,9,9,0.1697303771506995,0.73828125,0.59375,5.518815517425537,83.69122314453125,,,,1.0,0,0.16939052799716592
block_hard_refit,random_sparse10,0,10,10,0.1885101420339197,0.76171875,0.65234375,4.950632572174072,65.72247314453125,,,,1.0,0,0.18817040510475636
block_hard_refit,random_sparse10,0,11,11,0.20705935917794704,0.7734375,0.66796875,4.640653133392334,58.32225799560547,,,,1.0,0,0.20671959407627583
block_hard_refit,random_sparse10,0,12,12,0.22562269610352814,0.7734375,0.66015625,3.9323201179504395,64.9358139038086,,,,1.0,0,0.2252829191274941
block_hard_refit,random_sparse10,0,13,13,0.24403860908932984,0.7890625,0.61328125,3.373769998550415,55.58788299560547,,,,1.0,0,0.24369883397594094
block_hard_refit,random_sparse10,0,14,14,0.2631483911536634,0.8125,0.66796875,2.6937761306762695,50.51246643066406,,,,1.0,0,0.2628087049815804
block_hard_refit,random_sparse10,0,15,15,0.2817438531201333,0.81640625,0.6484375,2.525782346725464,58.6966438293457,,,,1.0,0,0.28140404913574457
block_hard_refit,random_sparse10,0,16,16,0.30056898505426943,0.81640625,0.640625,2.477278470993042,63.40309143066406,,,,1.0,0,0.3002296220511198
block_hard_refit,random_sparse10,0,17,17,0.3190780731383711,0.8203125,0.640625,1.953551173210144,63.40309143066406,,,,1.0,0,0.3187383289914578
block_hard_refit,random_sparse10,0,18,18,0.3379636690951884,0.8125,0.6171875,1.8055872917175293,58.31414031982422,,,,1.0,0,0.3376239810604602
block_hard_refit,random_sparse10,0,19,19,0.35665611107833683,0.8359375,0.640625,1.5530860424041748,55.58247375488281,,,,1.0,0,0.35631655203178525
block_hard_refit,random_sparse10,0,20,20,0.37533581303432584,0.84765625,0.640625,1.4909733533859253,55.58247375488281,,,,1.0,0,0.3749961219727993
block_hard_refit,random_sparse10,0,21,21,0.39379993500187993,0.85546875,0.609375,1.2172971963882446,51.687049865722656,,,,1.0,0,0.39346019993536174
block_hard_refit,random_sparse10,0,22,22,0.41198644996620715,0.859375,0.59765625,1.1261472702026367,57.5437126159668,,,,1.0,0,0.41164662898518145
block_hard_refit,random_sparse10,0,23,23,0.43057201500050724,0.859375,0.59765625,1.1141810417175293,57.5437126159668,,,,1.0,0,0.4302323169540614
block_hard_refit,random_sparse10,0,24,24,0.44912557606585324,0.86328125,0.59765625,0.8529430627822876,57.5437126159668,,,,1.0,0,0.4487858491484076
block_hard_refit,random_sparse10,0,25,25,0.4678009741473943,0.875,0.609375,0.8673703670501709,51.687049865722656,,,,1.0,0,0.46746122813783586
block_hard_refit,random_sparse10,0,26,26,0.4865110700484365,0.87109375,0.59765625,0.9225351810455322,66.90247344970703,,,,1.0,0,0.4861715859733522
block_hard_refit,random_sparse10,0,27,27,0.505044560180977,0.88671875,0.578125,0.737865686416626,64.17081451416016,,,,1.0,0,0.5047048029955477
block_hard_refit,random_sparse10,0,28,28,0.5234352091792971,0.8984375,0.58203125,0.7613204717636108,72.73748016357422,,,,1.0,0,0.5230954131111503
block_hard_refit,random_sparse10,0,29,29,0.5420405480545014,0.89453125,0.578125,0.8529058694839478,64.17081451416016,,,,1.0,0,0.5417008390650153
block_hard_refit,random_sparse10,0,30,30,0.5607313390355557,0.88671875,0.59375,0.7177534699440002,61.439144134521484,,,,1.0,0,0.5603916679974645
block_hard_refit,random_sparse10,0,1,31,0.6218840971123427,0.6328125,0.56640625,31.084274291992188,105.17559814453125,,,,1.0,1,0.019633525982499123
block_hard_refit,random_sparse10,0,2,32,0.6408982099965215,0.65234375,0.6015625,20.00079345703125,90.6872787475586,,,,1.0,1,0.038647694978863
block_hard_refit,random_sparse10,0,3,33,0.6599809050094336,0.66015625,0.55078125,14.887492179870605,157.4760284423828,,,,1.0,1,0.057730351109057665
block_hard_refit,random_sparse10,0,4,34,0.6788559481501579,0.71875,0.60546875,12.100878715515137,105.14041137695312,,,,1.0,1,0.07660563196986914
block_hard_refit,random_sparse10,0,5,35,0.697763147065416,0.72265625,0.625,11.116640090942383,84.07914733886719,,,,1.0,1,0.09551270306110382
block_hard_refit,random_sparse10,0,6,36,0.7165337060578167,0.70703125,0.62890625,8.796347618103027,96.95082092285156,,,,1.0,1,0.11428317194804549
block_hard_refit,random_sparse10,0,7,37,0.7362781101837754,0.73828125,0.6328125,8.173598289489746,102.79124450683594,,,,1.0,1,0.13402766711078584
block_hard_refit,random_sparse10,0,8,38,0.755297965137288,0.7734375,0.640625,6.624629020690918,95.78164672851562,,,,1.0,1,0.15304735605604947
block_hard_refit,random_sparse10,0,9,39,0.7741829140577465,0.7734375,0.64453125,4.828054904937744,91.8889389038086,,,,1.0,1,0.1719323550350964
block_hard_refit,random_sparse10,0,10,40,0.7930958371143788,0.79296875,0.64453125,4.688265800476074,91.8889389038086,,,,1.0,1,0.1908453181385994
block_hard_refit,random_sparse10,0,11,41,0.8122386019676924,0.8125,0.62890625,3.27925443649292,100.84893798828125,,,,1.0,1,0.20998808299191296
block_hard_refit,random_sparse10,0,12,42,0.8312393461819738,0.80859375,0.59375,3.3008477687835693,75.45560455322266,,,,1.0,1,0.22898879903368652
block_hard_refit,random_sparse10,0,13,43,0.850144773023203,0.81640625,0.6171875,2.956820487976074,83.28706359863281,,,,1.0,1,0.2478941751178354
block_hard_refit,random_sparse10,0,14,44,0.8692269399762154,0.81640625,0.58984375,3.0771121978759766,83.27352142333984,,,,1.0,1,0.2669763620942831
block_hard_refit,random_sparse10,0,15,45,0.888283085078001,0.828125,0.58984375,2.7661685943603516,83.27352142333984,,,,1.0,1,0.286032518139109
block_hard_refit,random_sparse10,0,16,46,0.9072705181315541,0.828125,0.609375,2.656667709350586,73.51873779296875,,,,1.0,1,0.30502006807364523
block_hard_refit,random_sparse10,0,17,47,0.9259502401109785,0.8203125,0.59375,2.2697436809539795,77.03435516357422,,,,1.0,1,0.32369969110004604
block_hard_refit,random_sparse10,0,18,48,0.944345538970083,0.8359375,0.609375,2.1268763542175293,75.08123779296875,,,,1.0,1,0.34209495410323143
block_hard_refit,random_sparse10,0,19,49,0.9633094000164419,0.84375,0.609375,2.040926218032837,75.08123779296875,,,,1.0,1,0.3610589581076056
block_hard_refit,random_sparse10,0,20,50,0.9821965070441365,0.85546875,0.6171875,1.895084023475647,79.79039764404297,,,,1.0,1,0.37994591402821243
block_hard_refit,random_sparse10,0,21,51,1.0008148399647325,0.8671875,0.59375,1.7628222703933716,73.90123748779297,,,,1.0,1,0.39856424601748586
block_hard_refit,random_sparse10,0,22,52,1.019908000016585,0.86328125,0.59375,1.749424934387207,73.90123748779297,,,,1.0,1,0.41765742702409625
block_hard_refit,random_sparse10,0,23,53,1.0387537060305476,0.8828125,0.609375,1.6586260795593262,77.05060577392578,,,,1.0,1,0.4365031849592924
block_hard_refit,random_sparse10,0,24,54,1.0577277960255742,0.88671875,0.609375,1.484724760055542,77.05060577392578,,,,1.0,1,0.45547721604816616
block_hard_refit,random_sparse10,0,25,55,1.0766050000675023,0.87890625,0.62109375,1.436814308166504,71.18309783935547,,,,1.0,1,0.4743544061202556
block_hard_refit,random_sparse10,0,26,56,1.0952267369721085,0.875,0.62109375,1.5357484817504883,63.36248016357422,,,,1.0,1,0.49297634907998145
block_hard_refit,random_sparse10,0,27,57,1.1140025509521365,0.87890625,0.62109375,1.3414733409881592,63.36248016357422,,,,1.0,1,0.5117521760985255
block_hard_refit,random_sparse10,0,28,58,1.133008741075173,0.87890625,0.640625,1.253564715385437,70.0085220336914,,,,1.0,1,0.5307582719251513
block_hard_refit,random_sparse10,0,29,59,1.1520783579908311,0.87890625,0.640625,1.3178108930587769,70.0085220336914,,,,1.0,1,0.5498279030434787
block_hard_refit,random_sparse10,0,30,60,1.1710080041084439,0.8828125,0.625,1.3578693866729736,64.92768859863281,,,,1.0,1,0.5687575419433415
block_hard_refit,random_sparse10,0,1,61,1.2308199270628393,0.5234375,0.5390625,39.44560241699219,141.45770263671875,,,,1.0,2,0.02075668005272746
block_hard_refit,random_sparse10,0,2,62,1.2499191891402006,0.53515625,0.546875,30.3496150970459,127.40874481201172,,,,1.0,2,0.03985592909157276
block_hard_refit,random_sparse10,0,3,63,1.2688158710952848,0.62890625,0.5390625,21.536588668823242,119.98957824707031,,,,1.0,2,0.05875259707681835
block_hard_refit,random_sparse10,0,4,64,1.28812998207286,0.671875,0.55078125,17.51730728149414,105.97039794921875,,,,1.0,2,0.07806671690195799
block_hard_refit,random_sparse10,0,5,65,1.3072286921087652,0.703125,0.52734375,13.129202842712402,116.47396087646484,,,,1.0,2,0.09716545604169369
block_hard_refit,random_sparse10,0,6,66,1.3259951460640877,0.703125,0.53125,11.362814903259277,125.09477233886719,,,,1.0,2,0.11593188298866153
block_hard_refit,random_sparse10,0,7,67,1.3446639371104538,0.7421875,0.56640625,9.046201705932617,141.8618621826172,,,,1.0,2,0.13460057508200407
block_hard_refit,random_sparse10,0,8,68,1.3632633469533175,0.75390625,0.55859375,7.942278861999512,144.59622192382812,,,,1.0,2,0.15320006292313337
block_hard_refit,random_sparse10,0,9,69,1.3820153910201043,0.76953125,0.5546875,7.041220664978027,164.1139373779297,,,,1.0,2,0.17195210605859756
block_hard_refit,random_sparse10,0,10,70,1.4010047051124275,0.7890625,0.53125,6.206080436706543,164.11663818359375,,,,1.0,2,0.19094138289801776
block_hard_refit,random_sparse10,0,11,71,1.4201913659926504,0.78125,0.53125,6.167325496673584,211.355224609375,,,,1.0,2,0.21012815204448998
block_hard_refit,random_sparse10,0,12,72,1.4392436989583075,0.796875,0.53515625,4.908786773681641,174.65000915527344,,,,1.0,2,0.22918040095828474
block_hard_refit,random_sparse10,0,13,73,1.458157978951931,0.8046875,0.546875,4.346731662750244,185.20228576660156,,,,1.0,2,0.24809469399042428
block_hard_refit,random_sparse10,0,14,74,1.4770622721407562,0.76953125,0.54296875,5.534152984619141,202.37623596191406,,,,1.0,2,0.2669990889262408
block_hard_refit,random_sparse10,0,15,75,1.4958642639685422,0.828125,0.53125,3.760115146636963,219.5529022216797,,,,1.0,2,0.28580095688812435
block_hard_refit,random_sparse10,0,16,76,1.5146841530222446,0.83203125,0.53125,3.4673709869384766,219.5529022216797,,,,1.0,2,0.3046209351159632
block_hard_refit,random_sparse10,0,17,77,1.534140600124374,0.8046875,0.52734375,4.350921630859375,206.2716522216797,,,,1.0,2,0.324077240889892
block_hard_refit,random_sparse10,0,18,78,1.5530664089601487,0.85546875,0.546875,2.944814920425415,191.4279022216797,,,,1.0,2,0.3430033090990037
block_hard_refit,random_sparse10,0,19,79,1.5719746090471745,0.8203125,0.5625,3.128396987915039,156.29873657226562,,,,1.0,2,0.3619111969601363
block_hard_refit,random_sparse10,0,20,80,1.5907079761382192,0.82421875,0.5625,3.349173069000244,156.29873657226562,,,,1.0,2,0.38064464810304344
block_hard_refit,random_sparse10,0,21,81,1.6094865631312132,0.875,0.5625,2.4555957317352295,156.29873657226562,,,,1.0,2,0.399423219030723
block_hard_refit,random_sparse10,0,22,82,1.6283873689826578,0.8359375,0.5625,2.7197015285491943,156.29873657226562,,,,1.0,2,0.41832403489388525
block_hard_refit,random_sparse10,0,23,83,1.6475942570250481,0.8359375,0.5703125,2.9435620307922363,146.1343536376953,,,,1.0,2,0.43753089802339673
block_hard_refit,random_sparse10,0,24,84,1.6663124880287796,0.84765625,0.5703125,2.2473580837249756,144.9624786376953,,,,1.0,2,0.4562491679098457
block_hard_refit,random_sparse10,0,25,85,1.6854595560580492,0.87890625,0.5625,1.9538296461105347,129.34291076660156,,,,1.0,2,0.47539607691578567
block_hard_refit,random_sparse10,0,26,86,1.7044490911066532,0.8828125,0.5703125,1.9676599502563477,144.9624786376953,,,,1.0,2,0.4943856599275023
block_hard_refit,random_sparse10,0,27,87,1.7233413390349597,0.8515625,0.5703125,2.1676740646362305,144.9624786376953,,,,1.0,2,0.513277905061841
block_hard_refit,random_sparse10,0,28,88,1.7421992670278996,0.8671875,0.56640625,1.6220667362213135,114.9033203125,,,,1.0,2,0.5321358309593052
block_hard_refit,random_sparse10,0,29,89,1.7610513370018452,0.84765625,0.56640625,2.0854485034942627,114.9033203125,,,,1.0,2,0.5509881859179586
block_hard_refit,random_sparse10,0,30,90,1.7917064491193742,0.87890625,0.56640625,1.7604268789291382,114.9033203125,,,,1.0,2,0.5816431960556656
block_hard_refit,random_sparse10,0,1,91,1.8531849971041083,0.5234375,0.48828125,29.93131446838379,158.27894592285156,,,,1.0,3,0.019700113916769624
block_hard_refit,random_sparse10,0,2,92,1.8725639421027154,0.5390625,0.48828125,25.094568252563477,212.92039489746094,,,,1.0,3,0.039079118985682726
block_hard_refit,random_sparse10,0,3,93,1.8918873590882868,0.5859375,0.47265625,21.5035457611084,252.7451934814453,,,,1.0,3,0.05840259697288275
block_hard_refit,random_sparse10,0,4,94,1.911289137089625,0.5859375,0.484375,18.510446548461914,275.0162658691406,,,,1.0,3,0.07780454913154244
block_hard_refit,random_sparse10,0,5,95,1.930306039052084,0.62890625,0.48828125,16.596006393432617,316.7995910644531,,,,1.0,3,0.09682118613272905
block_hard_refit,random_sparse10,0,6,96,1.9492209961172193,0.6328125,0.484375,14.31625747680664,313.6745910644531,,,,1.0,3,0.11573610198684037
block_hard_refit,random_sparse10,0,7,97,1.9679706301540136,0.67578125,0.484375,12.459758758544922,313.6745910644531,,,,1.0,3,0.13448598701506853
block_hard_refit,random_sparse10,0,8,98,1.9865844519808888,0.6796875,0.48828125,11.153393745422363,274.2322998046875,,,,1.0,3,0.15309955808334053
block_hard_refit,random_sparse10,0,9,99,2.005547913024202,0.6875,0.484375,9.474952697753906,248.0522918701172,,,,1.0,3,0.1720630400814116
block_hard_refit,random_sparse10,0,10,100,2.024765350157395,0.703125,0.484375,8.381361961364746,251.96665954589844,,,,1.0,3,0.19128050794824958
block_hard_refit,random_sparse10,0,11,101,2.0440463880077004,0.71484375,0.484375,7.302741527557373,251.96665954589844,,,,1.0,3,0.2105616789776832
block_hard_refit,random_sparse10,0,12,102,2.0634058660361916,0.70703125,0.484375,6.881443977355957,211.36061096191406,,,,1.0,3,0.22992102801799774
block_hard_refit,random_sparse10,0,13,103,2.0829529750626534,0.73828125,0.48046875,5.710191249847412,191.438720703125,,,,1.0,3,0.24946819292381406
block_hard_refit,random_sparse10,0,14,104,2.1021813300903887,0.734375,0.48046875,5.330658912658691,191.438720703125,,,,1.0,3,0.2686965949833393
block_hard_refit,random_sparse10,0,15,105,2.1215777231846005,0.7421875,0.484375,4.910017013549805,192.61871337890625,,,,1.0,3,0.28809297597035766
block_hard_refit,random_sparse10,0,16,106,2.1402926391456276,0.76171875,0.5,4.503013610839844,173.4753875732422,,,,1.0,3,0.3068079079966992
block_hard_refit,random_sparse10,0,17,107,2.1592724779620767,0.77734375,0.5,3.780524492263794,173.4753875732422,,,,1.0,3,0.32578776008449495
block_hard_refit,random_sparse10,0,18,108,2.17787916213274,0.78125,0.51171875,3.656470537185669,141.4739532470703,,,,1.0,3,0.3443945040926337
block_hard_refit,random_sparse10,0,19,109,2.1966902231797576,0.7890625,0.5234375,3.2613472938537598,143.03915405273438,,,,1.0,3,0.3632054061163217
block_hard_refit,random_sparse10,0,20,110,2.215707624098286,0.79296875,0.5390625,3.0469815731048584,139.50457763671875,,,,1.0,3,0.3822228529024869
block_hard_refit,random_sparse10,0,21,111,2.234579475130886,0.7890625,0.5390625,3.135746955871582,139.50457763671875,,,,1.0,3,0.40109504596330225
block_hard_refit,random_sparse10,0,22,112,2.2534600161015987,0.796875,0.5390625,2.623265027999878,139.50457763671875,,,,1.0,3,0.4199751929845661
block_hard_refit,random_sparse10,0,23,113,2.2719443070236593,0.8125,0.5390625,2.530632495880127,139.50457763671875,,,,1.0,3,0.43845951091498137
block_hard_refit,random_sparse10,0,24,114,2.2906942861154675,0.8203125,0.5390625,2.29941987991333,139.50457763671875,,,,1.0,3,0.45720950909890234
block_hard_refit,random_sparse10,0,25,115,2.309472574153915,0.81640625,0.5390625,2.1944808959960938,139.50457763671875,,,,1.0,3,0.475987782003358
block_hard_refit,random_sparse10,0,26,116,2.3286307570524514,0.80859375,0.49609375,2.2793421745300293,162.5703887939453,,,,1.0,3,0.49514598213136196
block_hard_refit,random_sparse10,0,27,117,2.347765587968752,0.8203125,0.484375,2.1685547828674316,187.16351318359375,,,,1.0,3,0.5142808039672673
block_hard_refit,random_sparse10,0,28,118,2.3666538749821484,0.82421875,0.484375,2.050863027572632,187.16351318359375,,,,1.0,3,0.5331690169405192
block_hard_refit,random_sparse10,0,29,119,2.3855722891166806,0.83203125,0.4765625,1.9106684923171997,219.94895935058594,,,,1.0,3,0.5520874259527773
block_hard_refit,random_sparse10,0,30,120,2.4043866340070963,0.82421875,0.4765625,1.822462797164917,219.94895935058594,,,,1.0,3,0.5709017671179026
block_hard_task_refit,random_sparse10,0,1,1,0.020606064004823565,0.59765625,0.53515625,29.549348831176758,111.01602172851562,,,,1.0,0,0.020256842952221632
block_hard_task_refit,random_sparse10,0,2,2,0.04045952204614878,0.6171875,0.58984375,18.27472686767578,132.08270263671875,,,,1.0,0,0.04011002997867763
block_hard_task_refit,random_sparse10,0,3,3,0.05992028908804059,0.67578125,0.56640625,13.413186073303223,125.45561218261719,,,,1.0,0,0.05957092787139118
block_hard_task_refit,random_sparse10,0,4,4,0.0790399769321084,0.69921875,0.578125,12.763654708862305,132.86123657226562,,,,1.0,0,0.07869061385281384
block_hard_task_refit,random_sparse10,0,5,5,0.09775615599937737,0.6953125,0.55078125,10.89932918548584,129.7470703125,,,,1.0,0,0.09740685787983239
block_hard_task_refit,random_sparse10,0,6,6,0.11658172495663166,0.71875,0.57421875,8.79594898223877,96.57373046875,,,,1.0,0,0.11623225500807166
block_hard_task_refit,random_sparse10,0,7,7,0.13540603197179735,0.74609375,0.60546875,7.160514831542969,93.04998779296875,,,,1.0,0,0.13505680696107447
block_hard_task_refit,random_sparse10,0,8,8,0.1541535339783877,0.75390625,0.6171875,6.089181900024414,94.59353637695312,,,,1.0,0,0.1538044309709221
block_hard_task_refit,random_sparse10,0,9,9,0.17301572114229202,0.73828125,0.59375,5.518815517425537,83.69122314453125,,,,1.0,0,0.1726662227883935
block_hard_task_refit,random_sparse10,0,10,10,0.19191412813961506,0.76171875,0.65234375,4.950632572174072,65.72247314453125,,,,1.0,0,0.19156471779569983
block_hard_task_refit,random_sparse10,0,11,11,0.21088321995921433,0.7734375,0.66796875,4.640653133392334,58.32225799560547,,,,1.0,0,0.21053386782296002
block_hard_task_refit,random_sparse10,0,12,12,0.2296481670346111,0.7734375,0.66015625,3.9323201179504395,64.9358139038086,,,,1.0,0,0.2292986388783902
block_hard_task_refit,random_sparse10,0,13,13,0.24829625408165157,0.7890625,0.61328125,3.373769998550415,55.58788299560547,,,,1.0,0,0.2479468029923737
block_hard_task_refit,random_sparse10,0,14,14,0.26701501198112965,0.8125,0.66796875,2.6937761306762695,50.51246643066406,,,,1.0,0,0.26666549500077963
block_hard_task_refit,random_sparse10,0,15,15,0.28525343304499984,0.81640625,0.6484375,2.525782346725464,58.6966438293457,,,,1.0,0,0.28490391792729497
block_hard_task_refit,random_sparse10,0,16,16,0.30394238396547735,0.81640625,0.640625,2.477278470993042,63.40309143066406,,,,1.0,0,0.3035929307807237
block_hard_task_refit,random_sparse10,0,17,17,0.3222544570453465,0.8203125,0.640625,1.953551173210144,63.40309143066406,,,,1.0,0,0.3219053337816149
block_hard_task_refit,random_sparse10,0,18,18,0.3409013550262898,0.8125,0.6171875,1.8055872917175293,58.31414031982422,,,,1.0,0,0.34055186389014125
block_hard_task_refit,random_sparse10,0,19,19,0.35938644013367593,0.8359375,0.640625,1.5530860424041748,55.58247375488281,,,,1.0,0,0.35903695691376925
block_hard_task_refit,random_sparse10,0,20,20,0.3778445210773498,0.84765625,0.640625,1.4909733533859253,55.58247375488281,,,,1.0,0,0.3774950308725238
block_hard_task_refit,random_sparse10,0,21,21,0.3969029439613223,0.85546875,0.609375,1.2172971963882446,51.687049865722656,,,,1.0,0,0.3965534868184477
block_hard_task_refit,random_sparse10,0,22,22,0.41551618999801576,0.859375,0.59765625,1.1261472702026367,57.5437126159668,,,,1.0,0,0.4151667149271816
block_hard_task_refit,random_sparse10,0,23,23,0.4341455770190805,0.859375,0.59765625,1.1141810417175293,57.5437126159668,,,,1.0,0,0.43379609379917383
block_hard_task_refit,random_sparse10,0,24,24,0.45287696504965425,0.86328125,0.59765625,0.8529430627822876,57.5437126159668,,,,1.0,0,0.4525274718180299
block_hard_task_refit,random_sparse10,0,25,25,0.4713941391091794,0.875,0.609375,0.8673703670501709,51.687049865722656,,,,1.0,0,0.47104467381723225
block_hard_task_refit,random_sparse10,0,26,26,0.4899057219736278,0.87109375,0.59765625,0.9225351810455322,66.90247344970703,,,,1.0,0,0.48955621384084225
block_hard_task_refit,random_sparse10,0,27,27,0.5083484379574656,0.88671875,0.578125,0.737865686416626,64.17081451416016,,,,1.0,0,0.5079989349469543
block_hard_task_refit,random_sparse10,0,28,28,0.5271073440089822,0.8984375,0.58203125,0.7613204717636108,72.73748016357422,,,,1.0,0,0.5267578768543899
block_hard_task_refit,random_sparse10,0,29,29,0.5457261290866882,0.89453125,0.578125,0.8529058694839478,64.17081451416016,,,,1.0,0,0.5453765639103949
block_hard_task_refit,random_sparse10,0,30,30,0.5643749870359898,0.88671875,0.59375,0.7177534699440002,61.439144134521484,,,,1.0,0,0.5640255678445101
block_hard_task_refit,random_sparse10,0,1,31,1.3018325150478631,0.62890625,0.5859375,26.458824157714844,111.38228607177734,,,,1.0,1,0.02054105093702674
block_hard_task_refit,random_sparse10,0,2,32,1.3210661229677498,0.6015625,0.62109375,18.983497619628906,103.58602142333984,,,,1.0,1,0.03977460414171219
block_hard_task_refit,random_sparse10,0,3,33,1.3402373199351132,0.59375,0.6171875,17.166553497314453,105.15123748779297,,,,1.0,1,0.05894578108564019
block_hard_task_refit,random_sparse10,0,4,34,1.3592565469443798,0.60546875,0.62890625,15.754504203796387,96.52499389648438,,,,1.0,1,0.0779651019256562
block_hard_task_refit,random_sparse10,0,5,35,1.3781809110660106,0.62109375,0.60546875,12.939042091369629,87.2014389038086,,,,1.0,1,0.09688950213603675
block_hard_task_refit,random_sparse10,0,6,36,1.39708515512757,0.6328125,0.609375,10.676543235778809,113.72061157226562,,,,1.0,1,0.11579368403181434
block_hard_task_refit,random_sparse10,0,7,37,1.4160207000095397,0.67578125,0.6328125,8.21722412109375,94.22457122802734,,,,1.0,1,0.13472929992713034
block_hard_task_refit,random_sparse10,0,8,38,1.434813995147124,0.6640625,0.640625,7.318796157836914,101.24227905273438,,,,1.0,1,0.15352256409823895
block_hard_task_refit,random_sparse10,0,9,39,1.4536694020498544,0.6640625,0.640625,6.802025318145752,101.24227905273438,,,,1.0,1,0.17237788904458284
block_hard_task_refit,random_sparse10,0,10,40,1.4728266140446067,0.6953125,0.640625,6.1468682289123535,101.24227905273438,,,,1.0,1,0.1915351441130042
block_hard_task_refit,random_sparse10,0,11,41,1.4922561200801283,0.71484375,0.640625,5.164553165435791,101.24227905273438,,,,1.0,1,0.21096485410816967
block_hard_task_refit,random_sparse10,0,12,42,1.511191433062777,0.72265625,0.640625,4.697149753570557,101.24227905273438,,,,1.0,1,0.2299000769853592
block_hard_task_refit,random_sparse10,0,13,43,1.5298751150257885,0.72265625,0.640625,4.3657917976379395,101.24227905273438,,,,1.0,1,0.24858370004221797
block_hard_task_refit,random_sparse10,0,14,44,1.5488283310551196,0.72265625,0.640625,4.080167293548584,101.24227905273438,,,,1.0,1,0.2675369209609926
block_hard_task_refit,random_sparse10,0,15,45,1.567844243021682,0.74609375,0.6328125,3.511225700378418,89.51811981201172,,,,1.0,1,0.2865527421236038
block_hard_task_refit,random_sparse10,0,16,46,1.5868460000492632,0.76953125,0.6328125,3.222926139831543,89.51811981201172,,,,1.0,1,0.3055548849515617
block_hard_task_refit,random_sparse10,0,17,47,1.605919738067314,0.765625,0.64453125,3.80279803276062,102.40874481201172,,,,1.0,1,0.324628276983276
block_hard_task_refit,random_sparse10,0,18,48,1.6248972120229155,0.76171875,0.63671875,3.0080621242523193,95.00311279296875,,,,1.0,1,0.34360578702762723
block_hard_task_refit,random_sparse10,0,19,49,1.6437591360881925,0.78125,0.63671875,3.1453545093536377,95.00311279296875,,,,1.0,1,0.3624677381012589
block_hard_task_refit,random_sparse10,0,20,50,1.6625850561540574,0.77734375,0.66796875,2.858107089996338,96.54936218261719,,,,1.0,1,0.38129357108846307
block_hard_task_refit,random_sparse10,0,21,51,1.6815064731054008,0.79296875,0.66015625,2.6940457820892334,98.1091537475586,,,,1.0,1,0.40021490096114576
block_hard_task_refit,random_sparse10,0,22,52,1.7004343981388956,0.80078125,0.66796875,2.3956620693206787,91.49832153320312,,,,1.0,1,0.4191429370548576
block_hard_task_refit,random_sparse10,0,23,53,1.7193940139841288,0.80859375,0.66015625,2.3343491554260254,98.1091537475586,,,,1.0,1,0.43810244207270443
block_hard_task_refit,random_sparse10,0,24,54,1.738524153130129,0.8046875,0.66015625,2.624748468399048,98.1091537475586,,,,1.0,1,0.45723279495723546
block_hard_task_refit,random_sparse10,0,25,55,1.7573649210389704,0.82421875,0.61328125,2.2651753425598145,77.81560516357422,,,,1.0,1,0.4760735360905528
block_hard_task_refit,random_sparse10,0,26,56,1.7763721810188144,0.82421875,0.6171875,2.0233404636383057,83.2654037475586,,,,1.0,1,0.4950807469431311
block_hard_task_refit,random_sparse10,0,27,57,1.7953502400778234,0.8203125,0.66015625,2.0083932876586914,98.1091537475586,,,,1.0,1,0.5140589161310345
block_hard_task_refit,random_sparse10,0,28,58,1.8143092091195285,0.82421875,0.65234375,1.8440052270889282,92.25519561767578,,,,1.0,1,0.5330177519936115
block_hard_task_refit,random_sparse10,0,29,59,1.8332409509457648,0.83203125,0.6640625,1.813805103302002,90.71435546875,,,,1.0,1,0.551949457032606
block_hard_task_refit,random_sparse10,0,30,60,1.8519887579604983,0.7890625,0.64453125,2.2037343978881836,74.29998016357422,,,,1.0,1,0.570697280112654
block_hard_task_refit,random_sparse10,0,1,61,2.5918884889688343,0.515625,0.4765625,24.407817840576172,144.20831298828125,,,,1.0,2,0.01955313002690673
block_hard_task_refit,random_sparse10,0,2,62,2.6109462031163275,0.54296875,0.4921875,17.878381729125977,105.54185485839844,,,,1.0,2,0.038611168041825294
block_hard_task_refit,random_sparse10,0,3,63,2.6297625040169805,0.5625,0.51953125,14.200872421264648,104.00373077392578,,,,1.0,2,0.05742711713537574
block_hard_task_refit,random_sparse10,0,4,64,2.64894701493904,0.578125,0.55859375,12.78266716003418,101.28559112548828,,,,1.0,2,0.07661173306405544
block_hard_task_refit,random_sparse10,0,5,65,2.667670065071434,0.6171875,0.55859375,9.93475341796875,101.28559112548828,,,,1.0,2,0.09533463302068412
block_hard_task_refit,random_sparse10,0,6,66,2.6864316719584167,0.63671875,0.5625,8.581149101257324,100.48538970947266,,,,1.0,2,0.11409666109830141
block_hard_task_refit,random_sparse10,0,7,67,2.705328666139394,0.63671875,0.546875,8.235215187072754,101.27206420898438,,,,1.0,2,0.13299322314560413
block_hard_task_refit,random_sparse10,0,8,68,2.7240231330506504,0.6796875,0.56640625,7.09986686706543,101.64102172851562,,,,1.0,2,0.15168769820593297
block_hard_task_refit,random_sparse10,0,9,69,2.7432407981250435,0.671875,0.53515625,6.173573017120361,117.65123748779297,,,,1.0,2,0.17090545105747879
block_hard_task_refit,random_sparse10,0,10,70,2.7625295559410006,0.69921875,0.55078125,5.536913871765137,102.43582153320312,,,,1.0,2,0.1901941930409521
block_hard_task_refit,random_sparse10,0,11,71,2.781564516015351,0.7109375,0.55078125,5.417088508605957,102.43582153320312,,,,1.0,2,0.20922911609522998
block_hard_task_refit,random_sparse10,0,12,72,2.800250058993697,0.73046875,0.55078125,4.5521159172058105,102.43582153320312,,,,1.0,2,0.22791467513889074
block_hard_task_refit,random_sparse10,0,13,73,2.8189884880557656,0.73828125,0.546875,4.38944149017334,102.4358139038086,,,,1.0,2,0.24665310722775757
block_hard_task_refit,random_sparse10,0,14,74,2.837889403104782,0.71875,0.54296875,4.231091022491455,115.72248077392578,,,,1.0,2,0.26555399410426617
block_hard_task_refit,random_sparse10,0,15,75,2.8569381861016154,0.69921875,0.55859375,5.54106330871582,148.49978637695312,,,,1.0,2,0.28460282110609114
block_hard_task_refit,random_sparse10,0,16,76,2.876031741965562,0.7578125,0.5625,4.046932697296143,119.98957824707031,,,,1.0,2,0.3036963362246752
block_hard_task_refit,random_sparse10,0,17,77,2.894968939013779,0.7734375,0.55859375,3.20590877532959,148.49978637695312,,,,1.0,2,0.3226334920618683
block_hard_task_refit,random_sparse10,0,18,78,2.9141092591453344,0.75,0.55859375,3.605254650115967,148.49978637695312,,,,1.0,2,0.34177384711802006
block_hard_task_refit,random_sparse10,0,19,79,2.932828204939142,0.7890625,0.55859375,2.9820117950439453,158.64247131347656,,,,1.0,2,0.36049286904744804
block_hard_task_refit,random_sparse10,0,20,80,2.95221279701218,0.80078125,0.55859375,2.629481792449951,158.64247131347656,,,,1.0,2,0.3798773779999465
block_hard_task_refit,random_sparse10,0,21,81,2.971318205120042,0.78515625,0.55859375,2.543964385986328,158.64247131347656,,,,1.0,2,0.3989829190541059
block_hard_task_refit,random_sparse10,0,22,82,2.990647063124925,0.796875,0.54296875,2.540827512741089,172.69415283203125,,,,1.0,2,0.4183117700740695
block_hard_task_refit,random_sparse10,0,23,83,3.0096868260297924,0.78125,0.54296875,2.654327869415283,172.69415283203125,,,,1.0,2,0.43735151016153395
block_hard_task_refit,random_sparse10,0,24,84,3.0284141830634326,0.7421875,0.5390625,3.1646554470062256,157.07997131347656,,,,1.0,2,0.45607879222370684
block_hard_task_refit,random_sparse10,0,25,85,3.0473796010483056,0.7734375,0.5390625,2.148181915283203,157.07997131347656,,,,1.0,2,0.47504425910301507
block_hard_task_refit,random_sparse10,0,26,86,3.066438829060644,0.7890625,0.5390625,2.345433235168457,157.07997131347656,,,,1.0,2,0.49410354904830456
block_hard_task_refit,random_sparse10,0,27,87,3.0855027639772743,0.79296875,0.5390625,2.4012649059295654,157.07997131347656,,,,1.0,2,0.5131673621945083
block_hard_task_refit,random_sparse10,0,28,88,3.1045973231084645,0.80078125,0.5390625,2.0275027751922607,162.15811157226562,,,,1.0,2,0.5322619841899723
block_hard_task_refit,random_sparse10,0,29,89,3.123564135050401,0.78515625,0.5390625,1.8812212944030762,162.15811157226562,,,,1.0,2,0.5512288501486182
block_hard_task_refit,random_sparse10,0,30,90,3.1424158280715346,0.78515625,0.5390625,1.7898322343826294,162.15811157226562,,,,1.0,2,0.5700804640073329
block_hard_task_refit,random_sparse10,0,1,91,3.8791935010813177,0.4453125,0.4375,31.494979858398438,159.0547637939453,,,,1.0,3,0.019406896084547043
block_hard_task_refit,random_sparse10,0,2,92,3.898176894057542,0.5,0.43359375,29.818052291870117,156.3258056640625,,,,1.0,3,0.038390289060771465
block_hard_task_refit,random_sparse10,0,3,93,3.9172011699993163,0.4765625,0.4296875,24.806808471679688,176.6464385986328,,,,1.0,3,0.05741437408141792
block_hard_task_refit,random_sparse10,0,4,94,3.9363623871468008,0.4921875,0.42578125,23.561254501342773,147.7401885986328,,,,1.0,3,0.07657565316185355
block_hard_task_refit,random_sparse10,0,5,95,3.9548875000327826,0.5078125,0.4296875,19.78951072692871,147.75914001464844,,,,1.0,3,0.09510068316012621
block_hard_task_refit,random_sparse10,0,6,96,3.9736683040391654,0.5234375,0.41796875,17.641706466674805,152.43310546875,,,,1.0,3,0.11388180800713599
block_hard_task_refit,random_sparse10,0,7,97,3.992759227985516,0.53125,0.44921875,15.093253135681152,130.96498107910156,,,,1.0,3,0.13297263509593904
block_hard_task_refit,random_sparse10,0,8,98,4.0118467879947275,0.55859375,0.47265625,12.92672348022461,149.68789672851562,,,,1.0,3,0.15206046402454376
block_hard_task_refit,random_sparse10,0,9,99,4.031063016969711,0.59375,0.484375,11.717608451843262,114.93852996826172,,,,1.0,3,0.1712764031253755
block_hard_task_refit,random_sparse10,0,10,100,4.0499530921224505,0.59765625,0.47265625,9.166483879089355,125.11102294921875,,,,1.0,3,0.19016645313240588
block_hard_task_refit,random_sparse10,0,11,101,4.068686001934111,0.625,0.47265625,8.157804489135742,125.11102294921875,,,,1.0,3,0.20889925304800272
block_hard_task_refit,random_sparse10,0,12,102,4.08732956298627,0.6484375,0.5078125,7.349764823913574,107.90186309814453,,,,1.0,3,0.22754269116558135
block_hard_task_refit,random_sparse10,0,13,103,4.105897647095844,0.6484375,0.5078125,6.5968427658081055,107.90186309814453,,,,1.0,3,0.24611085513606668
block_hard_task_refit,random_sparse10,0,14,104,4.124749840935692,0.65234375,0.44921875,5.936077117919922,144.60977172851562,,,,1.0,3,0.2649631251115352
block_hard_task_refit,random_sparse10,0,15,105,4.143857592949644,0.64453125,0.4609375,5.510939121246338,162.95831298828125,,,,1.0,3,0.2840708331204951
block_hard_task_refit,random_sparse10,0,16,106,4.162737212143838,0.66796875,0.4609375,5.090847969055176,162.95831298828125,,,,1.0,3,0.30295045021921396
block_hard_task_refit,random_sparse10,0,17,107,4.181910278042778,0.6875,0.4609375,4.768922328948975,162.95831298828125,,,,1.0,3,0.32212359621189535
block_hard_task_refit,random_sparse10,0,18,108,4.20090816100128,0.6875,0.4609375,4.2089524269104,162.95831298828125,,,,1.0,3,0.34112143120728433
block_hard_task_refit,random_sparse10,0,19,109,4.219994038110599,0.6875,0.4609375,3.9943058490753174,162.95831298828125,,,,1.0,3,0.3602072901558131
block_hard_task_refit,random_sparse10,0,20,110,4.2389227349776775,0.6953125,0.4609375,3.7941670417785645,162.95831298828125,,,,1.0,3,0.3791359141469002
block_hard_task_refit,random_sparse10,0,21,111,4.25783761497587,0.69921875,0.46875,3.7176120281219482,188.3191680908203,,,,1.0,3,0.3980508220847696
block_hard_task_refit,random_sparse10,0,22,112,4.276359067996964,0.70703125,0.46875,3.5013856887817383,239.4693603515625,,,,1.0,3,0.4165722781326622
block_hard_task_refit,random_sparse10,0,23,113,4.295069130137563,0.70703125,0.46875,3.6356618404388428,239.4693603515625,,,,1.0,3,0.4352823381777853
block_hard_task_refit,random_sparse10,0,24,114,4.313633518991992,0.69921875,0.46875,3.1223602294921875,239.4693603515625,,,,1.0,3,0.45384671608917415
block_hard_task_refit,random_sparse10,0,25,115,4.332437683129683,0.71875,0.47265625,2.9916329383850098,217.59434509277344,,,,1.0,3,0.4726509181782603
block_hard_task_refit,random_sparse10,0,26,116,4.351137439021841,0.6796875,0.47265625,3.966954231262207,217.59434509277344,,,,1.0,3,0.4913506421726197
block_hard_task_refit,random_sparse10,0,27,117,4.369882435072213,0.71875,0.47265625,2.915130615234375,217.59434509277344,,,,1.0,3,0.510095875011757
block_hard_task_refit,random_sparse10,0,28,118,4.388958205934614,0.70703125,0.47265625,2.7696657180786133,217.59434509277344,,,,1.0,3,0.5291714211925864
block_hard_task_refit,random_sparse10,0,29,119,4.407804040005431,0.72265625,0.47265625,2.657543897628784,217.59434509277344,,,,1.0,3,0.5480172701645643
block_hard_task_refit,random_sparse10,0,30,120,4.426443081116304,0.69921875,0.47265625,2.45888090133667,217.59434509277344,,,,1.0,3,0.5666563401464373
