method,dataset,seed,epoch,global_epoch,elapsed_time,soft_acc,discrete_acc,soft_loss,discrete_loss,native_acc,native_loss,selection_confidence,tau,block,block_elapsed_time
dlgn,digits,0,1,1,1.3119721920229495,0.10444444444444445,0.08888888888888889,15.336231553819445,383.62055555555554,0.10444444444444445,15.336231553819445,0.2488284856081009,1.0,,
dlgn,digits,0,2,2,1.3870103710796684,0.1,0.051111111111111114,5.771027018229167,352.0542013888889,0.1,5.771027018229167,0.2489413022994995,1.0,,
dlgn,digits,0,3,3,1.4615468501579016,0.11333333333333333,0.09555555555555556,2.9855002170138887,446.8172916666667,0.11333333333333333,2.9855002170138887,0.24951274693012238,1.0,,
dlgn,digits,0,4,4,1.54506174614653,0.3111111111111111,0.08444444444444445,2.028273654513889,437.07493055555557,0.3111111111111111,2.028273654513889,0.25033265352249146,1.0,,
dlgn,digits,0,5,5,1.6319119380787015,0.40444444444444444,0.10666666666666667,1.7115117730034721,354.47309027777777,0.40444444444444444,1.7115117730034721,0.25142765045166016,1.0,,
dlgn,digits,0,6,6,1.7538309851661325,0.58,0.12222222222222222,1.4674199761284723,358.87041666666664,0.58,1.4674199761284723,0.2528713345527649,1.0,,
dlgn,digits,0,7,7,1.846431912155822,0.56,0.18666666666666668,1.31203125,330.42625,0.56,1.31203125,0.254630446434021,1.0,,
dlgn,digits,0,8,8,1.940604617120698,0.7111111111111111,0.19333333333333333,1.0812064615885417,321.98534722222223,0.7111111111111111,1.0812064615885417,0.2565465271472931,1.0,,
dlgn,digits,0,9,9,2.0154476230964065,0.6777777777777778,0.18444444444444444,1.1044667561848958,299.2945486111111,0.6777777777777778,1.1044667561848958,0.25858768820762634,1.0,,
dlgn,digits,0,10,10,2.1065547231119126,0.7466666666666667,0.20666666666666667,0.8643838161892361,268.0115451388889,0.7466666666666667,0.8643838161892361,0.26064443588256836,1.0,,
dlgn,digits,0,11,11,2.2039051330648363,0.7822222222222223,0.24,0.7385188802083333,280.40581597222223,0.7822222222222223,0.7385188802083333,0.26253944635391235,1.0,,
dlgn,digits,0,12,12,2.2931042150594294,0.7977777777777778,0.27555555555555555,0.6556317816840278,250.4390798611111,0.7977777777777778,0.6556317816840278,0.2643158733844757,1.0,,
dlgn,digits,0,13,13,2.3934387520421296,0.8355555555555556,0.29777777777777775,0.54957275390625,219.7496701388889,0.8355555555555556,0.54957275390625,0.26582425832748413,1.0,,
dlgn,digits,0,14,14,2.488008133135736,0.8777777777777778,0.2822222222222222,0.4795882839626736,218.66413194444445,0.8777777777777778,0.4795882839626736,0.26716476678848267,1.0,,
dlgn,digits,0,15,15,2.5905320700258017,0.8822222222222222,0.29777777777777775,0.4756507025824653,229.12560763888888,0.8822222222222222,0.4756507025824653,0.2683742642402649,1.0,,
dlgn,digits,0,16,16,2.7020486700348556,0.8933333333333333,0.28888888888888886,0.4405333116319444,224.68159722222222,0.8933333333333333,0.4405333116319444,0.2695673108100891,1.0,,
dlgn,digits,0,17,17,2.7973879871424288,0.8977777777777778,0.2822222222222222,0.4229681396484375,230.20336805555556,0.8977777777777778,0.4229681396484375,0.2707063853740692,1.0,,
dlgn,digits,0,18,18,2.906835745088756,0.8755555555555555,0.29555555555555557,0.4133406236436632,227.54515625,0.8755555555555555,0.4133406236436632,0.271831214427948,1.0,,
dlgn,digits,0,19,19,2.9953773410525173,0.8933333333333333,0.30444444444444446,0.37413713243272567,228.4109375,0.8933333333333333,0.37413713243272567,0.2729410231113434,1.0,,
dlgn,digits,0,20,20,3.085553801152855,0.8888888888888888,0.3022222222222222,0.38476158989800346,229.5393923611111,0.8888888888888888,0.38476158989800346,0.2740720510482788,1.0,,
dlgn,digits,0,21,21,3.177254195092246,0.8977777777777778,0.29333333333333333,0.3552005343967014,236.1886111111111,0.8977777777777778,0.3552005343967014,0.27510544657707214,1.0,,
dlgn,digits,0,22,22,3.2671936890110373,0.8977777777777778,0.27111111111111114,0.3591355387369792,234.2221875,0.8977777777777778,0.3591355387369792,0.2760810852050781,1.0,,
dlgn,digits,0,23,23,3.3584931921213865,0.9088888888888889,0.31777777777777777,0.32457695855034724,205.3603298611111,0.9088888888888889,0.32457695855034724,0.2771083116531372,1.0,,
dlgn,digits,0,24,24,3.4491267341654748,0.8866666666666667,0.36666666666666664,0.37668416341145833,185.3584375,0.8866666666666667,0.37668416341145833,0.27810168266296387,1.0,,
dlgn,digits,0,25,25,3.5634952920954674,0.8888888888888888,0.36,0.35485361735026044,190.68052083333333,0.8888888888888888,0.35485361735026044,0.27906954288482666,1.0,,
dlgn,digits,0,26,26,3.650772943161428,0.9,0.3622222222222222,0.32381720648871526,200.02069444444444,0.9,0.32381720648871526,0.2799724340438843,1.0,,
dlgn,digits,0,27,27,3.7467156630009413,0.9177777777777778,0.38666666666666666,0.30334781222873264,185.56493055555555,0.9177777777777778,0.30334781222873264,0.28086400032043457,1.0,,
dlgn,digits,0,28,28,3.8516400430817157,0.9111111111111111,0.31333333333333335,0.30775916205512155,247.9789236111111,0.9111111111111111,0.30775916205512155,0.28176331520080566,1.0,,
dlgn,digits,0,29,29,3.9450881630182266,0.9066666666666666,0.35333333333333333,0.3111504109700521,223.98385416666667,0.9066666666666666,0.3111504109700521,0.28267180919647217,1.0,,
dlgn,digits,0,30,30,4.038126187166199,0.9133333333333333,0.35333333333333333,0.2981298149956597,225.30434027777778,0.9133333333333333,0.2981298149956597,0.2835428714752197,1.0,,
dlgn,digits,0,31,31,4.133095765020698,0.9111111111111111,0.35555555555555557,0.30411471896701386,220.63769097222223,0.9111111111111111,0.30411471896701386,0.28445369005203247,1.0,,
dlgn,digits,0,32,32,4.239176020026207,0.9088888888888889,0.3422222222222222,0.2885171847873264,217.97421875,0.9088888888888889,0.2885171847873264,0.2852691113948822,1.0,,
dlgn,digits,0,33,33,4.340757572092116,0.9222222222222223,0.32,0.2936735026041667,220.20515625,0.9222222222222223,0.2936735026041667,0.28612077236175537,1.0,,
dlgn,digits,0,34,34,4.434826381038874,0.9155555555555556,0.33111111111111113,0.2831683858235677,214.66222222222223,0.9155555555555556,0.2831683858235677,0.2869696319103241,1.0,,
dlgn,digits,0,35,35,4.524931934196502,0.9111111111111111,0.3422222222222222,0.27989546034071183,217.73711805555556,0.9111111111111111,0.27989546034071183,0.2878575026988983,1.0,,
dlgn,digits,0,36,36,4.616244116099551,0.92,0.3466666666666667,0.27789974636501735,205.08354166666666,0.92,0.27789974636501735,0.28871840238571167,1.0,,
dlgn,digits,0,37,37,4.706440192181617,0.9044444444444445,0.3422222222222222,0.3099789089626736,209.09663194444445,0.9044444444444445,0.3099789089626736,0.2896181344985962,1.0,,
dlgn,digits,0,38,38,4.800066111143678,0.9177777777777778,0.36444444444444446,0.2811388481987847,223.31114583333334,0.9177777777777778,0.2811388481987847,0.29046690464019775,1.0,,
dlgn,digits,0,39,39,4.894926154054701,0.9155555555555556,0.3711111111111111,0.28314705742730034,235.54118055555554,0.9155555555555556,0.28314705742730034,0.29128497838974,1.0,,
dlgn,digits,0,40,40,4.995795073220506,0.9222222222222223,0.3844444444444444,0.2683902316623264,218.21142361111112,0.9222222222222223,0.2683902316623264,0.29211676120758057,1.0,,
dlgn,digits,0,41,41,5.074853637022898,0.9222222222222223,0.3844444444444444,0.2759830729166667,215.7625,0.9222222222222223,0.2759830729166667,0.292954683303833,1.0,,
dlgn,digits,0,42,42,5.150117743061855,0.9177777777777778,0.3844444444444444,0.2874875217013889,215.97302083333332,0.9177777777777778,0.2874875217013889,0.2936779260635376,1.0,,
dlgn,digits,0,43,43,5.224071223055944,0.9111111111111111,0.3688888888888889,0.2967111545138889,214.6123611111111,0.9111111111111111,0.2967111545138889,0.29440852999687195,1.0,,
dlgn,digits,0,44,44,5.296644123038277,0.9222222222222223,0.36666666666666664,0.279393547905816,219.06633680555555,0.9222222222222223,0.279393547905816,0.29506757855415344,1.0,,
dlgn,digits,0,45,45,5.370381053071469,0.9222222222222223,0.32666666666666666,0.29288160536024305,232.18600694444444,0.9222222222222223,0.29288160536024305,0.29578521847724915,1.0,,
dlgn,digits,0,46,46,5.464538905071095,0.9177777777777778,0.34444444444444444,0.284882575141059,233.30234375,0.9177777777777778,0.284882575141059,0.2964728772640228,1.0,,
dlgn,digits,0,47,47,5.555115685099736,0.9177777777777778,0.3288888888888889,0.28051634046766494,239.75815972222222,0.9177777777777778,0.28051634046766494,0.2973496615886688,1.0,,
dlgn,digits,0,48,48,5.650397162185982,0.9177777777777778,0.36,0.2968414645724826,219.77057291666668,0.9177777777777778,0.2968414645724826,0.2982030510902405,1.0,,
dlgn,digits,0,49,49,5.752152949105948,0.9177777777777778,0.3488888888888889,0.28959228515625,225.09043402777777,0.9177777777777778,0.28959228515625,0.298886775970459,1.0,,
dlgn,digits,0,50,50,5.851238222094253,0.9266666666666666,0.3422222222222222,0.28215335422092014,227.76109375,0.9266666666666666,0.28215335422092014,0.29952573776245117,1.0,,
dlgn,digits,0,51,51,5.942140449071303,0.9266666666666666,0.31777777777777777,0.2897260199652778,221.08993055555555,0.9266666666666666,0.2897260199652778,0.30007678270339966,1.0,,
dlgn,digits,0,52,52,6.034016614081338,0.92,0.3422222222222222,0.2762380133734809,208.2340451388889,0.92,0.2762380133734809,0.30061662197113037,1.0,,
dlgn,digits,0,53,53,6.126936531160027,0.9177777777777778,0.34,0.28183932834201386,210.44074652777778,0.9177777777777778,0.28183932834201386,0.3012141287326813,1.0,,
dlgn,digits,0,54,54,6.220026761060581,0.9111111111111111,0.31777777777777777,0.3193073187934028,220.2150347222222,0.9111111111111111,0.3193073187934028,0.30179381370544434,1.0,,
dlgn,digits,0,55,55,6.310966764111072,0.9222222222222223,0.31777777777777777,0.2890498860677083,216.43434027777778,0.9222222222222223,0.2890498860677083,0.30236756801605225,1.0,,
dlgn,digits,0,56,56,6.399631358217448,0.9266666666666666,0.32222222222222224,0.2946902126736111,215.11371527777777,0.9266666666666666,0.2946902126736111,0.30298519134521484,1.0,,
dlgn,digits,0,57,57,6.490664368029684,0.9288888888888889,0.3488888888888889,0.3013825480143229,217.9934722222222,0.9288888888888889,0.3013825480143229,0.3036292791366577,1.0,,
dlgn,digits,0,58,58,6.586203527171165,0.9244444444444444,0.34,0.28592003716362846,214.86850694444445,0.9244444444444444,0.28592003716362846,0.3042370080947876,1.0,,
dlgn,digits,0,59,59,6.684632261050865,0.9244444444444444,0.3488888888888889,0.32204172770182293,217.99284722222222,0.9244444444444444,0.32204172770182293,0.30487900972366333,1.0,,
dlgn,digits,0,60,60,6.7755104850512,0.92,0.33555555555555555,0.3010720486111111,221.77434027777778,0.92,0.3010720486111111,0.3054642677307129,1.0,,
dlgn,digits,0,61,61,6.878462654072791,0.9155555555555556,0.33555555555555555,0.29361551920572915,214.00347222222223,0.9155555555555556,0.29361551920572915,0.30605533719062805,1.0,,
dlgn,digits,0,62,62,6.982073696097359,0.9155555555555556,0.33111111111111113,0.3054814995659722,209.56211805555554,0.9155555555555556,0.3054814995659722,0.30659663677215576,1.0,,
dlgn,digits,0,63,63,7.081296754069626,0.9222222222222223,0.3333333333333333,0.2975282457139757,205.56055555555557,0.9222222222222223,0.2975282457139757,0.30710381269454956,1.0,,
dlgn,digits,0,64,64,7.1759128090925515,0.9222222222222223,0.3377777777777778,0.3083505588107639,210.67760416666667,0.9222222222222223,0.3083505588107639,0.3076193332672119,1.0,,
dlgn,digits,0,65,65,7.273620606167242,0.9355555555555556,0.3422222222222222,0.301938239203559,204.67590277777776,0.9355555555555556,0.301938239203559,0.30816227197647095,1.0,,
dlgn,digits,0,66,66,7.365337105002254,0.9244444444444444,0.33111111111111113,0.30219794379340276,213.9907638888889,0.9244444444444444,0.30219794379340276,0.3087000846862793,1.0,,
dlgn,digits,0,67,67,7.472857496002689,0.92,0.33111111111111113,0.30941636827256946,208.89494791666667,0.92,0.30941636827256946,0.3092678189277649,1.0,,
dlgn,digits,0,68,68,7.56407091813162,0.9377777777777778,0.33555555555555555,0.3131772189670139,202.6730902777778,0.9377777777777778,0.3131772189670139,0.30983832478523254,1.0,,
dlgn,digits,0,69,69,7.664486736059189,0.92,0.33555555555555555,0.3087429470486111,192.22555555555556,0.92,0.3087429470486111,0.31039702892303467,1.0,,
dlgn,digits,0,70,70,7.752770472085103,0.92,0.3377777777777778,0.33271721733940973,194.8906597222222,0.92,0.33271721733940973,0.311005175113678,1.0,,
dlgn,digits,0,71,71,7.8435316442046314,0.9222222222222223,0.3488888888888889,0.33250535753038196,176.44378472222223,0.9222222222222223,0.33250535753038196,0.31158846616744995,1.0,,
dlgn,digits,0,72,72,7.933988474076614,0.9266666666666666,0.37333333333333335,0.3170572916666667,167.7553125,0.9266666666666666,0.3170572916666667,0.3121674656867981,1.0,,
dlgn,digits,0,73,73,8.025668064132333,0.9266666666666666,0.37555555555555553,0.3153847927517361,175.54361111111112,0.9266666666666666,0.3153847927517361,0.3127809464931488,1.0,,
dlgn,digits,0,74,74,8.118912752019241,0.9133333333333333,0.37555555555555553,0.3679826524522569,174.6794965277778,0.9133333333333333,0.3679826524522569,0.31341439485549927,1.0,,
dlgn,digits,0,75,75,8.213782412,0.9266666666666666,0.38,0.3269849310980903,171.3473263888889,0.9266666666666666,0.3269849310980903,0.3140120804309845,1.0,,
dlgn,digits,0,76,76,8.322935787029564,0.92,0.38,0.33721333821614585,165.34921875,0.92,0.33721333821614585,0.3145873546600342,1.0,,
dlgn,digits,0,77,77,8.421370049007237,0.9288888888888889,0.38,0.32799075656467014,165.1276388888889,0.9288888888888889,0.32799075656467014,0.31508326530456543,1.0,,
dlgn,digits,0,78,78,8.513521907152608,0.9177777777777778,0.38,0.33581325954861113,165.1276388888889,0.9177777777777778,0.33581325954861113,0.31564047932624817,1.0,,
dlgn,digits,0,79,79,8.611393227009103,0.9155555555555556,0.3844444444444444,0.3549578518337674,166.2393923611111,0.9155555555555556,0.3549578518337674,0.3162207007408142,1.0,,
dlgn,digits,0,80,80,8.706114059081301,0.9222222222222223,0.38222222222222224,0.34096004909939237,166.46777777777777,0.9222222222222223,0.34096004909939237,0.31677690148353577,1.0,,
dlgn,digits,0,81,81,8.794668367132545,0.9311111111111111,0.38,0.332593994140625,166.48267361111112,0.9311111111111111,0.332593994140625,0.3172665238380432,1.0,,
dlgn,digits,0,82,82,8.88679238804616,0.92,0.38222222222222224,0.35096428765190973,166.03208333333333,0.92,0.35096428765190973,0.3178356885910034,1.0,,
dlgn,digits,0,83,83,8.981382701080292,0.9133333333333333,0.38,0.35667310926649304,168.9253125,0.9133333333333333,0.35667310926649304,0.31837892532348633,1.0,,
dlgn,digits,0,84,84,9.076959030004218,0.92,0.3844444444444444,0.3524824015299479,159.14411458333333,0.92,0.3524824015299479,0.3189094066619873,1.0,,
dlgn,digits,0,85,85,9.169808640144765,0.9133333333333333,0.37777777777777777,0.3766543240017361,168.26291666666665,0.9133333333333333,0.3766543240017361,0.3194201588630676,1.0,,
dlgn,digits,0,86,86,9.263328198110685,0.92,0.38222222222222224,0.34936604817708333,158.92586805555555,0.92,0.34936604817708333,0.31984028220176697,1.0,,
dlgn,digits,0,87,87,9.355527451029047,0.9222222222222223,0.38222222222222224,0.3678860134548611,160.69197916666667,0.9222222222222223,0.3678860134548611,0.320334792137146,1.0,,
dlgn,digits,0,88,88,9.449677479220554,0.9222222222222223,0.37777777777777777,0.3634999593098958,170.02902777777777,0.9222222222222223,0.3634999593098958,0.3208128809928894,1.0,,
dlgn,digits,0,89,89,9.543922930024564,0.92,0.36666666666666664,0.3636856757269965,160.9165277777778,0.92,0.3636856757269965,0.321285605430603,1.0,,
dlgn,digits,0,90,90,9.644628065172583,0.9155555555555556,0.3622222222222222,0.3854809231228299,173.57871527777777,0.9155555555555556,0.3854809231228299,0.3217833340167999,1.0,,
dlgn,digits,0,91,91,9.739907543174922,0.9244444444444444,0.36444444444444446,0.359842529296875,169.78012152777777,0.9244444444444444,0.359842529296875,0.3222576379776001,1.0,,
dlgn,digits,0,92,92,9.836992737138644,0.9222222222222223,0.3711111111111111,0.3730655246310764,175.34668402777777,0.9222222222222223,0.3730655246310764,0.32266315817832947,1.0,,
dlgn,digits,0,93,93,9.940442993072793,0.9288888888888889,0.36444444444444446,0.3704259575737847,169.5659375,0.9288888888888889,0.3704259575737847,0.32313939929008484,1.0,,
dlgn,digits,0,94,94,10.045154452091083,0.9155555555555556,0.36,0.37440582275390627,174.45291666666665,0.9155555555555556,0.37440582275390627,0.32361775636672974,1.0,,
dlgn,digits,0,95,95,10.141786779044196,0.9133333333333333,0.38222222222222224,0.4115591769748264,166.2279861111111,0.9133333333333333,0.4115591769748264,0.3241306245326996,1.0,,
dlgn,digits,0,96,96,10.228150313021615,0.9177777777777778,0.37777777777777777,0.39533213297526043,159.54758680555557,0.9177777777777778,0.39533213297526043,0.3246844410896301,1.0,,
dlgn,digits,0,97,97,10.30823302315548,0.9266666666666666,0.38,0.37703426784939237,156.4340625,0.9266666666666666,0.37703426784939237,0.32513755559921265,1.0,,
dlgn,digits,0,98,98,10.40197949600406,0.9177777777777778,0.37777777777777777,0.3813165283203125,165.76510416666667,0.9177777777777778,0.3813165283203125,0.32562315464019775,1.0,,
dlgn,digits,0,99,99,10.496673977002501,0.9177777777777778,0.3688888888888889,0.40017310248480903,163.53258680555555,0.9177777777777778,0.40017310248480903,0.32607826590538025,1.0,,
dlgn,digits,0,100,100,10.599369819043204,0.9133333333333333,0.36666666666666664,0.39345838758680557,166.42930555555554,0.9133333333333333,0.39345838758680557,0.3264690041542053,1.0,,
dlgn,digits,0,101,101,10.693543049041182,0.92,0.36666666666666664,0.39816443549262154,173.30642361111111,0.92,0.39816443549262154,0.32679224014282227,1.0,,
dlgn,digits,0,102,102,10.78562920121476,0.9177777777777778,0.36666666666666664,0.393651360405816,173.30642361111111,0.9177777777777778,0.393651360405816,0.3271520137786865,1.0,,
dlgn,digits,0,103,103,10.879593843128532,0.92,0.37777777777777777,0.3928396267361111,172.41366319444444,0.92,0.3928396267361111,0.3275434076786041,1.0,,
dlgn,digits,0,104,104,10.978945176117122,0.9222222222222223,0.38,0.38885189480251736,162.86362847222222,0.9222222222222223,0.38885189480251736,0.327923446893692,1.0,,
dlgn,digits,0,105,105,11.082473326008767,0.9177777777777778,0.39111111111111113,0.4035176255967882,167.3137326388889,0.9177777777777778,0.4035176255967882,0.3282695710659027,1.0,,
dlgn,digits,0,106,106,11.196691050194204,0.92,0.38,0.3994571940104167,170.6292013888889,0.92,0.3994571940104167,0.3286132216453552,1.0,,
dlgn,digits,0,107,107,11.302541793091223,0.9222222222222223,0.37777777777777777,0.3974095662434896,167.7345138888889,0.9222222222222223,0.3974095662434896,0.32895034551620483,1.0,,
dlgn,digits,0,108,108,11.398163729114458,0.92,0.36444444444444446,0.40734361436631944,172.6565451388889,0.92,0.40734361436631944,0.3292536735534668,1.0,,
dlgn,digits,0,109,109,11.496890322072431,0.9222222222222223,0.36444444444444446,0.39938245985243054,172.6565451388889,0.9222222222222223,0.39938245985243054,0.3295661211013794,1.0,,
dlgn,digits,0,110,110,11.591016164049506,0.9177777777777778,0.36444444444444446,0.4079053412543403,172.8630902777778,0.9177777777777778,0.4079053412543403,0.3299221992492676,1.0,,
dlgn,digits,0,111,111,11.693506539100781,0.9155555555555556,0.36,0.41798936631944444,174.8840277777778,0.9155555555555556,0.41798936631944444,0.3302260637283325,1.0,,
dlgn,digits,0,112,112,11.791963467141613,0.9177777777777778,0.3622222222222222,0.41082156711154516,173.3128125,0.9177777777777778,0.41082156711154516,0.3305438756942749,1.0,,
dlgn,digits,0,113,113,11.891806555213407,0.9222222222222223,0.3711111111111111,0.4083104790581597,164.6601215277778,0.9222222222222223,0.4083104790581597,0.3308242857456207,1.0,,
dlgn,digits,0,114,114,11.990693719126284,0.9177777777777778,0.36666666666666664,0.4310415988498264,165.54630208333333,0.9177777777777778,0.4310415988498264,0.33112722635269165,1.0,,
dlgn,digits,0,115,115,12.086147317197174,0.92,0.36666666666666664,0.41428826226128473,166.42222222222222,0.92,0.41428826226128473,0.3314374089241028,1.0,,
dlgn,digits,0,116,116,12.186381647130474,0.92,0.3688888888888889,0.41496344672309027,164.19756944444444,0.92,0.41496344672309027,0.331731379032135,1.0,,
dlgn,digits,0,117,117,12.279050782090053,0.9222222222222223,0.3977777777777778,0.4128276909722222,147.98987847222222,0.9222222222222223,0.4128276909722222,0.33200711011886597,1.0,,
dlgn,digits,0,118,118,12.372648849152029,0.9133333333333333,0.3933333333333333,0.4266502549913194,151.32572916666666,0.9133333333333333,0.4266502549913194,0.3323208689689636,1.0,,
dlgn,digits,0,119,119,12.4745459810365,0.9155555555555556,0.42,0.4270785861545139,142.43543402777777,0.9155555555555556,0.4270785861545139,0.33261972665786743,1.0,,
dlgn,digits,0,120,120,12.580231457017362,0.9222222222222223,0.42,0.4181313069661458,142.43543402777777,0.9222222222222223,0.4181313069661458,0.3328985571861267,1.0,,
dlgn_anneal,digits,0,1,1,0.0776328060310334,0.1,0.051111111111111114,5.2920166015625,451.27506944444445,0.1,5.2920166015625,0.24911902844905853,2.0,,
dlgn_anneal,digits,0,2,2,0.18193676602095366,0.10222222222222223,0.07555555555555556,3.0461322699652778,435.04833333333335,0.10222222222222223,3.0461322699652778,0.249145045876503,1.961673089081334,,
dlgn_anneal,digits,0,3,3,0.5432754009962082,0.10222222222222223,0.09111111111111111,2.6203716362847222,409.0727777777778,0.10222222222222223,2.6203716362847222,0.24965208768844604,1.9240806542129518,,
dlgn_anneal,digits,0,4,4,0.6494552160147578,0.1,0.10444444444444445,2.4525165473090276,427.02770833333335,0.1,2.4525165473090276,0.25051605701446533,1.8872086202957776,,
dlgn_anneal,digits,0,5,5,0.760523326927796,0.1511111111111111,0.14666666666666667,2.3228672960069443,353.81159722222225,0.1511111111111111,2.3228672960069443,0.2520909607410431,1.8510431819582702,,
dlgn_anneal,digits,0,6,6,0.8703169759828597,0.1622222222222222,0.1511111111111111,2.2217230902777776,306.251875,0.1622222222222222,2.2217230902777776,0.25441694259643555,1.815570798387511,,
dlgn_anneal,digits,0,7,7,0.9828811909537762,0.42,0.20444444444444446,2.163193630642361,317.60052083333335,0.42,2.163193630642361,0.2577420175075531,1.7807781882593463,,
dlgn_anneal,digits,0,8,8,1.0952220470644534,0.3111111111111111,0.19777777777777777,2.0770298936631946,281.7933506944444,0.3111111111111111,2.0770298936631946,0.26237213611602783,1.7466523247656867,,
dlgn_anneal,digits,0,9,9,1.204389041988179,0.34,0.24444444444444444,1.9509516059027778,282.9104340277778,0.34,1.9509516059027778,0.26810815930366516,1.713180430737099,,
dlgn_anneal,digits,0,10,10,1.3177540830802172,0.4311111111111111,0.24666666666666667,1.6575005425347222,300.4094097222222,0.4311111111111111,1.6575005425347222,0.27520036697387695,1.6803499738588679,,
dlgn_anneal,digits,0,11,11,1.4289532359689474,0.6044444444444445,0.2,1.3602688259548612,249.9892361111111,0.6044444444444445,1.3602688259548612,0.28324180841445923,1.648148661978732,,
dlgn_anneal,digits,0,12,12,1.5369252969976515,0.7466666666666667,0.20666666666666667,0.9857561577690972,267.5529861111111,0.7466666666666667,0.9857561577690972,0.29163801670074463,1.6165644385045432,,
dlgn_anneal,digits,0,13,13,1.648056172998622,0.78,0.2222222222222222,0.7412821451822916,247.33628472222222,0.78,0.7412821451822916,0.2992207407951355,1.58558547789012,,
dlgn_anneal,digits,0,14,14,1.7582157289143652,0.8311111111111111,0.31333333333333335,0.5864237467447917,203.99975694444444,0.8311111111111111,0.5864237467447917,0.30550360679626465,1.5552001812076075,,
dlgn_anneal,digits,0,15,15,1.8735976619645953,0.8377777777777777,0.3511111111111111,0.4980824788411458,196.8838888888889,0.8377777777777777,0.4980824788411458,0.3100295662879944,1.5253971718046888,,
dlgn_anneal,digits,0,16,16,1.9816005430184305,0.8666666666666667,0.3888888888888889,0.43962487114800347,176.45430555555555,0.8666666666666667,0.43962487114800347,0.31366193294525146,1.4961652910450172,,
dlgn_anneal,digits,0,17,17,2.091325883055106,0.8911111111111111,0.4,0.3969803534613715,169.10236111111112,0.8911111111111111,0.3969803534613715,0.31643593311309814,1.467493594130276,,
dlgn_anneal,digits,0,18,18,2.2048944449052215,0.8888888888888888,0.35777777777777775,0.3577404446072049,176.2146875,0.8888888888888888,0.3577404446072049,0.3187735378742218,1.439371346002304,,
dlgn_anneal,digits,0,19,19,2.288774742046371,0.9044444444444445,0.3377777777777778,0.3377041965060764,183.3242361111111,0.9044444444444445,0.3377041965060764,0.3207237720489502,1.4117880173237487,,
dlgn_anneal,digits,0,20,20,2.3819367319811136,0.8955555555555555,0.33555555555555555,0.34654825846354165,189.315,0.8955555555555555,0.34654825846354165,0.3226090669631958,1.384733280535745,,
dlgn_anneal,digits,0,21,21,2.469514850061387,0.9022222222222223,0.3288888888888889,0.3265552435980903,196.42572916666666,0.9022222222222223,0.3265552435980903,0.32426589727401733,1.3581970059911423,,
dlgn_anneal,digits,0,22,22,2.5770110921002924,0.8955555555555555,0.3333333333333333,0.31499779595269095,204.65208333333334,0.8955555555555555,0.31499779595269095,0.3257250189781189,1.3321692581618316,,
dlgn_anneal,digits,0,23,23,2.693647481035441,0.9133333333333333,0.32666666666666666,0.2998309326171875,220.2059201388889,0.9133333333333333,0.2998309326171875,0.327269971370697,1.3066402919187547,,
dlgn_anneal,digits,0,24,24,2.800619127927348,0.8866666666666667,0.3244444444444444,0.41614576551649307,220.64241319444446,0.8866666666666667,0.41614576551649307,0.3285815715789795,1.2816005488831999,,
dlgn_anneal,digits,0,25,25,2.9108355580829084,0.8933333333333333,0.32666666666666666,0.3722223578559028,208.21913194444446,0.8933333333333333,0.3722223578559028,0.32975682616233826,1.2570406538480199,,
dlgn_anneal,digits,0,26,26,3.018862934084609,0.9066666666666666,0.32666666666666666,0.3215024820963542,207.34463541666668,0.9066666666666666,0.3215024820963542,0.331061989068985,1.2329514112674327,,
dlgn_anneal,digits,0,27,27,3.126710681943223,0.9244444444444444,0.3466666666666667,0.3317007785373264,204.91072916666667,0.9244444444444444,0.3317007785373264,0.33209341764450073,1.2093238018140875,,
dlgn_anneal,digits,0,28,28,3.2445237529464066,0.9066666666666666,0.35555555555555557,0.35912489149305554,193.34027777777777,0.9066666666666666,0.35912489149305554,0.33307456970214844,1.186148979002112,,
dlgn_anneal,digits,0,29,29,3.3581447910983115,0.9022222222222223,0.36666666666666664,0.3804270765516493,208.6640972222222,0.9022222222222223,0.3804270765516493,0.3340300917625427,1.1634182658748717,,
dlgn_anneal,digits,0,30,30,3.4722488219849765,0.9,0.33111111111111113,0.45455434163411457,222.20142361111112,0.9,0.45455434163411457,0.33497029542922974,1.1411231517562042,,
dlgn_anneal,digits,0,31,31,3.5830256149638444,0.9177777777777778,0.32666666666666666,0.4394079250759549,213.98387152777778,0.9177777777777778,0.4394079250759549,0.33578547835350037,1.1192552890639105,,
dlgn_anneal,digits,0,32,32,3.7018281649798155,0.9022222222222223,0.34,0.4686426120334201,217.9828125,0.9022222222222223,0.4686426120334201,0.3363618850708008,1.0978064901843114,,
dlgn_anneal,digits,0,33,33,3.8108568431343883,0.9288888888888889,0.3488888888888889,0.4355882771809896,214.63677083333334,0.9288888888888889,0.4355882771809896,0.33699506521224976,1.0767687244066977,,
dlgn_anneal,digits,0,34,34,3.9181176610291004,0.9222222222222223,0.36666666666666664,0.44896287706163196,203.32409722222224,0.9222222222222223,0.44896287706163196,0.3376079201698303,1.056134114916527,,
dlgn_anneal,digits,0,35,35,4.031286233104765,0.9266666666666666,0.3711111111111111,0.45468390570746525,213.73234375,0.9266666666666666,0.45468390570746525,0.33825623989105225,1.0358949358462424,,
dlgn_anneal,digits,0,36,36,4.154442413942888,0.9244444444444444,0.3711111111111111,0.4790018378363715,218.86696180555555,0.9244444444444444,0.4790018378363715,0.33897262811660767,1.0160436093826042,,
dlgn_anneal,digits,0,37,37,4.275185314007103,0.92,0.38222222222222224,0.5038115776909722,226.17114583333333,0.92,0.5038115776909722,0.3395688533782959,0.9965727029294608,,
dlgn_anneal,digits,0,38,38,4.3875720631331205,0.92,0.38666666666666666,0.5351636420355903,228.4188888888889,0.92,0.5351636420355903,0.3400326371192932,0.977474926324885,,
dlgn_anneal,digits,0,39,39,4.497516894014552,0.9177777777777778,0.37777777777777777,0.5985416666666666,225.30548611111112,0.9177777777777778,0.5985416666666666,0.34034624695777893,0.9587431291116433,,
dlgn_anneal,digits,0,40,40,4.614052735967562,0.9133333333333333,0.39111111111111113,0.5930695258246528,214.19732638888888,0.9133333333333333,0.5930695258246528,0.34068191051483154,0.9403702978599707,,
dlgn_anneal,digits,0,41,41,4.7290390220005065,0.9111111111111111,0.38,0.6995439995659722,229.30930555555557,0.9111111111111111,0.6995439995659722,0.3411167860031128,0.9223495535416515,,
dlgn_anneal,digits,0,42,42,4.8423952020239085,0.9066666666666666,0.35555555555555557,0.6915311008029514,238.85555555555555,0.9066666666666666,0.6915311008029514,0.34148356318473816,0.9046741489544204,,
dlgn_anneal,digits,0,43,43,4.953251210041344,0.92,0.3688888888888889,0.7243877495659722,211.06708333333333,0.92,0.7243877495659722,0.34232962131500244,0.8873374661957224,,
dlgn_anneal,digits,0,44,44,5.06010036310181,0.9133333333333333,0.36444444444444446,0.8102518717447916,218.6376736111111,0.9133333333333333,0.8102518717447916,0.3429877460002899,0.8703330141848833,,
dlgn_anneal,digits,0,45,45,5.152673717122525,0.92,0.37555555555555553,0.8514865451388889,221.9870486111111,0.92,0.8514865451388889,0.3433280289173126,0.8536544262327642,,
dlgn_anneal,digits,0,46,46,5.25830740807578,0.9288888888888889,0.37777777777777777,0.7965018039279513,215.9816840277778,0.9288888888888889,0.7965018039279513,0.34377023577690125,0.8372954576579903,,
dlgn_anneal,digits,0,47,47,5.37018511001952,0.9111111111111111,0.3888888888888889,0.8501296657986112,205.08302083333334,0.9111111111111111,0.8501296657986112,0.34467291831970215,0.8212499834488596,,
dlgn_anneal,digits,0,48,48,5.477209926117212,0.8955555555555555,0.3377777777777778,1.0870006646050347,223.32835069444445,0.8955555555555555,1.0870006646050347,0.3453502655029297,0.8055119959700594,,
dlgn_anneal,digits,0,49,49,5.583227276103571,0.8888888888888888,0.33555555555555555,1.1745317925347223,222.22430555555556,0.8888888888888888,1.1745317925347223,0.3457072377204895,0.7900756027133288,,
dlgn_anneal,digits,0,50,50,5.693599984049797,0.9088888888888889,0.3088888888888889,1.1370775010850696,225.3062673611111,0.9088888888888889,1.1370775010850696,0.3462979197502136,0.7749350240912263,,
dlgn_anneal,digits,0,51,51,5.8031579540111125,0.8955555555555555,0.3333333333333333,1.2656461588541668,225.29586805555556,0.8955555555555555,1.2656461588541668,0.34685683250427246,0.7600845912731768,,
dlgn_anneal,digits,0,52,52,5.910411820048466,0.9088888888888889,0.33555555555555555,1.2519962565104166,220.88444444444445,0.9088888888888889,1.2519962565104166,0.3473503291606903,0.7455187440629881,,
dlgn_anneal,digits,0,53,53,6.0158914749044925,0.9177777777777778,0.32666666666666666,1.3014759657118056,207.74670138888888,0.9177777777777778,1.3014759657118056,0.3474985659122467,0.7312320288170391,,
dlgn_anneal,digits,0,54,54,6.121689972933382,0.9177777777777778,0.35555555555555557,1.2924644639756944,215.7503298611111,0.9177777777777778,1.2924644639756944,0.3475814461708069,0.717219096402366,,
dlgn_anneal,digits,0,55,55,6.2289729649201035,0.9022222222222223,0.3088888888888889,1.491599392361111,196.42236111111112,0.9022222222222223,1.491599392361111,0.3474900424480438,0.7034747001938764,,
dlgn_anneal,digits,0,56,56,6.332408141111955,0.9066666666666666,0.3244444444444444,1.5831278483072917,187.0456597222222,0.9066666666666666,1.5831278483072917,0.34742021560668945,0.6899936941099433,,
dlgn_anneal,digits,0,57,57,6.438836134970188,0.9066666666666666,0.3,1.7919158257378471,216.65315972222223,0.9066666666666666,1.7919158257378471,0.3483678996562958,0.6767710306856468,,
dlgn_anneal,digits,0,58,58,6.545736961066723,0.9111111111111111,0.3088888888888889,1.9111659071180556,190.6443402777778,0.9111111111111111,1.9111659071180556,0.3490453362464905,0.6638017591829355,,
dlgn_anneal,digits,0,59,59,6.654486041981727,0.9155555555555556,0.32666666666666666,1.9116834852430555,184.63442708333332,0.9155555555555556,1.9116834852430555,0.3495476245880127,0.6510810237370065,,
dlgn_anneal,digits,0,60,60,6.7619268980342895,0.9111111111111111,0.3466666666666667,2.1229207356770834,162.89465277777776,0.9111111111111111,2.1229207356770834,0.3497134745121002,0.6386040615382055,,
dlgn_anneal,digits,0,61,61,6.867855438962579,0.9133333333333333,0.27111111111111114,2.0489012315538195,213.97472222222223,0.9133333333333333,2.0489012315538195,0.35033977031707764,0.626366201048769,,
dlgn_anneal,digits,0,62,62,6.9832277139648795,0.8911111111111111,0.26666666666666666,2.7040448676215276,176.0223263888889,0.8911111111111111,2.7040448676215276,0.3503413796424866,0.6143628602537393,,
dlgn_anneal,digits,0,63,63,7.096284921048209,0.9022222222222223,0.3022222222222222,2.428913845486111,160.49128472222222,0.9022222222222223,2.428913845486111,0.3506730794906616,0.6025895449453983,,
dlgn_anneal,digits,0,64,64,7.210074338130653,0.9177777777777778,0.3244444444444444,2.5332535807291667,170.62354166666665,0.9177777777777778,2.5332535807291667,0.3505861163139343,0.5910418470405774,,
dlgn_anneal,digits,0,65,65,7.337117604911327,0.92,0.35777777777777775,2.480452202690972,168.84694444444443,0.92,2.480452202690972,0.3508854806423187,0.5797154429302135,,
dlgn_anneal,digits,0,66,66,7.4639813979156315,0.8955555555555555,0.3622222222222222,2.81549560546875,163.97559027777777,0.8955555555555555,2.81549560546875,0.3510351777076721,0.5686060918605329,,
dlgn_anneal,digits,0,67,67,7.570182048017159,0.9244444444444444,0.35333333333333333,2.5007145182291666,139.33051215277777,0.9244444444444444,2.5007145182291666,0.3512830138206482,0.5577096343452581,,
dlgn_anneal,digits,0,68,68,7.677786868065596,0.9111111111111111,0.37333333333333335,2.8634955512152778,143.58485243055554,0.9111111111111111,2.8634955512152778,0.3514705002307892,0.5470219906082419,,
dlgn_anneal,digits,0,69,69,7.822847286006436,0.9088888888888889,0.37777777777777777,2.7567781575520836,158.6482638888889,0.9088888888888889,2.7567781575520836,0.35143136978149414,0.5365391590559452,,
dlgn_anneal,digits,0,70,70,7.940641138004139,0.9066666666666666,0.40444444444444444,3.3902848307291666,139.3085590277778,0.9066666666666666,3.3902848307291666,0.3512783646583557,0.5262572147791885,,
dlgn_anneal,digits,0,71,71,8.060895344940946,0.9155555555555556,0.4288888888888889,3.0323768446180557,126.42225694444444,0.9155555555555556,3.0323768446180557,0.35151025652885437,0.5161723080836149,,
dlgn_anneal,digits,0,72,72,8.175512671936303,0.9177777777777778,0.4222222222222222,3.1828841145833335,140.18899305555556,0.9177777777777778,3.1828841145833335,0.35159143805503845,0.5062806630483135,,
dlgn_anneal,digits,0,73,73,8.280371739063412,0.9,0.4022222222222222,3.4901551649305556,133.77599826388888,0.9,3.4901551649305556,0.35146257281303406,0.49657857611206563,,
dlgn_anneal,digits,0,74,74,8.388701573945582,0.9222222222222223,0.4088888888888889,3.2154063585069443,133.75579861111112,0.9222222222222223,3.2154063585069443,0.35155975818634033,0.487062414686683,,
dlgn_anneal,digits,0,75,75,8.494456874905154,0.9066666666666666,0.4288888888888889,3.2978206380208333,122.88682291666667,0.9066666666666666,3.2978206380208333,0.3515264689922333,0.4777286157969196,,
dlgn_anneal,digits,0,76,76,8.607462532119825,0.9,0.4111111111111111,3.6938905164930556,123.32396701388889,0.9,3.6938905164930556,0.35118067264556885,0.4685736847464466,,
dlgn_anneal,digits,0,77,77,8.729527834104374,0.9066666666666666,0.48444444444444446,3.6640416124131945,107.56199652777778,0.9066666666666666,3.6640416124131945,0.35161998867988586,0.45959419380939254,,
dlgn_anneal,digits,0,78,78,8.840705795912072,0.9088888888888889,0.49333333333333335,3.6710112847222223,109.05925347222222,0.9088888888888889,3.6710112847222223,0.3524278998374939,0.4507867809469581,,
dlgn_anneal,digits,0,79,79,8.956330691929907,0.9088888888888889,0.48,4.42344970703125,109.30350694444445,0.9088888888888889,4.42344970703125,0.35226571559906006,0.44214814854862505,,
dlgn_anneal,digits,0,80,80,9.063968721078709,0.9133333333333333,0.48,4.180874565972222,90.66253472222222,0.9133333333333333,4.180874565972222,0.35206103324890137,0.43367506219748697,,
dlgn_anneal,digits,0,81,81,9.171660664025694,0.9111111111111111,0.4444444444444444,4.396366102430555,111.52965277777778,0.9111111111111111,4.396366102430555,0.3516526222229004,0.4253643494592419,,
dlgn_anneal,digits,0,82,82,9.299296431941912,0.8911111111111111,0.5022222222222222,4.5386865234375,123.73284722222222,0.8911111111111111,4.5386865234375,0.35168224573135376,0.4172128986943916,,
dlgn_anneal,digits,0,83,83,9.410662648035213,0.9044444444444445,0.4888888888888889,5.010512152777777,112.16972222222222,0.9044444444444445,5.010512152777777,0.3514646589756012,0.4092176578932024,,
dlgn_anneal,digits,0,84,84,9.517792572965845,0.8777777777777778,0.4666666666666667,5.335421006944444,119.28763888888889,0.8777777777777778,5.335421006944444,0.35202348232269287,0.40137563353299355,,
dlgn_anneal,digits,0,85,85,9.629653898999095,0.92,0.5288888888888889,5.285463324652778,102.15086805555555,0.92,5.285463324652778,0.3519100546836853,0.39368388945732236,,
dlgn_anneal,digits,0,86,86,9.766472643939778,0.8955555555555555,0.5466666666666666,6.167726236979167,81.53541666666666,0.8955555555555555,6.167726236979167,0.3525979816913605,0.38613954577665005,,
dlgn_anneal,digits,0,87,87,9.881522031035274,0.8844444444444445,0.5466666666666666,6.004651692708333,86.39073784722223,0.8844444444444445,6.004651692708333,0.35268348455429077,0.3787397777900722,,
dlgn_anneal,digits,0,88,88,9.991312521044165,0.9066666666666666,0.5466666666666666,5.557286241319445,98.60338541666667,0.9066666666666666,5.557286241319445,0.35248059034347534,0.3714818149277145,,
dlgn_anneal,digits,0,89,89,10.102683281060308,0.9088888888888889,0.5422222222222223,5.8698524305555555,85.72769965277777,0.9088888888888889,5.8698524305555555,0.3523252606391907,0.36436293971339495,,
dlgn_anneal,digits,0,90,90,10.221128586912528,0.9066666666666666,0.5022222222222222,6.043043077256945,104.63018229166667,0.9066666666666666,6.043043077256945,0.35234713554382324,0.3573804867471657,,
dlgn_anneal,digits,0,91,91,10.325471809133887,0.9066666666666666,0.5377777777777778,6.030315212673611,88.3859375,0.9066666666666666,6.030315212673611,0.35215461254119873,0.3505318417073517,,
dlgn_anneal,digits,0,92,92,10.427652776939794,0.9088888888888889,0.5333333333333333,6.007147894965278,86.81956597222222,0.9088888888888889,6.007147894965278,0.3521195948123932,0.34381444037171494,,
dlgn_anneal,digits,0,93,93,10.539986964082345,0.8977777777777778,0.5133333333333333,6.194246961805556,98.84732638888889,0.8977777777777778,6.194246961805556,0.35216253995895386,0.337225767657376,,
dlgn_anneal,digits,0,94,94,10.647772151976824,0.9066666666666666,0.5577777777777778,6.249398328993055,91.94506944444444,0.9066666666666666,6.249398328993055,0.352267324924469,0.33076335667913453,,
dlgn_anneal,digits,0,95,95,10.760143579915166,0.9022222222222223,0.56,7.986399739583334,88.39592881944445,0.9022222222222223,7.986399739583334,0.35238757729530334,0.3244247878258345,,
dlgn_anneal,digits,0,96,96,10.879363557090983,0.9111111111111111,0.6,7.1548453776041665,74.82546875,0.9111111111111111,7.1548453776041665,0.35244467854499817,0.31820768785443054,,
dlgn_anneal,digits,0,97,97,10.998014844022691,0.8933333333333333,0.5266666666666666,7.255750868055555,97.03743055555556,0.8933333333333333,7.255750868055555,0.35202664136886597,0.3121097290014148,,
dlgn_anneal,digits,0,98,98,11.117342109093443,0.8977777777777778,0.6644444444444444,7.049050564236111,58.136219618055556,0.8977777777777778,7.049050564236111,0.35203292965888977,0.30612862811127173,,
dlgn_anneal,digits,0,99,99,11.233242867980152,0.8955555555555555,0.5355555555555556,7.759118381076389,102.38488715277778,0.8955555555555555,7.759118381076389,0.35254159569740295,0.30026214578163474,,
dlgn_anneal,digits,0,100,100,11.343518703011796,0.8933333333333333,0.47555555555555556,9.0087255859375,95.98973958333333,0.8933333333333333,9.0087255859375,0.3527584671974182,0.29450808552482455,,
dlgn_anneal,digits,0,101,101,11.46488348999992,0.9111111111111111,0.5044444444444445,7.9118012152777775,98.6003125,0.9111111111111111,7.9118012152777775,0.3530096411705017,0.2888642929454562,,
dlgn_anneal,digits,0,102,102,11.585224956041202,0.8911111111111111,0.4866666666666667,7.589728190104167,107.51381944444445,0.8911111111111111,7.589728190104167,0.35290610790252686,0.2833286549338042,,
dlgn_anneal,digits,0,103,103,11.70594069105573,0.9133333333333333,0.5733333333333334,6.703083767361111,92.40659722222222,0.9133333333333333,6.703083767361111,0.3529393672943115,0.27789909887462755,,
dlgn_anneal,digits,0,104,104,11.811150557128713,0.9044444444444445,0.5088888888888888,7.52431640625,95.7337673611111,0.9044444444444445,7.52431640625,0.35353201627731323,0.2725735918711548,,
dlgn_anneal,digits,0,105,105,11.920698244124651,0.8933333333333333,0.5288888888888889,8.798952365451388,89.923125,0.8933333333333333,8.798952365451388,0.3536403775215149,0.2673501399839416,,
dlgn_anneal,digits,0,106,106,12.030005820095539,0.9044444444444445,0.5666666666666667,7.721158854166666,81.48751736111112,0.9044444444444445,7.721158854166666,0.3535054922103882,0.2622267874843129,,
dlgn_anneal,digits,0,107,107,12.150221996940672,0.9111111111111111,0.5844444444444444,7.588567708333334,67.31603298611111,0.9111111111111111,7.588567708333334,0.3533977270126343,0.25720161612211323,,
dlgn_anneal,digits,0,108,108,12.260931143071502,0.9044444444444445,0.6155555555555555,8.152937825520834,80.81326388888888,0.9044444444444445,8.152937825520834,0.3536761403083801,0.25227274440748865,,
dlgn_anneal,digits,0,109,109,12.386920276097953,0.9,0.5377777777777778,8.902619357638889,87.94097222222223,0.9,8.902619357638889,0.35388416051864624,0.24743832690643208,,
dlgn_anneal,digits,0,110,110,12.493664778070524,0.9,0.66,9.32688693576389,63.27418402777778,0.9,9.32688693576389,0.35398465394973755,0.24269655354982883,,
dlgn_anneal,digits,0,111,111,12.600517451064661,0.8933333333333333,0.6622222222222223,8.999854600694444,61.67378472222222,0.8933333333333333,8.999854600694444,0.3540390729904175,0.238045648955743,,
dlgn_anneal,digits,0,112,112,12.711215029004961,0.9044444444444445,0.6555555555555556,8.794825846354167,61.703984375,0.9044444444444445,8.794825846354167,0.35400867462158203,0.23348387176469163,,
dlgn_anneal,digits,0,113,113,12.821496027056128,0.8955555555555555,0.66,8.994607747395833,63.923125,0.8955555555555555,8.994607747395833,0.35399842262268066,0.22900951398765637,,
dlgn_anneal,digits,0,114,114,12.938937077997252,0.8777777777777778,0.6555555555555556,10.106458333333334,64.80466145833333,0.8777777777777778,10.106458333333334,0.3541441559791565,0.22462090036659044,,
dlgn_anneal,digits,0,115,115,13.051680645905435,0.8911111111111111,0.6555555555555556,9.69541015625,61.24296875,0.8911111111111111,9.69541015625,0.35411766171455383,0.22031638774718,,
dlgn_anneal,digits,0,116,116,13.162230029003695,0.8955555555555555,0.6733333333333333,9.459073350694444,57.45760416666667,0.8955555555555555,9.459073350694444,0.3541756272315979,0.2160943644636258,,
dlgn_anneal,digits,0,117,117,13.303846569964662,0.8777777777777778,0.6311111111111111,9.377118055555556,76.35138020833334,0.8777777777777778,9.377118055555556,0.3543153405189514,0.21195324973521423,,
dlgn_anneal,digits,0,118,118,13.406579110072926,0.8888888888888888,0.6533333333333333,8.5820361328125,62.60147135416667,0.8888888888888888,8.5820361328125,0.35444948077201843,0.2078914930744526,,
dlgn_anneal,digits,0,119,119,13.51532771694474,0.9022222222222223,0.6822222222222222,9.367450086805556,49.038333333333334,0.9022222222222223,9.367450086805556,0.35447704792022705,0.20390757370654605,,
dlgn_anneal,digits,0,120,120,13.628966432064772,0.9022222222222223,0.6933333333333334,9.517545572916667,54.59783854166667,0.9022222222222223,9.517545572916667,0.35476619005203247,0.2,,
gumbel_st,digits,0,1,1,0.10105033195577562,0.07555555555555556,0.10888888888888888,28.3694921875,345.79826388888887,0.07555555555555556,28.3694921875,0.24756024777889252,1.0,,
gumbel_st,digits,0,2,2,0.1827644018922001,0.1,0.08666666666666667,40.88716145833333,327.18288194444443,0.1,40.88716145833333,0.24715697765350342,1.0,,
gumbel_st,digits,0,3,3,0.2817139229737222,0.1,0.08222222222222222,55.311197916666664,417.9865277777778,0.1,55.311197916666664,0.24658367037773132,1.0,,
gumbel_st,digits,0,4,4,0.37778318603523076,0.1,0.08222222222222222,55.04380208333333,446.14715277777776,0.1,55.04380208333333,0.24588000774383545,1.0,,
gumbel_st,digits,0,5,5,0.47628847998566926,0.1,0.044444444444444446,51.95654513888889,419.1073958333333,0.1,51.95654513888889,0.245222270488739,1.0,,
gumbel_st,digits,0,6,6,0.5664356939960271,0.1,0.04666666666666667,52.195438368055555,441.3464583333333,0.1,52.195438368055555,0.24458244442939758,1.0,,
gumbel_st,digits,0,7,7,0.6450086371041834,0.1,0.02666666666666667,50.683055555555555,428.04243055555554,0.1,50.683055555555555,0.24393275380134583,1.0,,
gumbel_st,digits,0,8,8,0.7246279290411621,0.1,0.044444444444444446,52.422161458333335,483.7246527777778,0.1,52.422161458333335,0.24315698444843292,1.0,,
gumbel_st,digits,0,9,9,0.8040919890627265,0.1,0.035555555555555556,58.603125,488.8330555555556,0.1,58.603125,0.24252784252166748,1.0,,
gumbel_st,digits,0,10,10,0.8825547469314188,0.1,0.051111111111111114,57.967921006944444,509.25993055555557,0.1,57.967921006944444,0.242015540599823,1.0,,
gumbel_st,digits,0,11,11,0.9622094219084829,0.1,0.07111111111111111,52.00025607638889,579.8670138888889,0.1,52.00025607638889,0.24153505265712738,1.0,,
gumbel_st,digits,0,12,12,1.054158085025847,0.1,0.057777777777777775,49.52065104166667,560.3031944444444,0.1,49.52065104166667,0.2409948706626892,1.0,,
gumbel_st,digits,0,13,13,1.1466766151133925,0.1,0.057777777777777775,41.90371527777778,464.7976388888889,0.1,41.90371527777778,0.2403663694858551,1.0,,
gumbel_st,digits,0,14,14,1.2806568960659206,0.1,0.06,44.10485243055555,425.52465277777776,0.1,44.10485243055555,0.23978745937347412,1.0,,
gumbel_st,digits,0,15,15,1.385511937085539,0.1,0.06222222222222222,44.74516927083334,365.9896527777778,0.1,44.74516927083334,0.23920226097106934,1.0,,
gumbel_st,digits,0,16,16,1.4828077910933644,0.1,0.035555555555555556,37.59013888888889,375.77791666666667,0.1,37.59013888888889,0.23861829936504364,1.0,,
gumbel_st,digits,0,17,17,1.584780657896772,0.1,0.06,36.44763020833334,340.0418055555556,0.1,36.44763020833334,0.23791538178920746,1.0,,
gumbel_st,digits,0,18,18,1.6819222590420395,0.1,0.15555555555555556,34.07634982638889,399.54288194444445,0.1,34.07634982638889,0.23740942776203156,1.0,,
gumbel_st,digits,0,19,19,1.7945463329087943,0.11555555555555555,0.14,27.772703993055554,385.07881944444443,0.11555555555555555,27.772703993055554,0.2370712161064148,1.0,,
gumbel_st,digits,0,20,20,1.8930274739395827,0.09777777777777778,0.12,28.733639322916666,418.19652777777776,0.09777777777777778,28.733639322916666,0.23684176802635193,1.0,,
gumbel_st,digits,0,21,21,1.9912787689827383,0.09777777777777778,0.14666666666666667,33.1360546875,354.0527083333333,0.09777777777777778,33.1360546875,0.23662278056144714,1.0,,
gumbel_st,digits,0,22,22,2.0941937249153852,0.09777777777777778,0.12444444444444444,32.71388454861111,413.55555555555554,0.09777777777777778,32.71388454861111,0.2362295389175415,1.0,,
gumbel_st,digits,0,23,23,2.2160417221020907,0.09777777777777778,0.13555555555555557,30.646597222222223,408.63166666666666,0.09777777777777778,30.646597222222223,0.23556864261627197,1.0,,
gumbel_st,digits,0,24,24,2.3158785910345614,0.10222222222222223,0.12222222222222222,29.216703559027778,425.54277777777776,0.10222222222222223,29.216703559027778,0.23501747846603394,1.0,,
gumbel_st,digits,0,25,25,2.420953541994095,0.10222222222222223,0.09555555555555556,37.60519965277778,462.1458680555556,0.10222222222222223,37.60519965277778,0.23448216915130615,1.0,,
gumbel_st,digits,0,26,26,2.527869363082573,0.10222222222222223,0.09777777777777778,32.862115885416664,515.0035416666667,0.10222222222222223,32.862115885416664,0.2342989593744278,1.0,,
gumbel_st,digits,0,27,27,2.62946961610578,0.14444444444444443,0.09333333333333334,21.530121527777776,521.2108680555556,0.14444444444444443,21.530121527777776,0.23379111289978027,1.0,,
gumbel_st,digits,0,28,28,2.7347916609141976,0.09777777777777778,0.09333333333333334,28.75045355902778,317.3826388888889,0.09777777777777778,28.75045355902778,0.2331421673297882,1.0,,
gumbel_st,digits,0,29,29,2.8322609430179,0.09777777777777778,0.06888888888888889,31.7948046875,343.56086805555555,0.09777777777777778,31.7948046875,0.23265552520751953,1.0,,
gumbel_st,digits,0,30,30,2.9334402580279857,0.09777777777777778,0.18444444444444444,40.61250868055556,230.56206597222223,0.09777777777777778,40.61250868055556,0.23225241899490356,1.0,,
gumbel_st,digits,0,31,31,3.0312157690059394,0.09777777777777778,0.10888888888888888,37.525638020833334,268.5345659722222,0.09777777777777778,37.525638020833334,0.23185136914253235,1.0,,
gumbel_st,digits,0,32,32,3.1250263799447566,0.10222222222222223,0.06222222222222222,37.606571180555555,283.18800347222225,0.10222222222222223,37.606571180555555,0.231528639793396,1.0,,
gumbel_st,digits,0,33,33,3.207293013110757,0.10222222222222223,0.10222222222222223,44.98108072916666,279.43538194444443,0.10222222222222223,44.98108072916666,0.23135973513126373,1.0,,
gumbel_st,digits,0,34,34,3.304097986081615,0.10222222222222223,0.10888888888888888,44.13809027777778,297.37725694444447,0.10222222222222223,44.13809027777778,0.23103797435760498,1.0,,
gumbel_st,digits,0,35,35,3.381758773000911,0.10222222222222223,0.12,41.51012152777778,274.00734375,0.10222222222222223,41.51012152777778,0.23067910969257355,1.0,,
gumbel_st,digits,0,36,36,3.460255990969017,0.10222222222222223,0.12666666666666668,40.62615885416667,249.84270833333332,0.10222222222222223,40.62615885416667,0.2302413135766983,1.0,,
gumbel_st,digits,0,37,37,3.5445240309927613,0.10222222222222223,0.12444444444444444,36.175366753472225,300.8923611111111,0.10222222222222223,36.175366753472225,0.22971181571483612,1.0,,
gumbel_st,digits,0,38,38,3.6218662410974503,0.10222222222222223,0.14666666666666667,26.391176215277778,344.9045486111111,0.10222222222222223,26.391176215277778,0.2294331192970276,1.0,,
gumbel_st,digits,0,39,39,3.721766351023689,0.10222222222222223,0.10888888888888888,28.868628472222223,325.8125347222222,0.10222222222222223,28.868628472222223,0.22902697324752808,1.0,,
gumbel_st,digits,0,40,40,3.820470971055329,0.10222222222222223,0.14,36.146786024305555,310.6743055555556,0.10222222222222223,36.146786024305555,0.2285480797290802,1.0,,
gumbel_st,digits,0,41,41,3.928361414000392,0.10222222222222223,0.1288888888888889,44.92075520833333,316.72802083333335,0.10222222222222223,44.92075520833333,0.22820249199867249,1.0,,
gumbel_st,digits,0,42,42,4.063179122982547,0.10222222222222223,0.1111111111111111,46.59896701388889,320.3184027777778,0.10222222222222223,46.59896701388889,0.2276628315448761,1.0,,
gumbel_st,digits,0,43,43,4.16080363211222,0.10222222222222223,0.1288888888888889,46.26299045138889,362.4744097222222,0.10222222222222223,46.26299045138889,0.22706164419651031,1.0,,
gumbel_st,digits,0,44,44,4.27598020597361,0.10222222222222223,0.11555555555555555,49.2889453125,355.8279861111111,0.10222222222222223,49.2889453125,0.22659555077552795,1.0,,
gumbel_st,digits,0,45,45,4.3969569290056825,0.10222222222222223,0.10222222222222223,49.281888020833335,348.8806597222222,0.10222222222222223,49.281888020833335,0.22622039914131165,1.0,,
gumbel_st,digits,0,46,46,4.493532381020486,0.10222222222222223,0.1,53.69383246527778,353.56458333333336,0.10222222222222223,53.69383246527778,0.2258409857749939,1.0,,
gumbel_st,digits,0,47,47,4.591278084088117,0.10222222222222223,0.11777777777777777,46.891336805555554,381.5238888888889,0.10222222222222223,46.891336805555554,0.22562366724014282,1.0,,
gumbel_st,digits,0,48,48,4.724330242956057,0.10222222222222223,0.11333333333333333,38.15849392361111,386.82395833333334,0.10222222222222223,38.15849392361111,0.22526000440120697,1.0,,
gumbel_st,digits,0,49,49,4.826291599078104,0.10222222222222223,0.10444444444444445,35.756597222222226,360.90020833333335,0.10222222222222223,35.756597222222226,0.2249823808670044,1.0,,
gumbel_st,digits,0,50,50,4.931989810895175,0.09777777777777778,0.08666666666666667,31.68007378472222,339.7590625,0.09777777777777778,31.68007378472222,0.22487115859985352,1.0,,
gumbel_st,digits,0,51,51,5.0324429320171475,0.09777777777777778,0.09111111111111111,25.838940972222222,377.50586805555554,0.09777777777777778,25.838940972222222,0.22471171617507935,1.0,,
gumbel_st,digits,0,52,52,5.128586984938011,0.10222222222222223,0.09555555555555556,25.32859809027778,404.8459027777778,0.10222222222222223,25.32859809027778,0.22443151473999023,1.0,,
gumbel_st,digits,0,53,53,5.231587022077292,0.10222222222222223,0.12444444444444444,32.051571180555555,378.89819444444447,0.10222222222222223,32.051571180555555,0.2241235375404358,1.0,,
gumbel_st,digits,0,54,54,5.3394203200004995,0.10222222222222223,0.11333333333333333,28.71588107638889,365.7813194444444,0.10222222222222223,28.71588107638889,0.22368107736110687,1.0,,
gumbel_st,digits,0,55,55,5.4463866339065135,0.10444444444444445,0.14444444444444443,21.362782118055556,362.46541666666667,0.10444444444444445,21.362782118055556,0.22313889861106873,1.0,,
gumbel_st,digits,0,56,56,5.542208421975374,0.09555555555555556,0.13777777777777778,23.96416015625,401.52736111111113,0.09555555555555556,23.96416015625,0.22275316715240479,1.0,,
gumbel_st,digits,0,57,57,5.646698067896068,0.09555555555555556,0.12666666666666668,19.885169270833334,452.84694444444443,0.09555555555555556,19.885169270833334,0.22248244285583496,1.0,,
gumbel_st,digits,0,58,58,5.740038312971592,0.09555555555555556,0.12,18.153428819444443,363.3359027777778,0.09555555555555556,18.153428819444443,0.22235998511314392,1.0,,
gumbel_st,digits,0,59,59,5.834387813927606,0.10222222222222223,0.1288888888888889,14.452774522569445,411.74079861111113,0.10222222222222223,14.452774522569445,0.22219285368919373,1.0,,
gumbel_st,digits,0,60,60,5.931824072031304,0.10222222222222223,0.13555555555555557,17.362858072916666,429.92836805555555,0.10222222222222223,17.362858072916666,0.22197309136390686,1.0,,
gumbel_st,digits,0,61,61,6.035181435057893,0.10222222222222223,0.18222222222222223,18.312738715277778,411.3052777777778,0.10222222222222223,18.312738715277778,0.2214687168598175,1.0,,
gumbel_st,digits,0,62,62,6.135052599944174,0.1,0.14666666666666667,20.73246310763889,489.06041666666664,0.1,20.73246310763889,0.22103425860404968,1.0,,
gumbel_st,digits,0,63,63,6.239961510989815,0.1,0.14444444444444443,24.775190972222223,543.9216666666666,0.1,24.775190972222223,0.22064915299415588,1.0,,
gumbel_st,digits,0,64,64,6.342078523943201,0.1,0.16666666666666666,18.989422743055556,526.6107638888889,0.1,18.989422743055556,0.22044044733047485,1.0,,
gumbel_st,digits,0,65,65,6.446777991950512,0.1,0.14666666666666667,20.411753472222223,471.08697916666665,0.1,20.411753472222223,0.22000974416732788,1.0,,
gumbel_st,digits,0,66,66,6.547534578945488,0.1,0.1111111111111111,24.08177517361111,540.1354513888889,0.1,24.08177517361111,0.21961478888988495,1.0,,
gumbel_st,digits,0,67,67,6.655913002090529,0.1,0.10888888888888888,31.333155381944444,493.7117013888889,0.1,31.333155381944444,0.21933141350746155,1.0,,
gumbel_st,digits,0,68,68,6.760588438017294,0.1,0.08222222222222222,36.21682074652778,454.2261111111111,0.1,36.21682074652778,0.21900291740894318,1.0,,
gumbel_st,digits,0,69,69,6.8619508519768715,0.1,0.07555555555555556,32.28235026041666,462.16729166666664,0.1,32.28235026041666,0.21863067150115967,1.0,,
gumbel_st,digits,0,70,70,6.962074847891927,0.1,0.10888888888888888,32.161006944444445,382.6565277777778,0.1,32.161006944444445,0.2183322012424469,1.0,,
gumbel_st,digits,0,71,71,7.063124846899882,0.1,0.10888888888888888,39.16509548611111,398.4375694444444,0.1,39.16509548611111,0.21790021657943726,1.0,,
gumbel_st,digits,0,72,72,7.158653195016086,0.1,0.12,47.71238715277778,417.98305555555555,0.1,47.71238715277778,0.217454195022583,1.0,,
gumbel_st,digits,0,73,73,7.284386419923976,0.1,0.07333333333333333,55.407890625,441.49291666666664,0.1,55.407890625,0.21721075475215912,1.0,,
gumbel_st,digits,0,74,74,7.384671235922724,0.1,0.11333333333333333,59.68951388888889,450.53739583333333,0.1,59.68951388888889,0.21684707701206207,1.0,,
gumbel_st,digits,0,75,75,7.479799923021346,0.1,0.10444444444444445,63.575520833333336,348.6670833333333,0.1,63.575520833333336,0.21668606996536255,1.0,,
gumbel_st,digits,0,76,76,7.571656327927485,0.1,0.08666666666666667,57.95896701388889,427.4670138888889,0.1,57.95896701388889,0.21622952818870544,1.0,,
gumbel_st,digits,0,77,77,7.661980607081205,0.1,0.13111111111111112,45.54830729166667,354.43076388888886,0.1,45.54830729166667,0.21574921905994415,1.0,,
gumbel_st,digits,0,78,78,7.753449569921941,0.10222222222222223,0.1111111111111111,42.63854166666667,387.72763888888886,0.10222222222222223,42.63854166666667,0.21532294154167175,1.0,,
gumbel_st,digits,0,79,79,7.8472707599867135,0.10222222222222223,0.08,40.71227864583334,367.5290972222222,0.10222222222222223,40.71227864583334,0.21515485644340515,1.0,,
gumbel_st,digits,0,80,80,7.949795400025323,0.10222222222222223,0.1711111111111111,27.655099826388888,375.59517361111114,0.10222222222222223,27.655099826388888,0.2149537056684494,1.0,,
gumbel_st,digits,0,81,81,8.062433833954856,0.10222222222222223,0.13333333333333333,19.311328125,337.99930555555557,0.10222222222222223,19.311328125,0.21487665176391602,1.0,,
gumbel_st,digits,0,82,82,8.163897627033293,0.10222222222222223,0.16,25.720598958333333,321.781875,0.10222222222222223,25.720598958333333,0.21480417251586914,1.0,,
gumbel_st,digits,0,83,83,8.269703662022948,0.10222222222222223,0.14,31.75857204861111,245.52371527777777,0.10222222222222223,31.75857204861111,0.21449235081672668,1.0,,
gumbel_st,digits,0,84,84,8.367136961081997,0.10222222222222223,0.12,38.08166232638889,290.9371527777778,0.10222222222222223,38.08166232638889,0.21419063210487366,1.0,,
gumbel_st,digits,0,85,85,8.47031134692952,0.10222222222222223,0.12222222222222222,38.236423611111114,302.6953125,0.10222222222222223,38.236423611111114,0.21397562325000763,1.0,,
gumbel_st,digits,0,86,86,8.581387664889917,0.10222222222222223,0.11777777777777777,44.202265625,309.56041666666664,0.10222222222222223,44.202265625,0.21379564702510834,1.0,,
gumbel_st,digits,0,87,87,8.679862762102857,0.10222222222222223,0.10666666666666667,52.638272569444446,354.1772916666667,0.10222222222222223,52.638272569444446,0.21354219317436218,1.0,,
gumbel_st,digits,0,88,88,8.782617412041873,0.10222222222222223,0.08666666666666667,57.865078125,400.62888888888887,0.10222222222222223,57.865078125,0.2132260799407959,1.0,,
gumbel_st,digits,0,89,89,8.882693137042224,0.10222222222222223,0.09555555555555556,51.92141493055556,374.1490972222222,0.10222222222222223,51.92141493055556,0.21289710700511932,1.0,,
gumbel_st,digits,0,90,90,8.996278108097613,0.10222222222222223,0.11777777777777777,43.061145833333335,294.9425,0.10222222222222223,43.061145833333335,0.2124941647052765,1.0,,
gumbel_st,digits,0,91,91,9.098846256034449,0.10222222222222223,0.12,42.416640625,278.5623958333333,0.10222222222222223,42.416640625,0.21203340590000153,1.0,,
gumbel_st,digits,0,92,92,9.19793361891061,0.10222222222222223,0.11555555555555555,36.67352430555555,302.00138888888887,0.10222222222222223,36.67352430555555,0.21173405647277832,1.0,,
gumbel_st,digits,0,93,93,9.304455975070596,0.11333333333333333,0.13111111111111112,28.703615451388888,292.7298263888889,0.11333333333333333,28.703615451388888,0.21147936582565308,1.0,,
gumbel_st,digits,0,94,94,9.429558051051572,0.09777777777777778,0.15555555555555556,27.4387109375,292.3329166666667,0.09777777777777778,27.4387109375,0.21116288006305695,1.0,,
gumbel_st,digits,0,95,95,9.542086872970685,0.09555555555555556,0.14,25.18801432291667,295.1227777777778,0.09555555555555556,25.18801432291667,0.2110213041305542,1.0,,
gumbel_st,digits,0,96,96,9.654555031098425,0.09555555555555556,0.18888888888888888,24.16564236111111,263.4114583333333,0.09555555555555556,24.16564236111111,0.21073362231254578,1.0,,
gumbel_st,digits,0,97,97,9.758636868093163,0.09555555555555556,0.13333333333333333,27.751744791666667,222.78177083333333,0.09555555555555556,27.751744791666667,0.21043643355369568,1.0,,
gumbel_st,digits,0,98,98,9.86291228607297,0.1,0.13777777777777778,32.00685329861111,253.42539930555554,0.1,32.00685329861111,0.2098981738090515,1.0,,
gumbel_st,digits,0,99,99,9.959613400045782,0.1,0.18444444444444444,30.03607855902778,232.10194444444446,0.1,30.03607855902778,0.20936959981918335,1.0,,
gumbel_st,digits,0,100,100,10.05954581592232,0.15555555555555556,0.09555555555555556,28.71856770833333,355.27458333333334,0.15555555555555556,28.71856770833333,0.20882034301757812,1.0,,
gumbel_st,digits,0,101,101,10.160746711073443,0.1,0.08,34.005208333333336,361.3509027777778,0.1,34.005208333333336,0.20852257311344147,1.0,,
gumbel_st,digits,0,102,102,10.260263716103509,0.1,0.07111111111111111,33.887708333333336,414.2213541666667,0.1,33.887708333333336,0.20827478170394897,1.0,,
gumbel_st,digits,0,103,103,10.35661870194599,0.1,0.08666666666666667,30.810418836805557,458.71375,0.1,30.810418836805557,0.2081579715013504,1.0,,
gumbel_st,digits,0,104,104,10.462882192106918,0.1,0.09777777777777778,31.43544487847222,354.64743055555556,0.1,31.43544487847222,0.20785334706306458,1.0,,
gumbel_st,digits,0,105,105,10.563553238054737,0.1,0.08,33.81033420138889,352.00208333333336,0.1,33.81033420138889,0.20740556716918945,1.0,,
gumbel_st,digits,0,106,106,10.663443518104032,0.1,0.09555555555555556,40.7683984375,352.6611805555556,0.1,40.7683984375,0.20730119943618774,1.0,,
gumbel_st,digits,0,107,107,10.76679680799134,0.1,0.13111111111111112,43.30094184027778,404.4527777777778,0.1,43.30094184027778,0.20729663968086243,1.0,,
gumbel_st,digits,0,108,108,10.863261440070346,0.1,0.1288888888888889,48.02733506944445,397.29354166666667,0.1,48.02733506944445,0.20724540948867798,1.0,,
gumbel_st,digits,0,109,109,10.959854438900948,0.10222222222222223,0.1288888888888889,44.71400173611111,417.96972222222223,0.10222222222222223,44.71400173611111,0.2070915400981903,1.0,,
gumbel_st,digits,0,110,110,11.055033283075318,0.10222222222222223,0.1288888888888889,40.982387152777775,378.18395833333335,0.10222222222222223,40.982387152777775,0.20686504244804382,1.0,,
gumbel_st,digits,0,111,111,11.153831738978624,0.10222222222222223,0.08444444444444445,36.23745659722222,471.68833333333333,0.10222222222222223,36.23745659722222,0.20667308568954468,1.0,,
gumbel_st,digits,0,112,112,11.256186893908307,0.10222222222222223,0.12444444444444444,36.11911675347222,467.48840277777776,0.10222222222222223,36.11911675347222,0.2064192295074463,1.0,,
gumbel_st,digits,0,113,113,11.358377485070378,0.10222222222222223,0.09333333333333334,33.30838541666667,561.0221527777778,0.10222222222222223,33.30838541666667,0.2061721831560135,1.0,,
gumbel_st,digits,0,114,114,11.455961659085006,0.10222222222222223,0.07111111111111111,22.059613715277777,594.5383333333333,0.10222222222222223,22.059613715277777,0.20592081546783447,1.0,,
gumbel_st,digits,0,115,115,11.55025794589892,0.10222222222222223,0.1111111111111111,18.697261284722224,484.81597222222223,0.10222222222222223,18.697261284722224,0.20565839111804962,1.0,,
gumbel_st,digits,0,116,116,11.646737659117207,0.09555555555555556,0.11777777777777777,22.027063802083333,424.1617708333333,0.09555555555555556,22.027063802083333,0.20536594092845917,1.0,,
gumbel_st,digits,0,117,117,11.746006476925686,0.09555555555555556,0.12222222222222222,29.03248263888889,414.8469097222222,0.09555555555555556,29.03248263888889,0.20521338284015656,1.0,,
gumbel_st,digits,0,118,118,11.842904384015128,0.09555555555555556,0.10888888888888888,32.997645399305554,444.3809027777778,0.09555555555555556,32.997645399305554,0.20503515005111694,1.0,,
gumbel_st,digits,0,119,119,11.939129580045119,0.09555555555555556,0.1288888888888889,35.772068142361114,341.15197916666665,0.09555555555555556,35.772068142361114,0.20492425560951233,1.0,,
gumbel_st,digits,0,120,120,12.042939034989104,0.09555555555555556,0.08222222222222222,34.375004340277776,409.114375,0.09555555555555556,34.375004340277776,0.20475909113883972,1.0,,
hard_st_cage,digits,0,1,1,0.09316297410987318,0.1,0.17555555555555555,23.079639756944445,210.98642361111112,0.17555555555555555,210.98642361111112,0.24440917372703552,2.948679442817999,,
hard_st_cage,digits,0,2,2,0.19024060503579676,0.1,0.24444444444444444,30.563736979166666,140.85328993055555,0.24444444444444444,140.85328993055555,0.24112221598625183,2.90381112682182,,
hard_st_cage,digits,0,3,3,0.28831395297311246,0.1,0.2777777777777778,27.961263020833332,139.19355902777778,0.2777777777777778,139.19355902777778,0.238653302192688,2.864421842754764,,
hard_st_cage,digits,0,4,4,0.3693453259766102,0.1,0.43555555555555553,33.76794704861111,89.85114583333333,0.43555555555555553,89.85114583333333,0.2366623878479004,2.8297654200696862,,
hard_st_cage,digits,0,5,5,0.4485171849373728,0.1,0.39555555555555555,33.71690538194444,109.1625,0.39555555555555555,109.1625,0.2350463569164276,2.7992310590028917,,
hard_st_cage,digits,0,6,6,0.5295924809761345,0.1,0.44,33.395069444444445,102.11425347222222,0.44,102.11425347222222,0.23338079452514648,2.772332774550425,,
hard_st_cage,digits,0,7,7,0.6096797350328416,0.1,0.4622222222222222,32.543598090277776,89.84475694444444,0.4622222222222222,89.84475694444444,0.2316548228263855,2.7487325514426617,,
hard_st_cage,digits,0,8,8,0.6887492530513555,0.1,0.4711111111111111,32.427747395833336,90.47855902777778,0.4711111111111111,90.47855902777778,0.2298453003168106,2.72811146826759,,
hard_st_cage,digits,0,9,9,0.7698753650765866,0.1,0.44222222222222224,32.08484375,88.05926215277778,0.44222222222222224,88.05926215277778,0.2286933809518814,2.710053290712472,,
hard_st_cage,digits,0,10,10,0.8521583760157228,0.1,0.5088888888888888,31.139535590277777,77.3847829861111,0.5088888888888888,77.3847829861111,0.2274419218301773,2.694209429312536,,
hard_st_cage,digits,0,11,11,0.9572213289793581,0.1,0.4111111111111111,28.7028125,119.97549479166666,0.4111111111111111,119.97549479166666,0.22623777389526367,2.680374142930853,,
hard_st_cage,digits,0,12,12,1.052470619091764,0.1,0.5244444444444445,27.348107638888887,78.25086805555556,0.5244444444444445,78.25086805555556,0.22520855069160461,2.66828846185953,,
hard_st_cage,digits,0,13,13,1.1464608281385154,0.1,0.5311111111111111,28.156731770833332,67.36809461805555,0.5311111111111111,67.36809461805555,0.22447353601455688,2.6577015467810057,,
hard_st_cage,digits,0,14,14,1.2190733239986002,0.1,0.5,26.52690972222222,86.88391493055556,0.5,86.88391493055556,0.22352012991905212,2.6484664527541826,,
hard_st_cage,digits,0,15,15,1.3035244159400463,0.1,0.4711111111111111,24.375073784722222,119.99038194444445,0.4711111111111111,119.99038194444445,0.22257721424102783,2.640469680945179,,
hard_st_cage,digits,0,16,16,1.420724913943559,0.1,0.3977777777777778,24.102703993055556,91.18265625,0.3977777777777778,91.18265625,0.2216852754354477,2.633558864322643,,
hard_st_cage,digits,0,17,17,1.5171756860800087,0.1,0.4488888888888889,24.837981770833334,72.11230034722222,0.4488888888888889,72.11230034722222,0.22088858485221863,2.6276148626190956,,
hard_st_cage,digits,0,18,18,1.6146784950979054,0.1,0.47333333333333333,23.568472222222223,87.55651041666667,0.47333333333333333,87.55651041666667,0.22041192650794983,2.6224641807816593,,
hard_st_cage,digits,0,19,19,1.7124701379798353,0.1,0.5222222222222223,23.29078125,81.56147569444444,0.5222222222222223,81.56147569444444,0.21991276741027832,2.6179766108093103,,
hard_st_cage,digits,0,20,20,1.8104923630598933,0.1,0.5511111111111111,23.08884765625,69.58625,0.5511111111111111,69.58625,0.21937471628189087,2.614110278240316,,
hard_st_cage,digits,0,21,21,1.9109368110075593,0.1,0.4444444444444444,23.621790364583333,117.33140625,0.4444444444444444,117.33140625,0.21880529820919037,2.610799673688032,,
hard_st_cage,digits,0,22,22,2.0154105259571224,0.1,0.5111111111111111,23.41740017361111,80.24433159722223,0.5111111111111111,80.24433159722223,0.2183595597743988,2.607982301921425,,
hard_st_cage,digits,0,23,23,2.1160889761522412,0.1,0.5355555555555556,21.658200954861112,72.44920572916666,0.5355555555555556,72.44920572916666,0.2179681360721588,2.6055797373265257,,
hard_st_cage,digits,0,24,24,2.215228228131309,0.1,0.49777777777777776,21.062337239583332,80.66230902777778,0.49777777777777776,80.66230902777778,0.21777069568634033,2.603500529561109,,
hard_st_cage,digits,0,25,25,2.3148957430385053,0.1,0.5622222222222222,22.84611545138889,65.16016493055555,0.5622222222222222,65.16016493055555,0.21759332716464996,2.601695149148561,,
hard_st_cage,digits,0,26,26,2.409341122955084,0.1,0.5155555555555555,23.62751736111111,68.27985243055555,0.5155555555555555,68.27985243055555,0.21773794293403625,2.600058699764314,,
hard_st_cage,digits,0,27,27,2.5100563860032707,0.1,0.5244444444444445,24.67193142361111,96.87475694444444,0.5244444444444445,96.87475694444444,0.2175287902355194,2.5986238888934827,,
hard_st_cage,digits,0,28,28,2.6176190751139075,0.1,0.3977777777777778,25.4472265625,112.05216145833333,0.3977777777777778,112.05216145833333,0.2176697701215744,2.5973576948951567,,
hard_st_cage,digits,0,29,29,2.713785845087841,0.1,0.5333333333333333,26.227556423611112,72.90111979166667,0.5333333333333333,72.90111979166667,0.21781224012374878,2.596163046866957,,
hard_st_cage,digits,0,30,30,2.816290657967329,0.1,0.4688888888888889,27.298784722222223,105.80767361111111,0.4688888888888889,105.80767361111111,0.21774844825267792,2.5950874275351574,,
hard_st_cage,digits,0,31,31,2.9246510870289057,0.1,0.4777777777777778,26.62798394097222,94.17025173611111,0.4777777777777778,94.17025173611111,0.21776703000068665,2.5941354666668883,,
hard_st_cage,digits,0,32,32,3.027026406954974,0.1,0.6088888888888889,26.106822916666665,58.91827256944445,0.6088888888888889,58.91827256944445,0.21760213375091553,2.5932980497972284,,
hard_st_cage,digits,0,33,33,3.1252649950329214,0.1,0.4955555555555556,27.00706597222222,109.95753472222222,0.4955555555555556,109.95753472222222,0.21736036241054535,2.5926120673297985,,
hard_st_cage,digits,0,34,34,3.2236438679974526,0.1,0.58,28.275876736111112,63.9646875,0.58,63.9646875,0.2173372209072113,2.59204563239967,,
hard_st_cage,digits,0,35,35,3.324522138107568,0.1,0.5688888888888889,28.891970486111113,68.41996961805556,0.5688888888888889,68.41996961805556,0.21724818646907806,2.591533057698996,,
hard_st_cage,digits,0,36,36,3.426504153991118,0.1,0.5911111111111111,29.539092881944445,57.56308159722222,0.5911111111111111,57.56308159722222,0.21719513833522797,2.5911082975385793,,
hard_st_cage,digits,0,37,37,3.5243557491339743,0.1,0.5666666666666667,31.07203125,55.34036458333333,0.5666666666666667,55.34036458333333,0.2171272188425064,2.590735839377254,,
hard_st_cage,digits,0,38,38,3.6224843140225857,0.1,0.5911111111111111,31.83321831597222,74.40710069444444,0.5911111111111111,74.40710069444444,0.2171500325202942,2.5904142518029594,,
hard_st_cage,digits,0,39,39,3.7373972041532397,0.1,0.6688888888888889,29.750833333333333,49.74940538194444,0.6688888888888889,49.74940538194444,0.21726574003696442,2.5901016761406144,,
hard_st_cage,digits,0,40,40,3.835948735009879,0.1,0.6244444444444445,28.78087673611111,53.5483984375,0.6244444444444445,53.5483984375,0.21729722619056702,2.589801347917564,,
hard_st_cage,digits,0,41,41,3.9411568210925907,0.1,0.5488888888888889,26.97947048611111,79.51151041666667,0.5488888888888889,79.51151041666667,0.21734128892421722,2.5895239581362013,,
hard_st_cage,digits,0,42,42,4.0399941061623394,0.1,0.6444444444444445,27.640661892361113,56.81698784722222,0.6444444444444445,56.81698784722222,0.21743297576904297,2.5892518631206176,,
hard_st_cage,digits,0,43,43,4.138811682118103,0.1,0.6266666666666667,29.372630208333334,56.38976996527778,0.6266666666666667,56.38976996527778,0.217546746134758,2.588980035922851,,
hard_st_cage,digits,0,44,44,4.242420959984884,0.1,0.6622222222222223,30.08966579861111,53.09457465277778,0.6622222222222223,53.09457465277778,0.2177632451057434,2.588695769445718,,
hard_st_cage,digits,0,45,45,4.341178184142336,0.1,0.5888888888888889,30.40215277777778,57.52756510416667,0.5888888888888889,57.52756510416667,0.21808411180973053,2.5883526691407575,,
hard_st_cage,digits,0,46,46,4.463113268138841,0.1,0.6111111111111112,29.698880208333332,78.42560763888889,0.6111111111111112,78.42560763888889,0.21828381717205048,2.5879811448758296,,
hard_st_cage,digits,0,47,47,4.568502070149407,0.1,0.5555555555555556,28.271983506944444,94.8940625,0.5555555555555556,94.8940625,0.218377947807312,2.587613826788674,,
hard_st_cage,digits,0,48,48,4.66842928994447,0.1,0.6955555555555556,27.010672743055554,34.83883680555556,0.6955555555555556,34.83883680555556,0.2184787541627884,2.5872527401545313,,
hard_st_cage,digits,0,49,49,4.774030473083258,0.1,0.6977777777777778,27.404639756944444,42.833081597222225,0.6977777777777778,42.833081597222225,0.21865956485271454,2.586896101807798,,
hard_st_cage,digits,0,50,50,4.872756519122049,0.1,0.6577777777777778,26.456484375,66.60005208333334,0.6577777777777778,66.60005208333334,0.2186981737613678,2.5865365949086065,,
hard_st_cage,digits,0,51,51,4.976525146048516,0.1,0.6355555555555555,26.63930121527778,60.82369357638889,0.6355555555555555,60.82369357638889,0.21856848895549774,2.586233866567487,,
hard_st_cage,digits,0,52,52,5.076596574159339,0.1,0.6088888888888889,26.748680555555556,53.74350694444445,0.6088888888888889,53.74350694444445,0.21874959766864777,2.5859600434048717,,
hard_st_cage,digits,0,53,53,5.174904527142644,0.1,0.54,27.176937934027777,85.49097222222223,0.54,85.49097222222223,0.21893760561943054,2.5856552443497414,,
hard_st_cage,digits,0,54,54,5.273371576098725,0.1,0.64,28.594383680555556,48.19350260416667,0.64,48.19350260416667,0.2193053811788559,2.5853102392565335,,
hard_st_cage,digits,0,55,55,5.369394958019257,0.1,0.6622222222222223,29.739144965277777,43.51846354166667,0.6622222222222223,43.51846354166667,0.2197367548942566,2.5848767171584583,,
hard_st_cage,digits,0,56,56,5.472766519989818,0.1,0.66,30.0825390625,71.96018663194444,0.66,71.96018663194444,0.2200496792793274,2.5843870305290455,,
hard_st_cage,digits,0,57,57,5.591909239068627,0.1,0.6466666666666666,29.04765625,49.95362847222222,0.6466666666666666,49.95362847222222,0.22039833664894104,2.583859552938642,,
hard_st_cage,digits,0,58,58,5.691588765010238,0.1,0.6088888888888889,30.271258680555555,67.50884548611111,0.6088888888888889,67.50884548611111,0.22068804502487183,2.583298376139308,,
hard_st_cage,digits,0,59,59,5.774307958083227,0.1,0.68,29.840082465277778,40.20951822916667,0.68,40.20951822916667,0.22094950079917908,2.582713418170406,,
hard_st_cage,digits,0,60,60,5.857633851002902,0.1,0.7066666666666667,28.870731336805555,36.40503038194444,0.7066666666666667,36.40503038194444,0.221096009016037,2.582139044741676,,
hard_st_cage,digits,0,61,61,5.956735544139519,0.1,0.66,29.127884114583335,53.06195746527778,0.66,53.06195746527778,0.22136780619621277,2.581563881785085,,
hard_st_cage,digits,0,62,62,6.0651900849770755,0.1,0.4666666666666667,27.441942274305557,107.95796875,0.4666666666666667,107.95796875,0.22187936305999756,2.580938951529422,,
hard_st_cage,digits,0,63,63,6.163246555952355,0.1,0.6644444444444444,26.500223524305557,39.97279513888889,0.6644444444444444,39.97279513888889,0.2223711758852005,2.5802457742402534,,
hard_st_cage,digits,0,64,64,6.243638843065128,0.1,0.6711111111111111,25.334470486111112,55.057864583333334,0.6711111111111111,55.057864583333334,0.22275006771087646,2.579494654765174,,
hard_st_cage,digits,0,65,65,6.32966501195915,0.1,0.5622222222222222,26.528446180555555,77.72490451388889,0.5622222222222222,77.72490451388889,0.22304171323776245,2.578736003227665,,
hard_st_cage,digits,0,66,66,6.409707073122263,0.1,0.6688888888888889,26.915666232638888,51.722439236111114,0.6688888888888889,51.722439236111114,0.2233426868915558,2.5779656591148137,,
hard_st_cage,digits,0,67,67,6.48852243903093,0.1,0.5888888888888889,27.148298611111112,57.98467881944445,0.5888888888888889,57.98467881944445,0.22352072596549988,2.577218896172012,,
hard_st_cage,digits,0,68,68,6.5687796890269965,0.1,0.5555555555555556,27.538995225694446,82.16174479166666,0.5555555555555556,82.16174479166666,0.2238442301750183,2.5764736232028773,,
hard_st_cage,digits,0,69,69,6.648771511157975,0.1,0.6911111111111111,27.937955729166667,52.804279513888886,0.6911111111111111,52.804279513888886,0.22420954704284668,2.575716486152415,,
hard_st_cage,digits,0,70,70,6.728519074153155,0.1,0.4888888888888889,27.75447265625,92.16807291666667,0.4888888888888889,92.16807291666667,0.2243099808692932,2.574971919726418,,
hard_st_cage,digits,0,71,71,6.808981774142012,0.1,0.7022222222222222,26.9335546875,47.91329861111111,0.7022222222222222,47.91329861111111,0.22459430992603302,2.5742541088135336,,
hard_st_cage,digits,0,72,72,6.888567946152762,0.1,0.6111111111111112,26.45615234375,57.29209201388889,0.6111111111111112,57.29209201388889,0.22481675446033478,2.5735408992187097,,
hard_st_cage,digits,0,73,73,6.968796217115596,0.1,0.7177777777777777,27.53502170138889,55.28828125,0.7177777777777777,55.28828125,0.22522349655628204,2.5728119364587894,,
hard_st_cage,digits,0,74,74,7.076179460156709,0.1,0.62,28.313695746527777,53.064752604166664,0.62,53.064752604166664,0.22553321719169617,2.572053812053547,,
hard_st_cage,digits,0,75,75,7.187712940154597,0.1,0.5888888888888889,28.379830729166667,70.8171267361111,0.5888888888888889,70.8171267361111,0.22567994892597198,2.571319392680608,,
hard_st_cage,digits,0,76,76,7.314981427043676,0.1,0.7,29.374440104166666,50.56243923611111,0.7,50.56243923611111,0.22590461373329163,2.5706086339821708,,
hard_st_cage,digits,0,77,77,7.4152443499770015,0.1,0.6355555555555555,29.583166232638888,46.41197916666667,0.6355555555555555,46.41197916666667,0.22613421082496643,2.569905493660987,,
hard_st_cage,digits,0,78,78,7.53078425815329,0.1,0.7511111111111111,28.536575520833335,36.36884548611111,0.7511111111111111,36.36884548611111,0.22646448016166687,2.5691902098853623,,
hard_st_cage,digits,0,79,79,7.640869578113779,0.1,0.7377777777777778,28.041436631944446,36.35751302083333,0.7377777777777778,36.35751302083333,0.22660624980926514,2.568498125901775,,
hard_st_cage,digits,0,80,80,7.745248839026317,0.1,0.66,28.354837239583333,37.71592447916667,0.66,37.71592447916667,0.22685456275939941,2.567818071332975,,
hard_st_cage,digits,0,81,81,7.848326706094667,0.1,0.6533333333333333,28.151527777777776,58.16420138888889,0.6533333333333333,58.16420138888889,0.22707560658454895,2.5671508496200386,,
hard_st_cage,digits,0,82,82,7.947719187941402,0.1,0.62,26.596098090277778,71.71624565972222,0.62,71.71624565972222,0.2273648977279663,2.5664725376908786,,
hard_st_cage,digits,0,83,83,8.046879871049896,0.1,0.7555555555555555,26.68238715277778,36.36675564236111,0.7555555555555555,36.36675564236111,0.22770653665065765,2.565783602154327,,
hard_st_cage,digits,0,84,84,8.145760352024809,0.1,0.6177777777777778,28.211280381944444,63.925130208333336,0.6177777777777778,63.925130208333336,0.2280440628528595,2.5650693326514005,,
hard_st_cage,digits,0,85,85,8.243018550099805,0.1,0.7155555555555555,27.451649305555556,35.495883246527775,0.7155555555555555,35.495883246527775,0.2283909022808075,2.5643305670685255,,
hard_st_cage,digits,0,86,86,8.34269812493585,0.1,0.6844444444444444,26.168671875,44.37809027777778,0.6844444444444444,44.37809027777778,0.22894591093063354,2.5635426392809415,,
hard_st_cage,digits,0,87,87,8.442335893167183,0.1,0.6577777777777778,25.211197916666666,65.26491319444445,0.6577777777777778,65.26491319444445,0.22950831055641174,2.5626799676584255,,
hard_st_cage,digits,0,88,88,8.542918666033074,0.1,0.5511111111111111,23.602415364583333,71.96549479166667,0.5511111111111111,71.96549479166667,0.22999486327171326,2.5617712346571335,,
hard_st_cage,digits,0,89,89,8.641520358156413,0.1,0.6888888888888889,22.804383680555556,57.93157986111111,0.6888888888888889,57.93157986111111,0.23056373000144958,2.560790733845953,,
hard_st_cage,digits,0,90,90,8.741343104979023,0.1,0.7,22.367170138888888,47.26517361111111,0.7,47.26517361111111,0.2309764325618744,2.5597837074460688,,
hard_st_cage,digits,0,91,91,8.854839272098616,0.1,0.6844444444444444,21.818042534722224,37.48728298611111,0.6844444444444444,37.48728298611111,0.2313498556613922,2.558774134902156,,
hard_st_cage,digits,0,92,92,8.971336859976873,0.1,0.6444444444444445,21.73373263888889,67.25645399305556,0.6444444444444445,67.25645399305556,0.23163548111915588,2.5577811121795655,,
hard_st_cage,digits,0,93,93,9.07564624515362,0.1,0.68,19.928552517361112,49.06065104166667,0.68,49.06065104166667,0.2319040298461914,2.5568229787667667,,
hard_st_cage,digits,0,94,94,9.177275073016062,0.1,0.66,18.505238715277777,45.553897569444445,0.66,45.553897569444445,0.23229576647281647,2.5558644771679924,,
hard_st_cage,digits,0,95,95,9.277172176167369,0.1,0.5355555555555556,18.934194878472223,75.28455729166667,0.5355555555555556,75.28455729166667,0.23253720998764038,2.5549189941690122,,
hard_st_cage,digits,0,96,96,9.376556238159537,0.1,0.6733333333333333,18.492115885416666,37.936840277777776,0.6733333333333333,37.936840277777776,0.2328343391418457,2.554000126478592,,
hard_st_cage,digits,0,97,97,9.474912734003738,0.1,0.6977777777777778,18.190668402777778,42.58850694444445,0.6977777777777778,42.58850694444445,0.2330418825149536,2.553104576081403,,
hard_st_cage,digits,0,98,98,9.645631965016946,0.1,0.6311111111111111,17.649654947916666,73.69871527777778,0.6311111111111111,73.69871527777778,0.2335255891084671,2.5522052073051515,,
hard_st_cage,digits,0,99,99,9.74317768914625,0.1,0.6466666666666666,19.764077690972222,57.71348524305556,0.6466666666666666,57.71348524305556,0.23397722840309143,2.5512676704255703,,
hard_st_cage,digits,0,100,100,9.85179208801128,0.10222222222222223,0.6377777777777778,20.831770833333334,69.51841579861112,0.6377777777777778,69.51841579861112,0.23431165516376495,2.550318771799916,,
hard_st_cage,digits,0,101,101,9.950675916159526,0.1111111111111111,0.6,19.99246527777778,61.72563368055555,0.6,61.72563368055555,0.2346673607826233,2.549385821122214,,
hard_st_cage,digits,0,102,102,10.058228848036379,0.10444444444444445,0.6977777777777778,19.686223958333333,43.68651475694445,0.6977777777777778,43.68651475694445,0.23511333763599396,2.5484289241789444,,
hard_st_cage,digits,0,103,103,10.135198083007708,0.10888888888888888,0.7377777777777778,19.288745659722224,43.246692708333335,0.7377777777777778,43.246692708333335,0.2354293167591095,2.5474571365284207,,
hard_st_cage,digits,0,104,104,10.216769719030708,0.14,0.6377777777777778,17.30487847222222,48.83866753472222,0.6377777777777778,48.83866753472222,0.23568040132522583,2.5465204192105952,,
hard_st_cage,digits,0,105,105,10.304386029951274,0.14888888888888888,0.74,17.006283637152777,33.69855034722222,0.74,33.69855034722222,0.23614265024662018,2.5455805681788592,,
hard_st_cage,digits,0,106,106,10.400716969976202,0.18,0.7022222222222222,15.61802517361111,47.69909722222222,0.7022222222222222,47.69909722222222,0.23657479882240295,2.5446048933717242,,
hard_st_cage,digits,0,107,107,10.515861587133259,0.25333333333333335,0.7222222222222222,14.267600911458333,45.67265190972222,0.7222222222222222,45.67265190972222,0.23700524866580963,2.5436258442374977,,
hard_st_cage,digits,0,108,108,10.623406843049452,0.27111111111111114,0.7111111111111111,13.836689453125,39.274913194444444,0.7111111111111111,39.274913194444444,0.2374211996793747,2.5426115011333614,,
hard_st_cage,digits,0,109,109,10.733572870027274,0.26666666666666666,0.6777777777777778,13.289437934027777,55.480594618055555,0.6777777777777778,55.480594618055555,0.2377404421567917,2.5416201658818642,,
hard_st_cage,digits,0,110,110,10.836149407085031,0.29777777777777775,0.68,13.100006510416666,47.956493055555555,0.68,47.956493055555555,0.23830586671829224,2.5405936568651626,,
hard_st_cage,digits,0,111,111,10.929554413072765,0.3022222222222222,0.7333333333333333,12.648802083333333,41.95395833333333,0.7333333333333333,41.95395833333333,0.23858654499053955,2.539558553801568,,
hard_st_cage,digits,0,112,112,11.020378702087328,0.29555555555555557,0.7066666666666667,12.823452690972223,47.47841579861111,0.7066666666666667,47.47841579861111,0.2388114333152771,2.5385695586803423,,
hard_st_cage,digits,0,113,113,11.112753811990842,0.29555555555555557,0.6688888888888889,12.605276692708333,45.50434027777778,0.6688888888888889,45.50434027777778,0.2390638142824173,2.5376160945831225,,
hard_st_cage,digits,0,114,114,11.214789028977975,0.32666666666666666,0.7444444444444445,11.58058376736111,41.00302083333333,0.7444444444444445,41.00302083333333,0.23964287340641022,2.536645716332067,,
hard_st_cage,digits,0,115,115,11.323112191166729,0.3333333333333333,0.6555555555555556,10.43084743923611,68.57013888888889,0.6555555555555556,68.57013888888889,0.24022749066352844,2.5356072677297403,,
hard_st_cage,digits,0,116,116,11.431344730081037,0.3088888888888889,0.7088888888888889,11.18674045138889,48.36151909722222,0.7088888888888889,48.36151909722222,0.24091747403144836,2.5344832931151298,,
hard_st_cage,digits,0,117,117,11.54049301194027,0.32222222222222224,0.7555555555555555,10.433231336805555,34.834361979166665,0.7555555555555555,34.834361979166665,0.24129311740398407,2.5333519657409447,,
hard_st_cage,digits,0,118,118,11.644987835083157,0.3711111111111111,0.6511111111111111,9.43775173611111,61.26003472222222,0.6511111111111111,61.26003472222222,0.24161316454410553,2.532239886910802,,
hard_st_cage,digits,0,119,119,11.74956644908525,0.3688888888888889,0.7288888888888889,9.300965711805556,44.56578125,0.7288888888888889,44.56578125,0.24190209805965424,2.5311686997703906,,
hard_st_cage,digits,0,120,120,11.854538412066177,0.36666666666666664,0.6488888888888888,9.490083550347222,49.29188368055556,0.6488888888888888,49.29188368055556,0.24219198524951935,2.5301179377979235,,
block_relaxed,digits,0,1,1,0.02654724381864071,0.17555555555555555,0.08,51.57795572916667,327.3890625,,,,1.0,0,0.025930044939741492
block_relaxed,digits,0,2,2,0.04742584889754653,0.38222222222222224,0.13555555555555557,30.497601996527777,286.68456597222223,,,,1.0,0,0.04680805210955441
block_relaxed,digits,0,3,3,0.06813158188015223,0.5222222222222223,0.18666666666666668,20.172799479166667,246.2453125,,,,1.0,0,0.06751375109888613
block_relaxed,digits,0,4,4,0.0886698558460921,0.6,0.20222222222222222,15.775746527777779,214.48930555555555,,,,1.0,0,0.0880520660430193
block_relaxed,digits,0,5,5,0.10876520490273833,0.6577777777777778,0.28888888888888886,12.093918185763888,169.59986111111112,,,,1.0,0,0.10814740904606879
block_relaxed,digits,0,6,6,0.12905289884656668,0.7044444444444444,0.24888888888888888,10.006854383680556,179.57555555555555,,,,1.0,0,0.12843501311726868
block_relaxed,digits,0,7,7,0.14943655882962048,0.7,0.31777777777777777,8.349427625868056,145.81690972222222,,,,1.0,0,0.14881872106343508
block_relaxed,digits,0,8,8,0.16966017382219434,0.74,0.29777777777777775,7.320696072048611,139.20149305555555,,,,1.0,0,0.16904228110797703
block_relaxed,digits,0,9,9,0.1898714448325336,0.7466666666666667,0.28,6.487917751736111,142.30440972222223,,,,1.0,0,0.189253588905558
block_relaxed,digits,0,10,10,0.2101497098337859,0.7622222222222222,0.3288888888888889,5.687088216145833,116.78625868055556,,,,1.0,0,0.20953184994868934
block_relaxed,digits,0,11,11,0.23043643590062857,0.7666666666666667,0.30444444444444446,5.334261610243056,139.19809027777777,,,,1.0,0,0.22981856996193528
block_relaxed,digits,0,12,12,0.25284032290801406,0.7955555555555556,0.28888888888888886,4.912749565972222,138.07505208333333,,,,1.0,0,0.25222254008986056
block_relaxed,digits,0,13,13,0.2731191539205611,0.7866666666666666,0.27555555555555555,4.690671657986111,174.2396875,,,,1.0,0,0.2725012870505452
block_relaxed,digits,0,14,14,0.29333896678872406,0.7955555555555556,0.2577777777777778,4.4859619140625,152.94460069444443,,,,1.0,0,0.2927211010828614
block_relaxed,digits,0,15,15,0.31356822699308395,0.8088888888888889,0.28444444444444444,4.015559624565972,145.37828125,,,,1.0,0,0.31295035406947136
block_relaxed,digits,0,16,16,0.3340498278848827,0.8066666666666666,0.3511111111111111,4.065995279947916,136.9149826388889,,,,1.0,0,0.3334318979177624
block_relaxed,digits,0,17,17,0.35426068282686174,0.82,0.28444444444444444,3.81750244140625,149.191875,,,,1.0,0,0.35364280291832983
block_relaxed,digits,0,18,18,0.37448880379088223,0.8,0.3,3.738509114583333,147.8437847222222,,,,1.0,0,0.3738709359895438
block_relaxed,digits,0,19,19,0.3952088509686291,0.8133333333333334,0.3111111111111111,3.5538416883680557,152.7095486111111,,,,1.0,0,0.3945910120382905
block_relaxed,digits,0,20,20,0.4153993339277804,0.8355555555555556,0.28,3.3594376627604166,183.82746527777778,,,,1.0,0,0.4147814849857241
block_relaxed,digits,0,21,21,0.4356021578423679,0.8355555555555556,0.29333333333333333,3.300627712673611,183.84595486111112,,,,1.0,0,0.4349842939991504
block_relaxed,digits,0,22,22,0.455816000001505,0.8333333333333334,0.29333333333333333,3.287886284722222,180.06817708333332,,,,1.0,0,0.45519815804436803
block_relaxed,digits,0,23,23,0.47600877890363336,0.8488888888888889,0.26666666666666666,3.002651909722222,176.06572916666667,,,,1.0,0,0.4753908710554242
block_relaxed,digits,0,24,24,0.496256441809237,0.8444444444444444,0.2911111111111111,3.023327365451389,166.2967013888889,,,,1.0,0,0.49563856795430183
block_relaxed,digits,0,25,25,0.5166801898740232,0.8422222222222222,0.22,2.992306586371528,193.37956597222222,,,,1.0,0,0.5160623770207167
block_relaxed,digits,0,26,26,0.5367596908472478,0.8355555555555556,0.20666666666666667,3.270143771701389,178.04340277777777,,,,1.0,0,0.5361418300308287
block_relaxed,digits,0,27,27,0.5570349139161408,0.8444444444444444,0.22,2.875247124565972,175.83534722222223,,,,1.0,0,0.5564171040896326
block_relaxed,digits,0,28,28,0.5774054857902229,0.8422222222222222,0.22,2.7570475260416667,185.8295486111111,,,,1.0,0,0.5767876030877233
block_relaxed,digits,0,29,29,0.597583404975012,0.8533333333333334,0.21555555555555556,2.65912109375,196.9220659722222,,,,1.0,0,0.5969655029475689
block_relaxed,digits,0,30,30,0.6179999138694257,0.8266666666666667,0.20444444444444446,2.8924842664930557,199.12678819444446,,,,1.0,0,0.6173820591066033
block_relaxed,digits,0,1,31,0.6468879289459437,0.10222222222222223,0.1,23.162378472222223,300.34229166666665,,,,1.0,1,0.02462115790694952
block_relaxed,digits,0,2,32,0.6700668218545616,0.14444444444444443,0.1,11.254346788194445,298.44208333333336,,,,1.0,1,0.047800069907680154
block_relaxed,digits,0,3,33,0.6932701109908521,0.16,0.1,8.806896158854167,287.80361111111114,,,,1.0,1,0.07100335508584976
block_relaxed,digits,0,4,34,0.7163119269534945,0.23555555555555555,0.1,6.330881618923611,283.8962152777778,,,,1.0,1,0.09404517291113734
block_relaxed,digits,0,5,35,0.7394425198435783,0.2822222222222222,0.1,4.926354166666667,270.1566666666667,,,,1.0,1,0.11717577208764851
block_relaxed,digits,0,6,36,0.7623290307819843,0.3888888888888889,0.1,3.792258843315972,267.99913194444446,,,,1.0,1,0.1400622760411352
block_relaxed,digits,0,7,37,0.7853960657957941,0.42444444444444446,0.1,3.1954576280381946,264.12916666666666,,,,1.0,1,0.16312932199798524
block_relaxed,digits,0,8,38,0.808307213941589,0.48444444444444446,0.1,2.765295138888889,230.15064236111112,,,,1.0,1,0.18604053393937647
block_relaxed,digits,0,9,39,0.831448026932776,0.54,0.1,2.2932866753472223,236.61975694444445,,,,1.0,1,0.20918139209970832
block_relaxed,digits,0,10,40,0.8546097378712147,0.6133333333333333,0.1,1.9067157660590277,236.99170138888888,,,,1.0,1,0.23234292189590633
block_relaxed,digits,0,11,41,0.8774455059319735,0.6333333333333333,0.1,1.6843724229600694,236.99170138888888,,,,1.0,1,0.2551786929834634
block_relaxed,digits,0,12,42,0.9007190258707851,0.6666666666666666,0.1,1.543713650173611,236.51833333333335,,,,1.0,1,0.27845229604281485
block_relaxed,digits,0,13,43,0.9237305498681962,0.6755555555555556,0.1,1.4199750434027778,218.05430555555554,,,,1.0,1,0.3014637141022831
block_relaxed,digits,0,14,44,0.9468390468973666,0.6955555555555556,0.1,1.3872672526041667,225.2053125,,,,1.0,1,0.3245723219588399
block_relaxed,digits,0,15,45,0.9696143548935652,0.6933333333333334,0.1,1.2355623372395834,223.2620138888889,,,,1.0,1,0.3473476250655949
block_relaxed,digits,0,16,46,0.9926374407950789,0.7155555555555555,0.10222222222222223,1.196104736328125,182.61366319444446,,,,1.0,1,0.37037070002406836
block_relaxed,digits,0,17,47,1.0155875589698553,0.7222222222222222,0.10222222222222223,1.1082147894965277,182.27046875,,,,1.0,1,0.3933208719827235
block_relaxed,digits,0,18,48,1.0386230139993131,0.7533333333333333,0.10222222222222223,1.0300789388020832,182.83265625,,,,1.0,1,0.4163563319016248
block_relaxed,digits,0,19,49,1.0613647708669305,0.7311111111111112,0.1,1.0178526475694445,185.87048611111112,,,,1.0,1,0.43909805407747626
block_relaxed,digits,0,20,50,1.0844711198005825,0.7488888888888889,0.1,0.9499886745876737,175.18598958333334,,,,1.0,1,0.4622043459676206
block_relaxed,digits,0,21,51,1.1073983409442008,0.7444444444444445,0.1,1.0332696533203125,176.44413194444445,,,,1.0,1,0.4851315969135612
block_relaxed,digits,0,22,52,1.1304450889583677,0.7622222222222222,0.10222222222222223,0.9549076334635417,170.88020833333334,,,,1.0,1,0.5081782839260995
block_relaxed,digits,0,23,53,1.153442840790376,0.7533333333333333,0.10222222222222223,0.9683057318793403,170.88020833333334,,,,1.0,1,0.53117611608468
block_relaxed,digits,0,24,54,1.1765635588672012,0.7622222222222222,0.10222222222222223,0.8612063259548611,166.42800347222223,,,,1.0,1,0.5542968169320375
block_relaxed,digits,0,25,55,1.1994381668046117,0.78,0.12444444444444444,0.8260978190104167,149.27175347222223,,,,1.0,1,0.5771714390721172
block_relaxed,digits,0,26,56,1.2220949789043516,0.7933333333333333,0.12444444444444444,0.7954592556423611,151.35746527777778,,,,1.0,1,0.599828306119889
block_relaxed,digits,0,27,57,1.2449116969946772,0.8044444444444444,0.12444444444444444,0.7644491238064236,152.01496527777778,,,,1.0,1,0.6226449750829488
block_relaxed,digits,0,28,58,1.2677636328153312,0.7955555555555556,0.12222222222222222,0.7983013916015625,156.80729166666666,,,,1.0,1,0.6454969660844654
block_relaxed,digits,0,29,59,1.290680200792849,0.8044444444444444,0.12222222222222222,0.7311383056640625,159.16383680555555,,,,1.0,1,0.668413442093879
block_relaxed,digits,0,30,60,1.3138017479795963,0.8155555555555556,0.12222222222222222,0.7364976671006944,159.16383680555555,,,,1.0,1,0.691535095917061
block_relaxed,digits,0,1,61,1.3440628189127892,0.1,0.11777777777777777,6.974285481770833,116.56663194444444,,,,1.0,2,0.024375898065045476
block_relaxed,digits,0,2,62,1.366970334900543,0.09777777777777778,0.11777777777777777,5.5461376953125,105.60123263888889,,,,1.0,2,0.04728339798748493
block_relaxed,digits,0,3,63,1.3898924668319523,0.07555555555555556,0.1,4.239480523003472,117.78916666666667,,,,1.0,2,0.07020548800937831
block_relaxed,digits,0,4,64,1.4127145397942513,0.11333333333333333,0.1,3.453247612847222,121.51066840277778,,,,1.0,2,0.09302761196158826
block_relaxed,digits,0,5,65,1.4355969037860632,0.12,0.1,2.8938639322916666,109.66126736111111,,,,1.0,2,0.1159100141376257
block_relaxed,digits,0,6,66,1.4584345689509064,0.10666666666666667,0.1,2.6710172526041664,117.0028125,,,,1.0,2,0.1387476420495659
block_relaxed,digits,0,7,67,1.4815592297818512,0.14888888888888888,0.1,2.5287239583333334,109.53071180555555,,,,1.0,2,0.16187238204292953
block_relaxed,digits,0,8,68,1.5045321898069233,0.13555555555555557,0.1,2.4012521701388887,114.53,,,,1.0,2,0.1848452549893409
block_relaxed,digits,0,9,69,1.5275585257913917,0.16666666666666666,0.1,2.5048288302951387,111.92311631944445,,,,1.0,2,0.20787152904085815
block_relaxed,digits,0,10,70,1.5515177038032562,0.2088888888888889,0.1,2.300959743923611,118.16188368055556,,,,1.0,2,0.23183079715818167
block_relaxed,digits,0,11,71,1.5725268239621073,0.2,0.1,2.3529983181423613,96.55587673611112,,,,1.0,2,0.2528398600406945
block_relaxed,digits,0,12,72,1.5934247868135571,0.24666666666666667,0.1,2.14865478515625,96.55587673611112,,,,1.0,2,0.2737378301098943
block_relaxed,digits,0,13,73,1.614269221900031,0.27555555555555555,0.1288888888888889,2.1016560872395833,84.928671875,,,,1.0,2,0.2945823250338435
block_relaxed,digits,0,14,74,1.6352233968209475,0.2733333333333333,0.14222222222222222,2.184953070746528,74.29842013888889,,,,1.0,2,0.3155364510603249
block_relaxed,digits,0,15,75,1.6561717849690467,0.3022222222222222,0.14222222222222222,1.9978458658854166,74.90795138888889,,,,1.0,2,0.3364847400225699
block_relaxed,digits,0,16,76,1.6770718079060316,0.34,0.14222222222222222,1.898449978298611,82.66109375,,,,1.0,2,0.357384879142046
block_relaxed,digits,0,17,77,1.6981311028357595,0.38,0.10222222222222223,1.8606612141927084,81.93557291666667,,,,1.0,2,0.37844412215054035
block_relaxed,digits,0,18,78,1.7190097768325359,0.40444444444444444,0.10222222222222223,1.7861558702256946,80.68791666666667,,,,1.0,2,0.39932282897643745
block_relaxed,digits,0,19,79,1.7398418979719281,0.36,0.10222222222222223,1.7827327473958334,82.92725694444445,,,,1.0,2,0.42015499295666814
block_relaxed,digits,0,20,80,1.7606504678260535,0.4266666666666667,0.18666666666666668,1.6098136393229168,68.26993055555556,,,,1.0,2,0.44096351601183414
block_relaxed,digits,0,21,81,1.781530006788671,0.4066666666666667,0.18666666666666668,1.6763069661458334,68.11233506944444,,,,1.0,2,0.4618430689442903
block_relaxed,digits,0,22,82,1.8024133348371834,0.4622222222222222,0.1622222222222222,1.559930419921875,62.88180555555556,,,,1.0,2,0.4827264160849154
block_relaxed,digits,0,23,83,1.8233296019025147,0.47555555555555556,0.19111111111111112,1.646111111111111,54.45857204861111,,,,1.0,2,0.5036426500882953
block_relaxed,digits,0,24,84,1.844064777949825,0.4955555555555556,0.10222222222222223,1.5333102756076389,76.78854166666666,,,,1.0,2,0.5243777739815414
block_relaxed,digits,0,25,85,1.8649896448478103,0.5088888888888888,0.10222222222222223,1.502703857421875,79.6758767361111,,,,1.0,2,0.5453027749899775
block_relaxed,digits,0,26,86,1.8891261569224298,0.4688888888888889,0.10222222222222223,1.4521725802951388,77.27196180555555,,,,1.0,2,0.5694391950964928
block_relaxed,digits,0,27,87,1.91241664881818,0.5511111111111111,0.10222222222222223,1.3637080891927083,82.24346354166667,,,,1.0,2,0.592729743104428
block_relaxed,digits,0,28,88,1.935435322811827,0.5822222222222222,0.10222222222222223,1.2826424153645832,77.362578125,,,,1.0,2,0.6157483390998095
block_relaxed,digits,0,29,89,1.9584289609920233,0.6066666666666667,0.10222222222222223,1.2302476671006946,77.362578125,,,,1.0,2,0.6387420201208442
block_relaxed,digits,0,30,90,1.9816689358558506,0.5533333333333333,0.10222222222222223,1.3477201334635416,72.83605902777778,,,,1.0,2,0.6619820429477841
block_relaxed,digits,0,1,91,2.013539573876187,0.14444444444444443,0.10222222222222223,10.149494357638888,148.61984375,,,,1.0,3,0.024118209024891257
block_relaxed,digits,0,2,92,2.036469306796789,0.1,0.10222222222222223,5.534835069444444,96.50157986111111,,,,1.0,3,0.047048021107912064
block_relaxed,digits,0,3,93,2.059155457885936,0.1,0.10222222222222223,3.8626190863715277,95.42875,,,,1.0,3,0.06973409815691411
block_relaxed,digits,0,4,94,2.0820472119376063,0.10888888888888888,0.10222222222222223,2.86577392578125,103.65512152777778,,,,1.0,3,0.09262585919350386
block_relaxed,digits,0,5,95,2.1049248059280217,0.10444444444444445,0.10222222222222223,2.6199012586805557,97.81871527777778,,,,1.0,3,0.11550347413867712
block_relaxed,digits,0,6,96,2.1276081698015332,0.10444444444444445,0.10222222222222223,2.480447319878472,97.81871527777778,,,,1.0,3,0.1381868622265756
block_relaxed,digits,0,7,97,2.1547135699074715,0.1,0.10222222222222223,2.422924262152778,97.81871527777778,,,,1.0,3,0.16529226815328002
block_relaxed,digits,0,8,98,2.1777702898252755,0.14222222222222222,0.10222222222222223,2.4550056966145832,97.81871527777778,,,,1.0,3,0.18834900204092264
block_relaxed,digits,0,9,99,2.200485036941245,0.13111111111111112,0.10222222222222223,2.4063761393229166,97.56072916666666,,,,1.0,3,0.21106373006477952
block_relaxed,digits,0,10,100,2.223251143936068,0.08222222222222222,0.10222222222222223,2.399983181423611,96.24359375,,,,1.0,3,0.23382978211157024
block_relaxed,digits,0,11,101,2.246123618911952,0.10666666666666667,0.10222222222222223,2.3843416341145836,96.24359375,,,,1.0,3,0.25670230900868773
block_relaxed,digits,0,12,102,2.2689059029798955,0.13555555555555557,0.10222222222222223,2.4005311414930555,99.20057291666667,,,,1.0,3,0.279484577011317
block_relaxed,digits,0,13,103,2.2914878169540316,0.09555555555555556,0.10222222222222223,2.408755425347222,99.20057291666667,,,,1.0,3,0.3020664390642196
block_relaxed,digits,0,14,104,2.314264700980857,0.06444444444444444,0.10222222222222223,2.4336783854166666,99.01972222222223,,,,1.0,3,0.32484340318478644
block_relaxed,digits,0,15,105,2.3368083958048373,0.1111111111111111,0.10222222222222223,2.429854329427083,99.01972222222223,,,,1.0,3,0.3473870111629367
block_relaxed,digits,0,16,106,2.3595307897776365,0.10888888888888888,0.10222222222222223,2.3769661458333333,99.01972222222223,,,,1.0,3,0.3701094991993159
block_relaxed,digits,0,17,107,2.3821235769428313,0.11333333333333333,0.10222222222222223,2.442638888888889,98.321328125,,,,1.0,3,0.3927022870630026
block_relaxed,digits,0,18,108,2.4046219778247178,0.14666666666666667,0.10222222222222223,2.4884738498263888,98.321328125,,,,1.0,3,0.4152006630320102
block_relaxed,digits,0,19,109,2.4272365958895534,0.12666666666666668,0.10222222222222223,2.4726133897569444,98.321328125,,,,1.0,3,0.4378152331337333
block_relaxed,digits,0,20,110,2.4499366939999163,0.07111111111111111,0.10222222222222223,2.4024397786458334,98.321328125,,,,1.0,3,0.4605153801385313
block_relaxed,digits,0,21,111,2.4722888639662415,0.15333333333333332,0.10222222222222223,2.4233718532986113,98.321328125,,,,1.0,3,0.48286754614673555
block_relaxed,digits,0,22,112,2.494907329790294,0.09555555555555556,0.10222222222222223,2.5317578125,100.23018229166667,,,,1.0,3,0.5054860392119735
block_relaxed,digits,0,23,113,2.5175464570056647,0.1,0.10222222222222223,2.539179958767361,94.05490451388889,,,,1.0,3,0.5281250982079655
block_relaxed,digits,0,24,114,2.540689212968573,0.1688888888888889,0.10222222222222223,2.458054470486111,94.05490451388889,,,,1.0,3,0.5512678171508014
block_relaxed,digits,0,25,115,2.5639550408814102,0.09555555555555556,0.10222222222222223,2.496940375434028,91.58802083333333,,,,1.0,3,0.5745337470434606
block_relaxed,digits,0,26,116,2.5868840869516134,0.13333333333333333,0.10222222222222223,2.4141341145833333,90.67461805555556,,,,1.0,3,0.5974628301337361
block_relaxed,digits,0,27,117,2.6098657238762826,0.21333333333333335,0.10222222222222223,2.359441189236111,88.50485243055556,,,,1.0,3,0.6204444000031799
block_relaxed,digits,0,28,118,2.63282076199539,0.14444444444444443,0.10222222222222223,2.3166105143229165,91.02207465277777,,,,1.0,3,0.6433995061088353
block_relaxed,digits,0,29,119,2.6557871690019965,0.1511111111111111,0.10222222222222223,2.3958167860243056,89.60552951388888,,,,1.0,3,0.6663658272009343
block_relaxed,digits,0,30,120,2.678838136838749,0.13555555555555557,0.10222222222222223,2.3640220811631942,68.78565972222222,,,,1.0,3,0.6894169352017343
block_hard_refit,digits,0,1,1,0.023285334929823875,0.17555555555555555,0.08,51.57795572916667,327.3890625,,,,1.0,0,0.02289077709428966
block_hard_refit,digits,0,2,2,0.04569497611373663,0.38222222222222224,0.13555555555555557,30.497601996527777,286.68456597222223,,,,1.0,0,0.04530037613585591
block_hard_refit,digits,0,3,3,0.06822578911669552,0.5222222222222223,0.18666666666666668,20.172799479166667,246.2453125,,,,1.0,0,0.06783124408684671
block_hard_refit,digits,0,4,4,0.0905293570831418,0.6,0.20222222222222222,15.775746527777779,214.48930555555555,,,,1.0,0,0.09013478504493833
block_hard_refit,digits,0,5,5,0.11301288101822138,0.6577777777777778,0.28888888888888886,12.093918185763888,169.59986111111112,,,,1.0,0,0.11261832597665489
block_hard_refit,digits,0,6,6,0.13555579399690032,0.7044444444444444,0.24888888888888888,10.006854383680556,179.57555555555555,,,,1.0,0,0.1351612249854952
block_hard_refit,digits,0,7,7,0.15792995295487344,0.7,0.31777777777777777,8.349427625868056,145.81690972222222,,,,1.0,0,0.15753540000878274
block_hard_refit,digits,0,8,8,0.18028789712116122,0.74,0.29777777777777775,7.320696072048611,139.20149305555555,,,,1.0,0,0.17989343008957803
block_hard_refit,digits,0,9,9,0.20256063109263778,0.7466666666666667,0.28,6.487917751736111,142.30440972222223,,,,1.0,0,0.2021660879254341
block_hard_refit,digits,0,10,10,0.22453816211782396,0.7622222222222222,0.3288888888888889,5.687088216145833,116.78625868055556,,,,1.0,0,0.22414360311813653
block_hard_refit,digits,0,11,11,0.24373283609747887,0.7666666666666667,0.30444444444444446,5.334261610243056,139.19809027777777,,,,1.0,0,0.24333816207945347
block_hard_refit,digits,0,12,12,0.2629901859909296,0.7955555555555556,0.28888888888888886,4.912749565972222,138.07505208333333,,,,1.0,0,0.26259557204321027
block_hard_refit,digits,0,13,13,0.28225253196433187,0.7866666666666666,0.27555555555555555,4.690671657986111,174.2396875,,,,1.0,0,0.2818578870501369
block_hard_refit,digits,0,14,14,0.30144613212905824,0.7955555555555556,0.2577777777777778,4.4859619140625,152.94460069444443,,,,1.0,0,0.3010514681227505
block_hard_refit,digits,0,15,15,0.3207989300135523,0.8088888888888889,0.28444444444444444,4.015559624565972,145.37828125,,,,1.0,0,0.3204043519217521
block_hard_refit,digits,0,16,16,0.34002361609600484,0.8066666666666666,0.3511111111111111,4.065995279947916,136.9149826388889,,,,1.0,0,0.33962904498912394
block_hard_refit,digits,0,17,17,0.3606276379432529,0.82,0.28444444444444444,3.81750244140625,149.191875,,,,1.0,0,0.36023303493857384
block_hard_refit,digits,0,18,18,0.38313811109401286,0.8,0.3,3.738509114583333,147.8437847222222,,,,1.0,0,0.38274353998713195
block_hard_refit,digits,0,19,19,0.4055914869531989,0.8133333333333334,0.3111111111111111,3.5538416883680557,152.7095486111111,,,,1.0,0,0.40519698709249496
block_hard_refit,digits,0,20,20,0.4278388179372996,0.8355555555555556,0.28,3.3594376627604166,183.82746527777778,,,,1.0,0,0.4274442361202091
block_hard_refit,digits,0,21,21,0.4503770349547267,0.8355555555555556,0.29333333333333333,3.300627712673611,183.84595486111112,,,,1.0,0,0.4499824079684913
block_hard_refit,digits,0,22,22,0.47292778897099197,0.8333333333333334,0.29333333333333333,3.287886284722222,180.06817708333332,,,,1.0,0,0.4725332639645785
block_hard_refit,digits,0,23,23,0.49541619210503995,0.8488888888888889,0.26666666666666666,3.002651909722222,176.06572916666667,,,,1.0,0,0.4950215721037239
block_hard_refit,digits,0,24,24,0.5178338440600783,0.8444444444444444,0.2911111111111111,3.023327365451389,166.2967013888889,,,,1.0,0,0.5174392960034311
block_hard_refit,digits,0,25,25,0.5402760170400143,0.8422222222222222,0.22,2.992306586371528,193.37956597222222,,,,1.0,0,0.5398814841173589
block_hard_refit,digits,0,26,26,0.5628130671102554,0.8355555555555556,0.20666666666666667,3.270143771701389,178.04340277777777,,,,1.0,0,0.5624184489715844
block_hard_refit,digits,0,27,27,0.5849469341337681,0.8444444444444444,0.22,2.875247124565972,175.83534722222223,,,,1.0,0,0.5845522729214281
block_hard_refit,digits,0,28,28,0.6045528990216553,0.8422222222222222,0.22,2.7570475260416667,185.8295486111111,,,,1.0,0,0.6041583351325244
block_hard_refit,digits,0,29,29,0.6237966329790652,0.8533333333333334,0.21555555555555556,2.65912109375,196.9220659722222,,,,1.0,0,0.623402033932507
block_hard_refit,digits,0,30,30,0.6430399711243808,0.8266666666666667,0.20444444444444446,2.8924842664930557,199.12678819444446,,,,1.0,0,0.6426453809253871
block_hard_refit,digits,0,1,31,0.7376573111396283,0.17777777777777778,0.12666666666666668,47.7409765625,387.45722222222224,,,,1.0,1,0.020397918997332454
block_hard_refit,digits,0,2,32,0.7572808519471437,0.3111111111111111,0.14222222222222222,31.41517361111111,369.0342361111111,,,,1.0,1,0.04002149496227503
block_hard_refit,digits,0,3,33,0.7768804461229593,0.4533333333333333,0.18666666666666668,18.690594618055556,292.0231597222222,,,,1.0,1,0.05962112499400973
block_hard_refit,digits,0,4,34,0.7965485111344606,0.5222222222222223,0.19111111111111112,13.031469184027777,286.2245486111111,,,,1.0,1,0.07928921491838992
block_hard_refit,digits,0,5,35,0.8161046679597348,0.6244444444444445,0.18222222222222223,9.664212239583334,264.8462847222222,,,,1.0,1,0.0988453000318259
block_hard_refit,digits,0,6,36,0.8356077270582318,0.6733333333333333,0.2088888888888889,8.35914822048611,249.54633680555557,,,,1.0,1,0.11834841989912093
block_hard_refit,digits,0,7,37,0.8552034460008144,0.7066666666666667,0.19333333333333333,7.238817274305555,245.97100694444444,,,,1.0,1,0.13794408692047
block_hard_refit,digits,0,8,38,0.874784393934533,0.7244444444444444,0.19333333333333333,6.5907183159722225,239.97100694444444,,,,1.0,1,0.1575250739697367
block_hard_refit,digits,0,9,39,0.8943885650951415,0.7333333333333333,0.19111111111111112,6.067133246527778,239.3004861111111,,,,1.0,1,0.1771292369812727
block_hard_refit,digits,0,10,40,0.9140340320300311,0.7511111111111111,0.18444444444444444,5.672984483506944,231.52423611111112,,,,1.0,1,0.19677462498657405
block_hard_refit,digits,0,11,41,0.9335921891033649,0.7533333333333333,0.1711111111111111,5.148435329861111,241.5270486111111,,,,1.0,1,0.21633281698450446
block_hard_refit,digits,0,12,42,0.953201430151239,0.7733333333333333,0.16666666666666666,4.822006293402778,246.85578125,,,,1.0,1,0.23594212695024908
block_hard_refit,digits,0,13,43,0.9727617290336639,0.7688888888888888,0.16666666666666666,4.506825358072916,233.07361111111112,,,,1.0,1,0.2555024118628353
block_hard_refit,digits,0,14,44,0.9922530560288578,0.7866666666666666,0.1622222222222222,4.391969401041667,234.86682291666668,,,,1.0,1,0.2749937060289085
block_hard_refit,digits,0,15,45,1.0117809840012342,0.7844444444444445,0.15555555555555556,4.213916558159722,219.29022569444444,,,,1.0,1,0.2945216600783169
block_hard_refit,digits,0,16,46,1.0312935400288552,0.8,0.14666666666666667,4.1484190538194445,223.34335069444444,,,,1.0,1,0.31403444590978324
block_hard_refit,digits,0,17,47,1.050916280131787,0.7844444444444445,0.14666666666666667,4.023116048177084,223.34335069444444,,,,1.0,1,0.33365717390552163
block_hard_refit,digits,0,18,48,1.0705508161336184,0.7911111111111111,0.14,3.9046006944444445,246.6392013888889,,,,1.0,1,0.35329157998785377
block_hard_refit,digits,0,19,49,1.0913261889945716,0.8044444444444444,0.13111111111111112,3.7771430121527776,263.98706597222224,,,,1.0,1,0.3740679279435426
block_hard_refit,digits,0,20,50,1.1112238429486752,0.7933333333333333,0.13111111111111112,3.8336916775173613,265.0966319444444,,,,1.0,1,0.3939645530190319
block_hard_refit,digits,0,21,51,1.13083053403534,0.8022222222222222,0.11777777777777777,3.565673285590278,272.64550347222223,,,,1.0,1,0.4135712089482695
block_hard_refit,digits,0,22,52,1.150390949100256,0.7933333333333333,0.11333333333333333,3.6014735243055553,343.86840277777776,,,,1.0,1,0.43313169898465276
block_hard_refit,digits,0,23,53,1.1699759541079402,0.7911111111111111,0.12,3.4322322591145835,369.4373263888889,,,,1.0,1,0.45271662389859557
block_hard_refit,digits,0,24,54,1.1896074109245092,0.7955555555555556,0.12,3.554723578559028,389.21510416666666,,,,1.0,1,0.4723480448592454
block_hard_refit,digits,0,25,55,1.2091673179529607,0.8,0.12,3.3546961805555555,388.7706597222222,,,,1.0,1,0.4919080319814384
block_hard_refit,digits,0,26,56,1.228787301108241,0.8066666666666666,0.10888888888888888,3.2331065538194443,326.41805555555555,,,,1.0,1,0.5115280470345169
block_hard_refit,digits,0,27,57,1.2483463729731739,0.8111111111111111,0.12,3.201050075954861,388.7706597222222,,,,1.0,1,0.5310870369430631
block_hard_refit,digits,0,28,58,1.2679170230403543,0.8177777777777778,0.1111111111111111,2.9989583333333334,389.2338541666667,,,,1.0,1,0.5506578348577023
block_hard_refit,digits,0,29,59,1.2874867089558393,0.8044444444444444,0.1111111111111111,3.2264908854166667,387.0127777777778,,,,1.0,1,0.5702275838702917
block_hard_refit,digits,0,30,60,1.3073150580748916,0.8155555555555556,0.1111111111111111,2.956396484375,387.0127777777778,,,,1.0,1,0.5900558209978044
block_hard_refit,digits,0,1,61,1.4001077979337424,0.24,0.2,53.799479166666664,231.40069444444444,,,,1.0,2,0.019962589954957366
block_hard_refit,digits,0,2,62,1.4196412391029298,0.3,0.25333333333333335,39.963420138888885,204.94736111111112,,,,1.0,2,0.03949591796845198
block_hard_refit,digits,0,3,63,1.439262970117852,0.37777777777777777,0.22,27.45533203125,197.8707986111111,,,,1.0,2,0.059117716969922185
block_hard_refit,digits,0,4,64,1.4587517830077559,0.39555555555555555,0.22666666666666666,20.820505642361113,208.27637152777777,,,,1.0,2,0.07860652101226151
block_hard_refit,digits,0,5,65,1.4782782329712063,0.5155555555555555,0.22444444444444445,14.813274739583333,184.0965451388889,,,,1.0,2,0.09813293791376054
block_hard_refit,digits,0,6,66,1.4979561960790306,0.5533333333333333,0.21555555555555556,12.098382161458334,194.95899305555557,,,,1.0,2,0.11781092802993953
block_hard_refit,digits,0,7,67,1.517418968025595,0.5933333333333334,0.23555555555555555,9.540861545138888,197.62548611111112,,,,1.0,2,0.13727373792789876
block_hard_refit,digits,0,8,68,1.5369656239636242,0.66,0.24666666666666667,8.283953450520833,187.87152777777777,,,,1.0,2,0.15682036895304918
block_hard_refit,digits,0,9,69,1.5565912849269807,0.6666666666666666,0.25555555555555554,7.442228190104166,198.73774305555557,,,,1.0,2,0.17644596309401095
block_hard_refit,digits,0,10,70,1.5760777089744806,0.7088888888888889,0.24444444444444444,6.693374565972222,199.57888888888888,,,,1.0,2,0.1959324819035828
block_hard_refit,digits,0,11,71,1.5955143489409238,0.7066666666666667,0.2511111111111111,6.301218532986111,182.70223958333332,,,,1.0,2,0.21536916308104992
block_hard_refit,digits,0,12,72,1.615022520069033,0.7177777777777777,0.26,5.600520833333333,184.71828125,,,,1.0,2,0.23487731302157044
block_hard_refit,digits,0,13,73,1.6344640690367669,0.7333333333333333,0.2866666666666667,5.394694010416667,166.2850173611111,,,,1.0,2,0.25431884499266744
block_hard_refit,digits,0,14,74,1.6539036990143359,0.7377777777777778,0.28444444444444444,4.923299153645833,159.18710069444444,,,,1.0,2,0.27375845797359943
block_hard_refit,digits,0,15,75,1.6734309340827167,0.7577777777777778,0.2822222222222222,4.694329969618056,142.37796875,,,,1.0,2,0.29328561993315816
block_hard_refit,digits,0,16,76,1.6928402890916914,0.7488888888888889,0.30444444444444446,4.387765299479167,138.5706076388889,,,,1.0,2,0.3126950990408659
block_hard_refit,digits,0,17,77,1.7122690491378307,0.76,0.30444444444444446,4.226637641059027,137.9026388888889,,,,1.0,2,0.3321238220669329
block_hard_refit,digits,0,18,78,1.7317417750600725,0.7755555555555556,0.30444444444444446,4.098136393229167,141.23555555555555,,,,1.0,2,0.3515965389087796
block_hard_refit,digits,0,19,79,1.7512135410215706,0.7666666666666667,0.30444444444444446,3.7609765625,141.23555555555555,,,,1.0,2,0.37106823711656034
block_hard_refit,digits,0,20,80,1.7706818089354783,0.7622222222222222,0.28888888888888886,3.8794932725694444,144.80321180555555,,,,1.0,2,0.3905365029349923
block_hard_refit,digits,0,21,81,1.7904745650012046,0.7733333333333333,0.29777777777777775,3.6827769639756944,151.63118055555555,,,,1.0,2,0.41032935306429863
block_hard_refit,digits,0,22,82,1.8098984560929239,0.7577777777777778,0.28888888888888886,3.7834404839409723,144.80321180555555,,,,1.0,2,0.42975327908061445
block_hard_refit,digits,0,23,83,1.8293121811002493,0.7955555555555556,0.28444444444444444,3.438198513454861,145.87817708333333,,,,1.0,2,0.44916689791716635
block_hard_refit,digits,0,24,84,1.8488194800447673,0.78,0.29333333333333333,3.400895724826389,139.24574652777778,,,,1.0,2,0.4686742250341922
block_hard_refit,digits,0,25,85,1.8682829029858112,0.7866666666666666,0.2644444444444444,3.612176920572917,153.85503472222223,,,,1.0,2,0.4881376870907843
block_hard_refit,digits,0,26,86,1.8877343439962715,0.8,0.26,3.16725341796875,149.6837847222222,,,,1.0,2,0.5075891651213169
block_hard_refit,digits,0,27,87,1.9072211671154946,0.7888888888888889,0.2577777777777778,3.2787999131944443,159.88883680555554,,,,1.0,2,0.5270759051200002
block_hard_refit,digits,0,28,88,1.9266404351219535,0.7933333333333333,0.26666666666666666,3.00078369140625,146.13270833333334,,,,1.0,2,0.5464951780159026
block_hard_refit,digits,0,29,89,1.9460823971312493,0.76,0.2688888888888889,3.2041552734375,154.73907986111112,,,,1.0,2,0.5659371730871499
block_hard_refit,digits,0,30,90,1.9655662479344755,0.7911111111111111,0.25333333333333335,2.8123388671875,157.66491319444444,,,,1.0,2,0.5854209910612553
block_hard_refit,digits,0,1,91,2.0591659829951823,0.22666666666666666,0.14666666666666667,47.899913194444444,340.8825,,,,1.0,3,0.02017366699874401
block_hard_refit,digits,0,2,92,2.0789354459848255,0.2911111111111111,0.14888888888888888,31.705381944444444,320.2419791666667,,,,1.0,3,0.039943113923072815
block_hard_refit,digits,0,3,93,2.098433509003371,0.3022222222222222,0.14888888888888888,22.657894965277777,309.16180555555553,,,,1.0,3,0.059441142017021775
block_hard_refit,digits,0,4,94,2.117892683017999,0.4533333333333333,0.14666666666666667,17.19328125,273.6370138888889,,,,1.0,3,0.07890031998977065
block_hard_refit,digits,0,5,95,2.1373467969242483,0.5133333333333333,0.1511111111111111,13.033348524305556,307.1828125,,,,1.0,3,0.09835443389602005
block_hard_refit,digits,0,6,96,2.1570404791273177,0.5111111111111111,0.15777777777777777,10.890199652777778,318.93618055555555,,,,1.0,3,0.11804810096509755
block_hard_refit,digits,0,7,97,2.1764622831251472,0.5644444444444444,0.1688888888888889,9.136678602430555,326.44138888888887,,,,1.0,3,0.13746999111026525
block_hard_refit,digits,0,8,98,2.1959678321145475,0.6,0.1688888888888889,7.701091579861111,311.5907638888889,,,,1.0,3,0.1569754909723997
block_hard_refit,digits,0,9,99,2.2155013200826943,0.6222222222222222,0.14888888888888888,6.744013671875,316.4729861111111,,,,1.0,3,0.17650898802094162
block_hard_refit,digits,0,10,100,2.235034646000713,0.6266666666666667,0.1288888888888889,6.093476019965278,295.1229861111111,,,,1.0,3,0.1960422289557755
block_hard_refit,digits,0,11,101,2.2544858830515295,0.6222222222222222,0.1288888888888889,5.5819715711805555,292.9007638888889,,,,1.0,3,0.2154935800936073
block_hard_refit,digits,0,12,102,2.2739901449531317,0.6488888888888888,0.14,5.285081380208333,298.43878472222224,,,,1.0,3,0.2349977670237422
block_hard_refit,digits,0,13,103,2.293470273958519,0.66,0.18,4.922798936631945,300.45743055555556,,,,1.0,3,0.2544779069721699
block_hard_refit,digits,0,14,104,2.3131084281485528,0.6822222222222222,0.18444444444444444,4.524116753472223,280.6540972222222,,,,1.0,3,0.274116070009768
block_hard_refit,digits,0,15,105,2.3325665700249374,0.6688888888888889,0.18666666666666668,4.580196940104167,287.9930729166667,,,,1.0,3,0.29357423004694283
block_hard_refit,digits,0,16,106,2.352004408137873,0.6666666666666666,0.18888888888888888,4.616813151041667,288.22274305555555,,,,1.0,3,0.3130120290443301
block_hard_refit,digits,0,17,107,2.3714217711240053,0.6933333333333334,0.19333333333333333,3.859035915798611,289.9942361111111,,,,1.0,3,0.33242942695505917
block_hard_refit,digits,0,18,108,2.3909195410087705,0.6577777777777778,0.15333333333333332,4.288839789496528,328.39152777777775,,,,1.0,3,0.35192725202068686
block_hard_refit,digits,0,19,109,2.410385897150263,0.6422222222222222,0.16,4.380884602864583,335.05833333333334,,,,1.0,3,0.3713935581035912
block_hard_refit,digits,0,20,110,2.429793348070234,0.6755555555555556,0.1622222222222222,3.7505121527777776,335.0592361111111,,,,1.0,3,0.3908010059967637
block_hard_refit,digits,0,21,111,2.4492558559868485,0.6577777777777778,0.2,3.677801106770833,295.81118055555555,,,,1.0,3,0.4102635169401765
block_hard_refit,digits,0,22,112,2.4686814839951694,0.6844444444444444,0.2,3.4350330946180554,295.81118055555555,,,,1.0,3,0.42968907090835273
block_hard_refit,digits,0,23,113,2.4881274660583586,0.6666666666666666,0.2,3.43051025390625,285.8111979166667,,,,1.0,3,0.4491350860334933
block_hard_refit,digits,0,24,114,2.5076082430314273,0.6688888888888889,0.20444444444444446,3.2610517035590276,292.7164236111111,,,,1.0,3,0.46861599502153695
block_hard_refit,digits,0,25,115,2.5270311429630965,0.6955555555555556,0.20444444444444446,2.9947669813368054,302.7163888888889,,,,1.0,3,0.48803880508057773
block_hard_refit,digits,0,26,116,2.5464557439554483,0.6933333333333334,0.2,2.8836021592881944,297.5889583333333,,,,1.0,3,0.5074633590411395
block_hard_refit,digits,0,27,117,2.565949023934081,0.6666666666666666,0.2,3.1751947699652776,305.81118055555555,,,,1.0,3,0.5269566460046917
block_hard_refit,digits,0,28,118,2.585459108930081,0.6888888888888889,0.16,3.04911376953125,380.36649305555557,,,,1.0,3,0.5464667750056833
block_hard_refit,digits,0,29,119,2.604905887041241,0.6911111111111111,0.15555555555555556,2.868955078125,383.71947916666664,,,,1.0,3,0.5659135170280933
block_hard_refit,digits,0,30,120,2.624484453117475,0.7044444444444444,0.1688888888888889,2.5475341796875,351.75090277777775,,,,1.0,3,0.5854921240825206
block_hard_task_refit,digits,0,1,1,0.02385038696229458,0.17555555555555555,0.08,51.57795572916667,327.3890625,,,,1.0,0,0.023436541901901364
block_hard_task_refit,digits,0,2,2,0.046610448975116014,0.38222222222222224,0.13555555555555557,30.497601996527777,286.68456597222223,,,,1.0,0,0.04619674594141543
block_hard_task_refit,digits,0,3,3,0.0690006020013243,0.5222222222222223,0.18666666666666668,20.172799479166667,246.2453125,,,,1.0,0,0.06858675694093108
block_hard_task_refit,digits,0,4,4,0.09113238984718919,0.6,0.20222222222222222,15.775746527777779,214.48930555555555,,,,1.0,0,0.09071861882694066
block_hard_task_refit,digits,0,5,5,0.11353217391297221,0.6577777777777778,0.28888888888888886,12.093918185763888,169.59986111111112,,,,1.0,0,0.11311834794469178
block_hard_task_refit,digits,0,6,6,0.1358884498476982,0.7044444444444444,0.24888888888888888,10.006854383680556,179.57555555555555,,,,1.0,0,0.1354746320284903
block_hard_task_refit,digits,0,7,7,0.15821613185107708,0.7,0.31777777777777777,8.349427625868056,145.81690972222222,,,,1.0,0,0.15780228492803872
block_hard_task_refit,digits,0,8,8,0.18037333898246288,0.74,0.29777777777777775,7.320696072048611,139.20149305555555,,,,1.0,0,0.17995956586673856
block_hard_task_refit,digits,0,9,9,0.20263552898541093,0.7466666666666667,0.28,6.487917751736111,142.30440972222223,,,,1.0,0,0.20222174399532378
block_hard_task_refit,digits,0,10,10,0.2247120258398354,0.7622222222222222,0.3288888888888889,5.687088216145833,116.78625868055556,,,,1.0,0,0.22429813793860376
block_hard_task_refit,digits,0,11,11,0.24706407985650003,0.7666666666666667,0.30444444444444446,5.334261610243056,139.19809027777777,,,,1.0,0,0.24665028299205005
block_hard_task_refit,digits,0,12,12,0.26962892385199666,0.7955555555555556,0.28888888888888886,4.912749565972222,138.07505208333333,,,,1.0,0,0.2692150939255953
block_hard_task_refit,digits,0,13,13,0.2917260229587555,0.7866666666666666,0.27555555555555555,4.690671657986111,174.2396875,,,,1.0,0,0.29131211596541107
block_hard_task_refit,digits,0,14,14,0.3140015590470284,0.7955555555555556,0.2577777777777778,4.4859619140625,152.94460069444443,,,,1.0,0,0.31358777405694127
block_hard_task_refit,digits,0,15,15,0.33604752202518284,0.8088888888888889,0.28444444444444444,4.015559624565972,145.37828125,,,,1.0,0,0.3356337519362569
block_hard_task_refit,digits,0,16,16,0.3585013449192047,0.8066666666666666,0.3511111111111111,4.065995279947916,136.9149826388889,,,,1.0,0,0.35808756691403687
block_hard_task_refit,digits,0,17,17,0.38074896903708577,0.82,0.28444444444444444,3.81750244140625,149.191875,,,,1.0,0,0.38033507484942675
block_hard_task_refit,digits,0,18,18,0.40322348894551396,0.8,0.3,3.738509114583333,147.8437847222222,,,,1.0,0,0.4028096639085561
block_hard_task_refit,digits,0,19,19,0.42541708098724484,0.8133333333333334,0.3111111111111111,3.5538416883680557,152.7095486111111,,,,1.0,0,0.4250033190473914
block_hard_task_refit,digits,0,20,20,0.44764064089395106,0.8355555555555556,0.28,3.3594376627604166,183.82746527777778,,,,1.0,0,0.44722685287706554
block_hard_task_refit,digits,0,21,21,0.47015154198743403,0.8355555555555556,0.29333333333333333,3.300627712673611,183.84595486111112,,,,1.0,0,0.46973780798725784
block_hard_task_refit,digits,0,22,22,0.4924672779161483,0.8333333333333334,0.29333333333333333,3.287886284722222,180.06817708333332,,,,1.0,0,0.49205349502153695
block_hard_task_refit,digits,0,23,23,0.5149591979570687,0.8488888888888889,0.26666666666666666,3.002651909722222,176.06572916666667,,,,1.0,0,0.514545378042385
block_hard_task_refit,digits,0,24,24,0.5372496228665113,0.8444444444444444,0.2911111111111111,3.023327365451389,166.2967013888889,,,,1.0,0,0.5368358320556581
block_hard_task_refit,digits,0,25,25,0.5594887149054557,0.8422222222222222,0.22,2.992306586371528,193.37956597222222,,,,1.0,0,0.5590748670510948
block_hard_task_refit,digits,0,26,26,0.5816682789009064,0.8355555555555556,0.20666666666666667,3.270143771701389,178.04340277777777,,,,1.0,0,0.5812544438522309
block_hard_task_refit,digits,0,27,27,0.6041246789973229,0.8444444444444444,0.22,2.875247124565972,175.83534722222223,,,,1.0,0,0.6037108600139618
block_hard_task_refit,digits,0,28,28,0.6265203519724309,0.8422222222222222,0.22,2.7570475260416667,185.8295486111111,,,,1.0,0,0.6261065679136664
block_hard_task_refit,digits,0,29,29,0.6488116439431906,0.8533333333333334,0.21555555555555556,2.65912109375,196.9220659722222,,,,1.0,0,0.6483978808391839
block_hard_task_refit,digits,0,30,30,0.6711194948293269,0.8266666666666667,0.20444444444444446,2.8924842664930557,199.12678819444446,,,,1.0,0,0.670705677010119
block_hard_task_refit,digits,0,1,31,1.1867460398934782,0.24666666666666667,0.12,47.30213107638889,375.4240972222222,,,,1.0,1,0.02039995207451284
block_hard_task_refit,digits,0,2,32,1.2062993929721415,0.27555555555555555,0.11555555555555555,31.253075086805556,354.53788194444445,,,,1.0,1,0.039953334955498576
block_hard_task_refit,digits,0,3,33,1.225774436024949,0.4,0.13111111111111112,20.60797092013889,352.76375,,,,1.0,1,0.0594283570535481
block_hard_task_refit,digits,0,4,34,1.2452533398754895,0.5222222222222223,0.12444444444444444,15.7298828125,334.32197916666667,,,,1.0,1,0.07890720898285508
block_hard_task_refit,digits,0,5,35,1.2647406910546124,0.5622222222222222,0.1111111111111111,11.476332465277778,331.87625,,,,1.0,1,0.09839457995258272
block_hard_task_refit,digits,0,6,36,1.2842131168581545,0.6155555555555555,0.10444444444444445,9.92564236111111,354.0753472222222,,,,1.0,1,0.11786708910949528
block_hard_task_refit,digits,0,7,37,1.3036555780563504,0.64,0.1,8.870962999131944,384.71930555555554,,,,1.0,1,0.13730940804816782
block_hard_task_refit,digits,0,8,38,1.32304005487822,0.6555555555555556,0.1,7.705135633680555,396.27486111111114,,,,1.0,1,0.15669399499893188
block_hard_task_refit,digits,0,9,39,1.3425280759111047,0.68,0.10888888888888888,6.963243815104167,375.1956944444444,,,,1.0,1,0.17618198110722005
block_hard_task_refit,digits,0,10,40,1.3619907279498875,0.68,0.10888888888888888,6.139916449652778,367.4194444444444,,,,1.0,1,0.1956446471158415
block_hard_task_refit,digits,0,11,41,1.3813719749450684,0.6866666666666666,0.10888888888888888,5.775075954861111,373.19131944444445,,,,1.0,1,0.21502587012946606
block_hard_task_refit,digits,0,12,42,1.400847643846646,0.6955555555555556,0.1,5.638605143229166,375.8333333333333,,,,1.0,1,0.23450161912478507
block_hard_task_refit,digits,0,13,43,1.4203244079835713,0.7177777777777777,0.10444444444444445,5.104768880208334,350.7316319444444,,,,1.0,1,0.25397835904732347
block_hard_task_refit,digits,0,14,44,1.4399357449728996,0.6888888888888889,0.1,5.149471571180555,374.9226388888889,,,,1.0,1,0.27358970092609525
block_hard_task_refit,digits,0,15,45,1.4593758168630302,0.7311111111111112,0.10888888888888888,4.578586154513889,364.099375,,,,1.0,1,0.2930297760758549
block_hard_task_refit,digits,0,16,46,1.4788984858896583,0.7355555555555555,0.10888888888888888,4.332908799913194,374.099375,,,,1.0,1,0.31255247606895864
block_hard_task_refit,digits,0,17,47,1.498519565910101,0.7533333333333333,0.10888888888888888,4.147040201822917,365.43361111111113,,,,1.0,1,0.33217340614646673
block_hard_task_refit,digits,0,18,48,1.5179000210482627,0.74,0.10888888888888888,4.16321044921875,365.43361111111113,,,,1.0,1,0.3515539290383458
block_hard_task_refit,digits,0,19,49,1.5373289328999817,0.7311111111111112,0.10888888888888888,3.83810546875,357.66263888888886,,,,1.0,1,0.3709828939754516
block_hard_task_refit,digits,0,20,50,1.556800298858434,0.7533333333333333,0.10666666666666667,3.601587727864583,368.73319444444445,,,,1.0,1,0.3904542149975896
block_hard_task_refit,digits,0,21,51,1.576229598838836,0.7466666666666667,0.10666666666666667,3.691666666666667,371.6297916666667,,,,1.0,1,0.4098834570031613
block_hard_task_refit,digits,0,22,52,1.595681258942932,0.7555555555555555,0.10666666666666667,3.3884600151909723,374.2878125,,,,1.0,1,0.4293351441156119
block_hard_task_refit,digits,0,23,53,1.6151127468328923,0.7711111111111111,0.10666666666666667,3.3816427951388888,354.95538194444447,,,,1.0,1,0.4487666981294751
block_hard_task_refit,digits,0,24,54,1.6345534909050912,0.7444444444444445,0.10666666666666667,3.50080810546875,348.7393055555556,,,,1.0,1,0.468207387952134
block_hard_task_refit,digits,0,25,55,1.6541662530507892,0.7511111111111111,0.10666666666666667,3.291856011284722,348.2939930555556,,,,1.0,1,0.487820154055953
block_hard_task_refit,digits,0,26,56,1.67351307393983,0.7355555555555555,0.10666666666666667,3.0337703450520834,358.2939930555556,,,,1.0,1,0.507166963070631
block_hard_task_refit,digits,0,27,57,1.6929600860457867,0.7577777777777778,0.10888888888888888,3.0153526475694443,330.54381944444447,,,,1.0,1,0.5266139779705554
block_hard_task_refit,digits,0,28,58,1.7125605749897659,0.7755555555555556,0.11333333333333333,2.9557313368055556,321.899375,,,,1.0,1,0.546214482979849
block_hard_task_refit,digits,0,29,59,1.7321567879989743,0.7577777777777778,0.11333333333333333,3.070928548177083,313.899375,,,,1.0,1,0.5658106580376625
block_hard_task_refit,digits,0,30,60,1.751606761943549,0.78,0.11555555555555555,2.8548882378472222,338.78027777777777,,,,1.0,1,0.5852606180123985
block_hard_task_refit,digits,0,1,61,2.2772925009485334,0.11555555555555555,0.08888888888888889,59.57296006944444,322.4900347222222,,,,1.0,2,0.020821851212531328
block_hard_task_refit,digits,0,2,62,2.298290764912963,0.16444444444444445,0.08444444444444445,40.976970486111114,261.4313020833333,,,,1.0,2,0.041820110054686666
block_hard_task_refit,digits,0,3,63,2.3192530849482864,0.29333333333333333,0.1288888888888889,30.23423828125,233.20625,,,,1.0,2,0.06278250506147742
block_hard_task_refit,digits,0,4,64,2.340406775008887,0.35777777777777775,0.14888888888888888,22.147254774305555,228.5284375,,,,1.0,2,0.08393611013889313
block_hard_task_refit,digits,0,5,65,2.3614605928305537,0.37555555555555553,0.14888888888888888,17.353238932291667,238.31414930555556,,,,1.0,2,0.1049899400677532
block_hard_task_refit,digits,0,6,66,2.3824617988429964,0.4288888888888889,0.1711111111111111,12.401286892361112,224.55772569444446,,,,1.0,2,0.12599115213379264
block_hard_task_refit,digits,0,7,67,2.4036496698390692,0.5288888888888889,0.1688888888888889,9.193567708333333,227.8790972222222,,,,1.0,2,0.14717903011478484
block_hard_task_refit,digits,0,8,68,2.4239264680072665,0.58,0.1711111111111111,6.9643386501736115,215.6740625,,,,1.0,2,0.16745579801499844
block_hard_task_refit,digits,0,9,69,2.4437020239420235,0.6111111111111112,0.18444444444444444,5.9317046440972225,224.97505208333334,,,,1.0,2,0.18723136209882796
block_hard_task_refit,digits,0,10,70,2.463335550855845,0.6333333333333333,0.18444444444444444,5.082044270833333,214.9765972222222,,,,1.0,2,0.2068649351131171
block_hard_task_refit,digits,0,11,71,2.48306165705435,0.6511111111111111,0.17777777777777778,4.983765733506944,223.42940972222223,,,,1.0,2,0.22659100219607353
block_hard_task_refit,digits,0,12,72,2.5027034268714488,0.6577777777777778,0.1622222222222222,4.124831000434027,238.28746527777778,,,,1.0,2,0.24623277108184993
block_hard_task_refit,digits,0,13,73,2.522360702045262,0.6711111111111111,0.1622222222222222,3.6654296875,229.22647569444445,,,,1.0,2,0.2658899831585586
block_hard_task_refit,digits,0,14,74,2.5457645340356976,0.6622222222222223,0.2,3.791365017361111,211.7434201388889,,,,1.0,2,0.2892939711455256
block_hard_task_refit,digits,0,15,75,2.5694458370562643,0.6733333333333333,0.20222222222222222,3.4808837890625,227.92067708333335,,,,1.0,2,0.3129752781242132
block_hard_task_refit,digits,0,16,76,2.592307945014909,0.6911111111111111,0.2,2.863074001736111,221.7396875,,,,1.0,2,0.3358371830545366
block_hard_task_refit,digits,0,17,77,2.613498948980123,0.6688888888888889,0.20222222222222222,2.9291273328993057,214.58734375,,,,1.0,2,0.35702826804481447
block_hard_task_refit,digits,0,18,78,2.634450227022171,0.68,0.18,2.761693793402778,221.2920486111111,,,,1.0,2,0.37797954701818526
block_hard_task_refit,digits,0,19,79,2.6554075388703495,0.6888888888888889,0.18,2.6692933485243056,221.2920486111111,,,,1.0,2,0.3989370500203222
block_hard_task_refit,digits,0,20,80,2.6763991869520396,0.7,0.19555555555555557,2.37013671875,216.60819444444445,,,,1.0,2,0.41992851300165057
block_hard_task_refit,digits,0,21,81,2.697315286844969,0.6822222222222222,0.2,2.2858515082465276,219.24930555555557,,,,1.0,2,0.4408445442095399
block_hard_task_refit,digits,0,22,82,2.718286989023909,0.6644444444444444,0.2088888888888889,2.626792534722222,232.13380208333334,,,,1.0,2,0.46181630715727806
block_hard_task_refit,digits,0,23,83,2.7392243980430067,0.7444444444444445,0.15555555555555556,1.8114246961805556,216.58789930555557,,,,1.0,2,0.48275373317301273
block_hard_task_refit,digits,0,24,84,2.760159282013774,0.7444444444444445,0.1688888888888889,1.7705357530381944,219.48770833333333,,,,1.0,2,0.5036886651068926
block_hard_task_refit,digits,0,25,85,2.7808946368750185,0.7044444444444444,0.1622222222222222,2.2033909776475693,285.13321180555556,,,,1.0,2,0.5244239040184766
block_hard_task_refit,digits,0,26,86,2.802090140990913,0.7244444444444444,0.15333333333333332,1.7713994683159722,215.47833333333332,,,,1.0,2,0.5456195080187172
block_hard_task_refit,digits,0,27,87,2.82307555899024,0.74,0.19777777777777777,1.6540882703993056,196.40029513888888,,,,1.0,2,0.5666049150750041
block_hard_task_refit,digits,0,28,88,2.8440169380046427,0.7333333333333333,0.1688888888888889,1.6985880533854167,271.57909722222223,,,,1.0,2,0.5875462561380118
block_hard_task_refit,digits,0,29,89,2.865211594849825,0.7311111111111112,0.14666666666666667,1.5719650607638889,283.1178125,,,,1.0,2,0.6087409050669521
block_hard_task_refit,digits,0,30,90,2.88615530799143,0.7377777777777778,0.1688888888888889,1.4192591688368055,270.90960069444446,,,,1.0,2,0.6296846671029925
block_hard_task_refit,digits,0,1,91,3.420346987899393,0.13777777777777778,0.14,36.598255208333335,280.21887152777776,,,,1.0,3,0.02122241910547018
block_hard_task_refit,digits,0,2,92,3.4411991499364376,0.13333333333333333,0.14,30.842248263888887,272.01194444444445,,,,1.0,3,0.042074618162587285
block_hard_task_refit,digits,0,3,93,3.462089757900685,0.16,0.14,21.393645833333334,271.7897222222222,,,,1.0,3,0.0629652391653508
block_hard_task_refit,digits,0,4,94,3.482946719042957,0.18666666666666668,0.14,14.93341796875,271.7897222222222,,,,1.0,3,0.08382216212339699
block_hard_task_refit,digits,0,5,95,3.503804371925071,0.26222222222222225,0.14,11.106338975694445,272.46975694444444,,,,1.0,3,0.10467980103567243
block_hard_task_refit,digits,0,6,96,3.5246913619339466,0.31777777777777777,0.1711111111111111,8.49407986111111,288.50347222222223,,,,1.0,3,0.1255668110679835
block_hard_task_refit,digits,0,7,97,3.545489609008655,0.3022222222222222,0.1688888888888889,6.599291449652778,281.1670486111111,,,,1.0,3,0.14636502414941788
block_hard_task_refit,digits,0,8,98,3.5663351889234036,0.3844444444444444,0.18,5.478135850694445,281.1698611111111,,,,1.0,3,0.16721066809259355
block_hard_task_refit,digits,0,9,99,3.58733521704562,0.3333333333333333,0.18,4.588475477430555,285.39208333333335,,,,1.0,3,0.1882106999401003
block_hard_task_refit,digits,0,10,100,3.6082319780252874,0.43777777777777777,0.18,4.066920030381945,283.6143055555556,,,,1.0,3,0.2091073920018971
block_hard_task_refit,digits,0,11,101,3.629299242980778,0.5044444444444445,0.1711111111111111,3.5870030381944447,289.8328125,,,,1.0,3,0.2301746599841863
block_hard_task_refit,digits,0,12,102,3.650095404824242,0.4288888888888889,0.1711111111111111,3.2711265733506942,294.055,,,,1.0,3,0.250970863038674
block_hard_task_refit,digits,0,13,103,3.6708613238297403,0.4533333333333333,0.1711111111111111,3.515488009982639,294.055,,,,1.0,3,0.2717367911245674
block_hard_task_refit,digits,0,14,104,3.6918367948383093,0.44,0.1711111111111111,3.145202094184028,294.055,,,,1.0,3,0.2927123459521681
block_hard_task_refit,digits,0,15,105,3.7126516548451036,0.4777777777777778,0.18,3.0428209092881944,285.18118055555556,,,,1.0,3,0.3135270681232214
block_hard_task_refit,digits,0,16,106,3.733392470050603,0.4444444444444444,0.1688888888888889,2.889697808159722,291.4003125,,,,1.0,3,0.3342678779736161
block_hard_task_refit,digits,0,17,107,3.75419579888694,0.4777777777777778,0.1688888888888889,3.0786515299479165,291.4003125,,,,1.0,3,0.35507124615833163
block_hard_task_refit,digits,0,18,108,3.775059155886993,0.44,0.1688888888888889,3.1911878797743056,287.17809027777776,,,,1.0,3,0.37593462294898927
block_hard_task_refit,digits,0,19,109,3.7958805279340595,0.42,0.18,3.8445399305555554,285.18118055555556,,,,1.0,3,0.3967559370212257
block_hard_task_refit,digits,0,20,110,3.8167437938973308,0.41555555555555557,0.18222222222222223,3.310308159722222,284.7502083333333,,,,1.0,3,0.41761928400956094
block_hard_task_refit,digits,0,21,111,3.8374644129071385,0.4288888888888889,0.1711111111111111,3.13798828125,286.7471180555556,,,,1.0,3,0.43833980709314346
block_hard_task_refit,digits,0,22,112,3.8582608439028263,0.5111111111111111,0.1711111111111111,3.1745100911458333,286.7471180555556,,,,1.0,3,0.4591362839564681
block_hard_task_refit,digits,0,23,113,3.879061672836542,0.4777777777777778,0.1711111111111111,2.99078369140625,290.9693402777778,,,,1.0,3,0.479937138967216
block_hard_task_refit,digits,0,24,114,3.8998895490076393,0.4311111111111111,0.1711111111111111,3.586500922309028,290.9693402777778,,,,1.0,3,0.5007649720646441
block_hard_task_refit,digits,0,25,115,3.9209693539887667,0.41555555555555557,0.1711111111111111,3.235163302951389,290.9693402777778,,,,1.0,3,0.5218448110390455
block_hard_task_refit,digits,0,26,116,3.941700337920338,0.43555555555555553,0.1711111111111111,2.9553526475694443,286.7471180555556,,,,1.0,3,0.542575784958899
block_hard_task_refit,digits,0,27,117,3.9625104409642518,0.44222222222222224,0.1711111111111111,2.6531190321180556,276.5249131944444,,,,1.0,3,0.563385863089934
block_hard_task_refit,digits,0,28,118,3.9833349909167737,0.48444444444444446,0.1711111111111111,2.625604654947917,280.74713541666665,,,,1.0,3,0.5842104549519718
block_hard_task_refit,digits,0,29,119,4.004273731028661,0.4822222222222222,0.18222222222222223,2.601238064236111,284.08355902777777,,,,1.0,3,0.6051492269616574
block_hard_task_refit,digits,0,30,120,4.025011637946591,0.4866666666666667,0.1711111111111111,2.517509765625,286.08046875,,,,1.0,3,0.6258870181627572
